[
	{
		"area_id": 4,
		"id": 1,
		"name": {
			"en_US": "Diputación del Distrito Federal 1 de AGUASCALIENTES"
		}
	},
	{
		"area_id": 9,
		"id": 2,
		"name": {
			"en_US": "Diputación del Distrito Federal 1 de BAJA CALIFORNIA"
		}
	},
	{
		"area_id": 18,
		"id": 3,
		"name": {
			"en_US": "Diputación del Distrito Federal 1 de BAJA CALIFORNIA SUR"
		}
	},
	{
		"area_id": 36,
		"id": 4,
		"name": {
			"en_US": "Diputación del Distrito Federal 1 de CAMPECHE"
		}
	},
	{
		"area_id": 50,
		"id": 5,
		"name": {
			"en_US": "Diputación del Distrito Federal 1 de CHIAPAS"
		}
	},
	{
		"area_id": 23,
		"id": 6,
		"name": {
			"en_US": "Diputación del Distrito Federal 1 de CHIHUAHUA"
		}
	},
	{
		"area_id": 80,
		"id": 7,
		"name": {
			"en_US": "Diputación del Distrito Federal 1 de CIUDAD DE MÉXICO"
		}
	},
	{
		"area_id": 41,
		"id": 8,
		"name": {
			"en_US": "Diputación del Distrito Federal 1 de COAHUILA DE ZARAGOZA"
		}
	},
	{
		"area_id": 33,
		"id": 9,
		"name": {
			"en_US": "Diputación del Distrito Federal 1 de COLIMA"
		}
	},
	{
		"area_id": 105,
		"id": 10,
		"name": {
			"en_US": "Diputación del Distrito Federal 1 de DURANGO"
		}
	},
	{
		"area_id": 121,
		"id": 11,
		"name": {
			"en_US": "Diputación del Distrito Federal 1 de ESTADO DE MÉXICO"
		}
	},
	{
		"area_id": 174,
		"id": 12,
		"name": {
			"en_US": "Diputación del Distrito Federal 1 de GUANAJUATO"
		}
	},
	{
		"area_id": 164,
		"id": 13,
		"name": {
			"en_US": "Diputación del Distrito Federal 1 de GUERRERO"
		}
	},
	{
		"area_id": 190,
		"id": 14,
		"name": {
			"en_US": "Diputación del Distrito Federal 1 de HIDALGO"
		}
	},
	{
		"area_id": 198,
		"id": 15,
		"name": {
			"en_US": "Diputación del Distrito Federal 1 de JALISCO"
		}
	},
	{
		"area_id": 220,
		"id": 16,
		"name": {
			"en_US": "Diputación del Distrito Federal 1 de MICHOACÁN DE OCAMPO"
		}
	},
	{
		"area_id": 233,
		"id": 17,
		"name": {
			"en_US": "Diputación del Distrito Federal 1 de MORELOS"
		}
	},
	{
		"area_id": 240,
		"id": 18,
		"name": {
			"en_US": "Diputación del Distrito Federal 1 de NAYARIT"
		}
	},
	{
		"area_id": 245,
		"id": 19,
		"name": {
			"en_US": "Diputación del Distrito Federal 1 de NUEVO LEÓN"
		}
	},
	{
		"area_id": 258,
		"id": 20,
		"name": {
			"en_US": "Diputación del Distrito Federal 1 de OAXACA"
		}
	},
	{
		"area_id": 269,
		"id": 21,
		"name": {
			"en_US": "Diputación del Distrito Federal 1 de PUEBLA"
		}
	},
	{
		"area_id": 291,
		"id": 22,
		"name": {
			"en_US": "Diputación del Distrito Federal 1 de QUERÉTARO"
		}
	},
	{
		"area_id": 285,
		"id": 23,
		"name": {
			"en_US": "Diputación del Distrito Federal 1 de QUINTANA ROO"
		}
	},
	{
		"area_id": 307,
		"id": 24,
		"name": {
			"en_US": "Diputación del Distrito Federal 1 de SAN LUIS POTOSÍ"
		}
	},
	{
		"area_id": 298,
		"id": 25,
		"name": {
			"en_US": "Diputación del Distrito Federal 1 de SINALOA"
		}
	},
	{
		"area_id": 316,
		"id": 26,
		"name": {
			"en_US": "Diputación del Distrito Federal 1 de SONORA"
		}
	},
	{
		"area_id": 324,
		"id": 27,
		"name": {
			"en_US": "Diputación del Distrito Federal 1 de TABASCO"
		}
	},
	{
		"area_id": 335,
		"id": 28,
		"name": {
			"en_US": "Diputación del Distrito Federal 1 de TAMAULIPAS"
		}
	},
	{
		"area_id": 331,
		"id": 29,
		"name": {
			"en_US": "Diputación del Distrito Federal 1 de TLAXCALA"
		}
	},
	{
		"area_id": 345,
		"id": 30,
		"name": {
			"en_US": "Diputación del Distrito Federal 1 de VERACRUZ DE IGNACIO DE LA LLAVE"
		}
	},
	{
		"area_id": 366,
		"id": 31,
		"name": {
			"en_US": "Diputación del Distrito Federal 1 de YUCATÁN"
		}
	},
	{
		"area_id": 372,
		"id": 32,
		"name": {
			"en_US": "Diputación del Distrito Federal 1 de ZACATECAS"
		}
	},
	{
		"area_id": 51,
		"id": 33,
		"name": {
			"en_US": "Diputación del Distrito Federal 10 de CHIAPAS"
		}
	},
	{
		"area_id": 81,
		"id": 34,
		"name": {
			"en_US": "Diputación del Distrito Federal 10 de CIUDAD DE MÉXICO"
		}
	},
	{
		"area_id": 122,
		"id": 35,
		"name": {
			"en_US": "Diputación del Distrito Federal 10 de ESTADO DE MÉXICO"
		}
	},
	{
		"area_id": 175,
		"id": 36,
		"name": {
			"en_US": "Diputación del Distrito Federal 10 de GUANAJUATO"
		}
	},
	{
		"area_id": 199,
		"id": 37,
		"name": {
			"en_US": "Diputación del Distrito Federal 10 de JALISCO"
		}
	},
	{
		"area_id": 221,
		"id": 38,
		"name": {
			"en_US": "Diputación del Distrito Federal 10 de MICHOACÁN DE OCAMPO"
		}
	},
	{
		"area_id": 246,
		"id": 39,
		"name": {
			"en_US": "Diputación del Distrito Federal 10 de NUEVO LEÓN"
		}
	},
	{
		"area_id": 259,
		"id": 40,
		"name": {
			"en_US": "Diputación del Distrito Federal 10 de OAXACA"
		}
	},
	{
		"area_id": 270,
		"id": 41,
		"name": {
			"en_US": "Diputación del Distrito Federal 10 de PUEBLA"
		}
	},
	{
		"area_id": 346,
		"id": 42,
		"name": {
			"en_US": "Diputación del Distrito Federal 10 de VERACRUZ DE IGNACIO DE LA LLAVE"
		}
	},
	{
		"area_id": 52,
		"id": 43,
		"name": {
			"en_US": "Diputación del Distrito Federal 11 de CHIAPAS"
		}
	},
	{
		"area_id": 82,
		"id": 44,
		"name": {
			"en_US": "Diputación del Distrito Federal 11 de CIUDAD DE MÉXICO"
		}
	},
	{
		"area_id": 123,
		"id": 45,
		"name": {
			"en_US": "Diputación del Distrito Federal 11 de ESTADO DE MÉXICO"
		}
	},
	{
		"area_id": 176,
		"id": 46,
		"name": {
			"en_US": "Diputación del Distrito Federal 11 de GUANAJUATO"
		}
	},
	{
		"area_id": 200,
		"id": 47,
		"name": {
			"en_US": "Diputación del Distrito Federal 11 de JALISCO"
		}
	},
	{
		"area_id": 222,
		"id": 48,
		"name": {
			"en_US": "Diputación del Distrito Federal 11 de MICHOACÁN DE OCAMPO"
		}
	},
	{
		"area_id": 247,
		"id": 49,
		"name": {
			"en_US": "Diputación del Distrito Federal 11 de NUEVO LEÓN"
		}
	},
	{
		"area_id": 271,
		"id": 50,
		"name": {
			"en_US": "Diputación del Distrito Federal 11 de PUEBLA"
		}
	},
	{
		"area_id": 347,
		"id": 51,
		"name": {
			"en_US": "Diputación del Distrito Federal 11 de VERACRUZ DE IGNACIO DE LA LLAVE"
		}
	},
	{
		"area_id": 53,
		"id": 52,
		"name": {
			"en_US": "Diputación del Distrito Federal 12 de CHIAPAS"
		}
	},
	{
		"area_id": 83,
		"id": 53,
		"name": {
			"en_US": "Diputación del Distrito Federal 12 de CIUDAD DE MÉXICO"
		}
	},
	{
		"area_id": 124,
		"id": 54,
		"name": {
			"en_US": "Diputación del Distrito Federal 12 de ESTADO DE MÉXICO"
		}
	},
	{
		"area_id": 177,
		"id": 55,
		"name": {
			"en_US": "Diputación del Distrito Federal 12 de GUANAJUATO"
		}
	},
	{
		"area_id": 201,
		"id": 56,
		"name": {
			"en_US": "Diputación del Distrito Federal 12 de JALISCO"
		}
	},
	{
		"area_id": 223,
		"id": 57,
		"name": {
			"en_US": "Diputación del Distrito Federal 12 de MICHOACÁN DE OCAMPO"
		}
	},
	{
		"area_id": 248,
		"id": 58,
		"name": {
			"en_US": "Diputación del Distrito Federal 12 de NUEVO LEÓN"
		}
	},
	{
		"area_id": 272,
		"id": 59,
		"name": {
			"en_US": "Diputación del Distrito Federal 12 de PUEBLA"
		}
	},
	{
		"area_id": 348,
		"id": 60,
		"name": {
			"en_US": "Diputación del Distrito Federal 12 de VERACRUZ DE IGNACIO DE LA LLAVE"
		}
	},
	{
		"area_id": 54,
		"id": 61,
		"name": {
			"en_US": "Diputación del Distrito Federal 13 de CHIAPAS"
		}
	},
	{
		"area_id": 84,
		"id": 62,
		"name": {
			"en_US": "Diputación del Distrito Federal 13 de CIUDAD DE MÉXICO"
		}
	},
	{
		"area_id": 125,
		"id": 63,
		"name": {
			"en_US": "Diputación del Distrito Federal 13 de ESTADO DE MÉXICO"
		}
	},
	{
		"area_id": 178,
		"id": 64,
		"name": {
			"en_US": "Diputación del Distrito Federal 13 de GUANAJUATO"
		}
	},
	{
		"area_id": 202,
		"id": 65,
		"name": {
			"en_US": "Diputación del Distrito Federal 13 de JALISCO"
		}
	},
	{
		"area_id": 273,
		"id": 66,
		"name": {
			"en_US": "Diputación del Distrito Federal 13 de PUEBLA"
		}
	},
	{
		"area_id": 349,
		"id": 67,
		"name": {
			"en_US": "Diputación del Distrito Federal 13 de VERACRUZ DE IGNACIO DE LA LLAVE"
		}
	},
	{
		"area_id": 85,
		"id": 68,
		"name": {
			"en_US": "Diputación del Distrito Federal 14 de CIUDAD DE MÉXICO"
		}
	},
	{
		"area_id": 126,
		"id": 69,
		"name": {
			"en_US": "Diputación del Distrito Federal 14 de ESTADO DE MÉXICO"
		}
	},
	{
		"area_id": 179,
		"id": 70,
		"name": {
			"en_US": "Diputación del Distrito Federal 14 de GUANAJUATO"
		}
	},
	{
		"area_id": 203,
		"id": 71,
		"name": {
			"en_US": "Diputación del Distrito Federal 14 de JALISCO"
		}
	},
	{
		"area_id": 274,
		"id": 72,
		"name": {
			"en_US": "Diputación del Distrito Federal 14 de PUEBLA"
		}
	},
	{
		"area_id": 350,
		"id": 73,
		"name": {
			"en_US": "Diputación del Distrito Federal 14 de VERACRUZ DE IGNACIO DE LA LLAVE"
		}
	},
	{
		"area_id": 86,
		"id": 74,
		"name": {
			"en_US": "Diputación del Distrito Federal 15 de CIUDAD DE MÉXICO"
		}
	},
	{
		"area_id": 127,
		"id": 75,
		"name": {
			"en_US": "Diputación del Distrito Federal 15 de ESTADO DE MÉXICO"
		}
	},
	{
		"area_id": 180,
		"id": 76,
		"name": {
			"en_US": "Diputación del Distrito Federal 15 de GUANAJUATO"
		}
	},
	{
		"area_id": 204,
		"id": 77,
		"name": {
			"en_US": "Diputación del Distrito Federal 15 de JALISCO"
		}
	},
	{
		"area_id": 275,
		"id": 78,
		"name": {
			"en_US": "Diputación del Distrito Federal 15 de PUEBLA"
		}
	},
	{
		"area_id": 351,
		"id": 79,
		"name": {
			"en_US": "Diputación del Distrito Federal 15 de VERACRUZ DE IGNACIO DE LA LLAVE"
		}
	},
	{
		"area_id": 87,
		"id": 80,
		"name": {
			"en_US": "Diputación del Distrito Federal 16 de CIUDAD DE MÉXICO"
		}
	},
	{
		"area_id": 128,
		"id": 81,
		"name": {
			"en_US": "Diputación del Distrito Federal 16 de ESTADO DE MÉXICO"
		}
	},
	{
		"area_id": 205,
		"id": 82,
		"name": {
			"en_US": "Diputación del Distrito Federal 16 de JALISCO"
		}
	},
	{
		"area_id": 352,
		"id": 83,
		"name": {
			"en_US": "Diputación del Distrito Federal 16 de VERACRUZ DE IGNACIO DE LA LLAVE"
		}
	},
	{
		"area_id": 88,
		"id": 84,
		"name": {
			"en_US": "Diputación del Distrito Federal 17 de CIUDAD DE MÉXICO"
		}
	},
	{
		"area_id": 129,
		"id": 85,
		"name": {
			"en_US": "Diputación del Distrito Federal 17 de ESTADO DE MÉXICO"
		}
	},
	{
		"area_id": 206,
		"id": 86,
		"name": {
			"en_US": "Diputación del Distrito Federal 17 de JALISCO"
		}
	},
	{
		"area_id": 353,
		"id": 87,
		"name": {
			"en_US": "Diputación del Distrito Federal 17 de VERACRUZ DE IGNACIO DE LA LLAVE"
		}
	},
	{
		"area_id": 89,
		"id": 88,
		"name": {
			"en_US": "Diputación del Distrito Federal 18 de CIUDAD DE MÉXICO"
		}
	},
	{
		"area_id": 130,
		"id": 89,
		"name": {
			"en_US": "Diputación del Distrito Federal 18 de ESTADO DE MÉXICO"
		}
	},
	{
		"area_id": 207,
		"id": 90,
		"name": {
			"en_US": "Diputación del Distrito Federal 18 de JALISCO"
		}
	},
	{
		"area_id": 354,
		"id": 91,
		"name": {
			"en_US": "Diputación del Distrito Federal 18 de VERACRUZ DE IGNACIO DE LA LLAVE"
		}
	},
	{
		"area_id": 90,
		"id": 92,
		"name": {
			"en_US": "Diputación del Distrito Federal 19 de CIUDAD DE MÉXICO"
		}
	},
	{
		"area_id": 131,
		"id": 93,
		"name": {
			"en_US": "Diputación del Distrito Federal 19 de ESTADO DE MÉXICO"
		}
	},
	{
		"area_id": 208,
		"id": 94,
		"name": {
			"en_US": "Diputación del Distrito Federal 19 de JALISCO"
		}
	},
	{
		"area_id": 355,
		"id": 95,
		"name": {
			"en_US": "Diputación del Distrito Federal 19 de VERACRUZ DE IGNACIO DE LA LLAVE"
		}
	},
	{
		"area_id": 5,
		"id": 96,
		"name": {
			"en_US": "Diputación del Distrito Federal 2 de AGUASCALIENTES"
		}
	},
	{
		"area_id": 10,
		"id": 97,
		"name": {
			"en_US": "Diputación del Distrito Federal 2 de BAJA CALIFORNIA"
		}
	},
	{
		"area_id": 19,
		"id": 98,
		"name": {
			"en_US": "Diputación del Distrito Federal 2 de BAJA CALIFORNIA SUR"
		}
	},
	{
		"area_id": 37,
		"id": 99,
		"name": {
			"en_US": "Diputación del Distrito Federal 2 de CAMPECHE"
		}
	},
	{
		"area_id": 55,
		"id": 100,
		"name": {
			"en_US": "Diputación del Distrito Federal 2 de CHIAPAS"
		}
	},
	{
		"area_id": 24,
		"id": 101,
		"name": {
			"en_US": "Diputación del Distrito Federal 2 de CHIHUAHUA"
		}
	},
	{
		"area_id": 91,
		"id": 102,
		"name": {
			"en_US": "Diputación del Distrito Federal 2 de CIUDAD DE MÉXICO"
		}
	},
	{
		"area_id": 42,
		"id": 103,
		"name": {
			"en_US": "Diputación del Distrito Federal 2 de COAHUILA DE ZARAGOZA"
		}
	},
	{
		"area_id": 34,
		"id": 104,
		"name": {
			"en_US": "Diputación del Distrito Federal 2 de COLIMA"
		}
	},
	{
		"area_id": 106,
		"id": 105,
		"name": {
			"en_US": "Diputación del Distrito Federal 2 de DURANGO"
		}
	},
	{
		"area_id": 132,
		"id": 106,
		"name": {
			"en_US": "Diputación del Distrito Federal 2 de ESTADO DE MÉXICO"
		}
	},
	{
		"area_id": 181,
		"id": 107,
		"name": {
			"en_US": "Diputación del Distrito Federal 2 de GUANAJUATO"
		}
	},
	{
		"area_id": 165,
		"id": 108,
		"name": {
			"en_US": "Diputación del Distrito Federal 2 de GUERRERO"
		}
	},
	{
		"area_id": 191,
		"id": 109,
		"name": {
			"en_US": "Diputación del Distrito Federal 2 de HIDALGO"
		}
	},
	{
		"area_id": 209,
		"id": 110,
		"name": {
			"en_US": "Diputación del Distrito Federal 2 de JALISCO"
		}
	},
	{
		"area_id": 224,
		"id": 111,
		"name": {
			"en_US": "Diputación del Distrito Federal 2 de MICHOACÁN DE OCAMPO"
		}
	},
	{
		"area_id": 234,
		"id": 112,
		"name": {
			"en_US": "Diputación del Distrito Federal 2 de MORELOS"
		}
	},
	{
		"area_id": 241,
		"id": 113,
		"name": {
			"en_US": "Diputación del Distrito Federal 2 de NAYARIT"
		}
	},
	{
		"area_id": 249,
		"id": 114,
		"name": {
			"en_US": "Diputación del Distrito Federal 2 de NUEVO LEÓN"
		}
	},
	{
		"area_id": 260,
		"id": 115,
		"name": {
			"en_US": "Diputación del Distrito Federal 2 de OAXACA"
		}
	},
	{
		"area_id": 276,
		"id": 116,
		"name": {
			"en_US": "Diputación del Distrito Federal 2 de PUEBLA"
		}
	},
	{
		"area_id": 292,
		"id": 117,
		"name": {
			"en_US": "Diputación del Distrito Federal 2 de QUERÉTARO"
		}
	},
	{
		"area_id": 286,
		"id": 118,
		"name": {
			"en_US": "Diputación del Distrito Federal 2 de QUINTANA ROO"
		}
	},
	{
		"area_id": 308,
		"id": 119,
		"name": {
			"en_US": "Diputación del Distrito Federal 2 de SAN LUIS POTOSÍ"
		}
	},
	{
		"area_id": 299,
		"id": 120,
		"name": {
			"en_US": "Diputación del Distrito Federal 2 de SINALOA"
		}
	},
	{
		"area_id": 317,
		"id": 121,
		"name": {
			"en_US": "Diputación del Distrito Federal 2 de SONORA"
		}
	},
	{
		"area_id": 325,
		"id": 122,
		"name": {
			"en_US": "Diputación del Distrito Federal 2 de TABASCO"
		}
	},
	{
		"area_id": 336,
		"id": 123,
		"name": {
			"en_US": "Diputación del Distrito Federal 2 de TAMAULIPAS"
		}
	},
	{
		"area_id": 332,
		"id": 124,
		"name": {
			"en_US": "Diputación del Distrito Federal 2 de TLAXCALA"
		}
	},
	{
		"area_id": 356,
		"id": 125,
		"name": {
			"en_US": "Diputación del Distrito Federal 2 de VERACRUZ DE IGNACIO DE LA LLAVE"
		}
	},
	{
		"area_id": 367,
		"id": 126,
		"name": {
			"en_US": "Diputación del Distrito Federal 2 de YUCATÁN"
		}
	},
	{
		"area_id": 373,
		"id": 127,
		"name": {
			"en_US": "Diputación del Distrito Federal 2 de ZACATECAS"
		}
	},
	{
		"area_id": 92,
		"id": 128,
		"name": {
			"en_US": "Diputación del Distrito Federal 20 de CIUDAD DE MÉXICO"
		}
	},
	{
		"area_id": 133,
		"id": 129,
		"name": {
			"en_US": "Diputación del Distrito Federal 20 de ESTADO DE MÉXICO"
		}
	},
	{
		"area_id": 210,
		"id": 130,
		"name": {
			"en_US": "Diputación del Distrito Federal 20 de JALISCO"
		}
	},
	{
		"area_id": 357,
		"id": 131,
		"name": {
			"en_US": "Diputación del Distrito Federal 20 de VERACRUZ DE IGNACIO DE LA LLAVE"
		}
	},
	{
		"area_id": 93,
		"id": 132,
		"name": {
			"en_US": "Diputación del Distrito Federal 21 de CIUDAD DE MÉXICO"
		}
	},
	{
		"area_id": 134,
		"id": 133,
		"name": {
			"en_US": "Diputación del Distrito Federal 21 de ESTADO DE MÉXICO"
		}
	},
	{
		"area_id": 94,
		"id": 134,
		"name": {
			"en_US": "Diputación del Distrito Federal 22 de CIUDAD DE MÉXICO"
		}
	},
	{
		"area_id": 135,
		"id": 135,
		"name": {
			"en_US": "Diputación del Distrito Federal 22 de ESTADO DE MÉXICO"
		}
	},
	{
		"area_id": 95,
		"id": 136,
		"name": {
			"en_US": "Diputación del Distrito Federal 23 de CIUDAD DE MÉXICO"
		}
	},
	{
		"area_id": 136,
		"id": 137,
		"name": {
			"en_US": "Diputación del Distrito Federal 23 de ESTADO DE MÉXICO"
		}
	},
	{
		"area_id": 96,
		"id": 138,
		"name": {
			"en_US": "Diputación del Distrito Federal 24 de CIUDAD DE MÉXICO"
		}
	},
	{
		"area_id": 137,
		"id": 139,
		"name": {
			"en_US": "Diputación del Distrito Federal 24 de ESTADO DE MÉXICO"
		}
	},
	{
		"area_id": 138,
		"id": 140,
		"name": {
			"en_US": "Diputación del Distrito Federal 25 de ESTADO DE MÉXICO"
		}
	},
	{
		"area_id": 139,
		"id": 141,
		"name": {
			"en_US": "Diputación del Distrito Federal 26 de ESTADO DE MÉXICO"
		}
	},
	{
		"area_id": 140,
		"id": 142,
		"name": {
			"en_US": "Diputación del Distrito Federal 27 de ESTADO DE MÉXICO"
		}
	},
	{
		"area_id": 141,
		"id": 143,
		"name": {
			"en_US": "Diputación del Distrito Federal 28 de ESTADO DE MÉXICO"
		}
	},
	{
		"area_id": 142,
		"id": 144,
		"name": {
			"en_US": "Diputación del Distrito Federal 29 de ESTADO DE MÉXICO"
		}
	},
	{
		"area_id": 6,
		"id": 145,
		"name": {
			"en_US": "Diputación del Distrito Federal 3 de AGUASCALIENTES"
		}
	},
	{
		"area_id": 11,
		"id": 146,
		"name": {
			"en_US": "Diputación del Distrito Federal 3 de BAJA CALIFORNIA"
		}
	},
	{
		"area_id": 56,
		"id": 147,
		"name": {
			"en_US": "Diputación del Distrito Federal 3 de CHIAPAS"
		}
	},
	{
		"area_id": 25,
		"id": 148,
		"name": {
			"en_US": "Diputación del Distrito Federal 3 de CHIHUAHUA"
		}
	},
	{
		"area_id": 97,
		"id": 149,
		"name": {
			"en_US": "Diputación del Distrito Federal 3 de CIUDAD DE MÉXICO"
		}
	},
	{
		"area_id": 43,
		"id": 150,
		"name": {
			"en_US": "Diputación del Distrito Federal 3 de COAHUILA DE ZARAGOZA"
		}
	},
	{
		"area_id": 107,
		"id": 151,
		"name": {
			"en_US": "Diputación del Distrito Federal 3 de DURANGO"
		}
	},
	{
		"area_id": 143,
		"id": 152,
		"name": {
			"en_US": "Diputación del Distrito Federal 3 de ESTADO DE MÉXICO"
		}
	},
	{
		"area_id": 182,
		"id": 153,
		"name": {
			"en_US": "Diputación del Distrito Federal 3 de GUANAJUATO"
		}
	},
	{
		"area_id": 166,
		"id": 154,
		"name": {
			"en_US": "Diputación del Distrito Federal 3 de GUERRERO"
		}
	},
	{
		"area_id": 192,
		"id": 155,
		"name": {
			"en_US": "Diputación del Distrito Federal 3 de HIDALGO"
		}
	},
	{
		"area_id": 211,
		"id": 156,
		"name": {
			"en_US": "Diputación del Distrito Federal 3 de JALISCO"
		}
	},
	{
		"area_id": 225,
		"id": 157,
		"name": {
			"en_US": "Diputación del Distrito Federal 3 de MICHOACÁN DE OCAMPO"
		}
	},
	{
		"area_id": 235,
		"id": 158,
		"name": {
			"en_US": "Diputación del Distrito Federal 3 de MORELOS"
		}
	},
	{
		"area_id": 242,
		"id": 159,
		"name": {
			"en_US": "Diputación del Distrito Federal 3 de NAYARIT"
		}
	},
	{
		"area_id": 250,
		"id": 160,
		"name": {
			"en_US": "Diputación del Distrito Federal 3 de NUEVO LEÓN"
		}
	},
	{
		"area_id": 261,
		"id": 161,
		"name": {
			"en_US": "Diputación del Distrito Federal 3 de OAXACA"
		}
	},
	{
		"area_id": 277,
		"id": 162,
		"name": {
			"en_US": "Diputación del Distrito Federal 3 de PUEBLA"
		}
	},
	{
		"area_id": 293,
		"id": 163,
		"name": {
			"en_US": "Diputación del Distrito Federal 3 de QUERÉTARO"
		}
	},
	{
		"area_id": 287,
		"id": 164,
		"name": {
			"en_US": "Diputación del Distrito Federal 3 de QUINTANA ROO"
		}
	},
	{
		"area_id": 309,
		"id": 165,
		"name": {
			"en_US": "Diputación del Distrito Federal 3 de SAN LUIS POTOSÍ"
		}
	},
	{
		"area_id": 300,
		"id": 166,
		"name": {
			"en_US": "Diputación del Distrito Federal 3 de SINALOA"
		}
	},
	{
		"area_id": 318,
		"id": 167,
		"name": {
			"en_US": "Diputación del Distrito Federal 3 de SONORA"
		}
	},
	{
		"area_id": 326,
		"id": 168,
		"name": {
			"en_US": "Diputación del Distrito Federal 3 de TABASCO"
		}
	},
	{
		"area_id": 337,
		"id": 169,
		"name": {
			"en_US": "Diputación del Distrito Federal 3 de TAMAULIPAS"
		}
	},
	{
		"area_id": 333,
		"id": 170,
		"name": {
			"en_US": "Diputación del Distrito Federal 3 de TLAXCALA"
		}
	},
	{
		"area_id": 358,
		"id": 171,
		"name": {
			"en_US": "Diputación del Distrito Federal 3 de VERACRUZ DE IGNACIO DE LA LLAVE"
		}
	},
	{
		"area_id": 368,
		"id": 172,
		"name": {
			"en_US": "Diputación del Distrito Federal 3 de YUCATÁN"
		}
	},
	{
		"area_id": 374,
		"id": 173,
		"name": {
			"en_US": "Diputación del Distrito Federal 3 de ZACATECAS"
		}
	},
	{
		"area_id": 144,
		"id": 174,
		"name": {
			"en_US": "Diputación del Distrito Federal 30 de ESTADO DE MÉXICO"
		}
	},
	{
		"area_id": 145,
		"id": 175,
		"name": {
			"en_US": "Diputación del Distrito Federal 31 de ESTADO DE MÉXICO"
		}
	},
	{
		"area_id": 146,
		"id": 176,
		"name": {
			"en_US": "Diputación del Distrito Federal 32 de ESTADO DE MÉXICO"
		}
	},
	{
		"area_id": 147,
		"id": 177,
		"name": {
			"en_US": "Diputación del Distrito Federal 33 de ESTADO DE MÉXICO"
		}
	},
	{
		"area_id": 148,
		"id": 178,
		"name": {
			"en_US": "Diputación del Distrito Federal 34 de ESTADO DE MÉXICO"
		}
	},
	{
		"area_id": 149,
		"id": 179,
		"name": {
			"en_US": "Diputación del Distrito Federal 35 de ESTADO DE MÉXICO"
		}
	},
	{
		"area_id": 150,
		"id": 180,
		"name": {
			"en_US": "Diputación del Distrito Federal 36 de ESTADO DE MÉXICO"
		}
	},
	{
		"area_id": 151,
		"id": 181,
		"name": {
			"en_US": "Diputación del Distrito Federal 37 de ESTADO DE MÉXICO"
		}
	},
	{
		"area_id": 152,
		"id": 182,
		"name": {
			"en_US": "Diputación del Distrito Federal 38 de ESTADO DE MÉXICO"
		}
	},
	{
		"area_id": 153,
		"id": 183,
		"name": {
			"en_US": "Diputación del Distrito Federal 39 de ESTADO DE MÉXICO"
		}
	},
	{
		"area_id": 12,
		"id": 184,
		"name": {
			"en_US": "Diputación del Distrito Federal 4 de BAJA CALIFORNIA"
		}
	},
	{
		"area_id": 57,
		"id": 185,
		"name": {
			"en_US": "Diputación del Distrito Federal 4 de CHIAPAS"
		}
	},
	{
		"area_id": 26,
		"id": 186,
		"name": {
			"en_US": "Diputación del Distrito Federal 4 de CHIHUAHUA"
		}
	},
	{
		"area_id": 98,
		"id": 187,
		"name": {
			"en_US": "Diputación del Distrito Federal 4 de CIUDAD DE MÉXICO"
		}
	},
	{
		"area_id": 44,
		"id": 188,
		"name": {
			"en_US": "Diputación del Distrito Federal 4 de COAHUILA DE ZARAGOZA"
		}
	},
	{
		"area_id": 108,
		"id": 189,
		"name": {
			"en_US": "Diputación del Distrito Federal 4 de DURANGO"
		}
	},
	{
		"area_id": 154,
		"id": 190,
		"name": {
			"en_US": "Diputación del Distrito Federal 4 de ESTADO DE MÉXICO"
		}
	},
	{
		"area_id": 183,
		"id": 191,
		"name": {
			"en_US": "Diputación del Distrito Federal 4 de GUANAJUATO"
		}
	},
	{
		"area_id": 167,
		"id": 192,
		"name": {
			"en_US": "Diputación del Distrito Federal 4 de GUERRERO"
		}
	},
	{
		"area_id": 193,
		"id": 193,
		"name": {
			"en_US": "Diputación del Distrito Federal 4 de HIDALGO"
		}
	},
	{
		"area_id": 212,
		"id": 194,
		"name": {
			"en_US": "Diputación del Distrito Federal 4 de JALISCO"
		}
	},
	{
		"area_id": 226,
		"id": 195,
		"name": {
			"en_US": "Diputación del Distrito Federal 4 de MICHOACÁN DE OCAMPO"
		}
	},
	{
		"area_id": 236,
		"id": 196,
		"name": {
			"en_US": "Diputación del Distrito Federal 4 de MORELOS"
		}
	},
	{
		"area_id": 251,
		"id": 197,
		"name": {
			"en_US": "Diputación del Distrito Federal 4 de NUEVO LEÓN"
		}
	},
	{
		"area_id": 262,
		"id": 198,
		"name": {
			"en_US": "Diputación del Distrito Federal 4 de OAXACA"
		}
	},
	{
		"area_id": 278,
		"id": 199,
		"name": {
			"en_US": "Diputación del Distrito Federal 4 de PUEBLA"
		}
	},
	{
		"area_id": 294,
		"id": 200,
		"name": {
			"en_US": "Diputación del Distrito Federal 4 de QUERÉTARO"
		}
	},
	{
		"area_id": 288,
		"id": 201,
		"name": {
			"en_US": "Diputación del Distrito Federal 4 de QUINTANA ROO"
		}
	},
	{
		"area_id": 310,
		"id": 202,
		"name": {
			"en_US": "Diputación del Distrito Federal 4 de SAN LUIS POTOSÍ"
		}
	},
	{
		"area_id": 301,
		"id": 203,
		"name": {
			"en_US": "Diputación del Distrito Federal 4 de SINALOA"
		}
	},
	{
		"area_id": 319,
		"id": 204,
		"name": {
			"en_US": "Diputación del Distrito Federal 4 de SONORA"
		}
	},
	{
		"area_id": 327,
		"id": 205,
		"name": {
			"en_US": "Diputación del Distrito Federal 4 de TABASCO"
		}
	},
	{
		"area_id": 338,
		"id": 206,
		"name": {
			"en_US": "Diputación del Distrito Federal 4 de TAMAULIPAS"
		}
	},
	{
		"area_id": 359,
		"id": 207,
		"name": {
			"en_US": "Diputación del Distrito Federal 4 de VERACRUZ DE IGNACIO DE LA LLAVE"
		}
	},
	{
		"area_id": 369,
		"id": 208,
		"name": {
			"en_US": "Diputación del Distrito Federal 4 de YUCATÁN"
		}
	},
	{
		"area_id": 375,
		"id": 209,
		"name": {
			"en_US": "Diputación del Distrito Federal 4 de ZACATECAS"
		}
	},
	{
		"area_id": 155,
		"id": 210,
		"name": {
			"en_US": "Diputación del Distrito Federal 40 de ESTADO DE MÉXICO"
		}
	},
	{
		"area_id": 156,
		"id": 211,
		"name": {
			"en_US": "Diputación del Distrito Federal 41 de ESTADO DE MÉXICO"
		}
	},
	{
		"area_id": 13,
		"id": 212,
		"name": {
			"en_US": "Diputación del Distrito Federal 5 de BAJA CALIFORNIA"
		}
	},
	{
		"area_id": 58,
		"id": 213,
		"name": {
			"en_US": "Diputación del Distrito Federal 5 de CHIAPAS"
		}
	},
	{
		"area_id": 27,
		"id": 214,
		"name": {
			"en_US": "Diputación del Distrito Federal 5 de CHIHUAHUA"
		}
	},
	{
		"area_id": 99,
		"id": 215,
		"name": {
			"en_US": "Diputación del Distrito Federal 5 de CIUDAD DE MÉXICO"
		}
	},
	{
		"area_id": 45,
		"id": 216,
		"name": {
			"en_US": "Diputación del Distrito Federal 5 de COAHUILA DE ZARAGOZA"
		}
	},
	{
		"area_id": 157,
		"id": 217,
		"name": {
			"en_US": "Diputación del Distrito Federal 5 de ESTADO DE MÉXICO"
		}
	},
	{
		"area_id": 184,
		"id": 218,
		"name": {
			"en_US": "Diputación del Distrito Federal 5 de GUANAJUATO"
		}
	},
	{
		"area_id": 168,
		"id": 219,
		"name": {
			"en_US": "Diputación del Distrito Federal 5 de GUERRERO"
		}
	},
	{
		"area_id": 194,
		"id": 220,
		"name": {
			"en_US": "Diputación del Distrito Federal 5 de HIDALGO"
		}
	},
	{
		"area_id": 213,
		"id": 221,
		"name": {
			"en_US": "Diputación del Distrito Federal 5 de JALISCO"
		}
	},
	{
		"area_id": 227,
		"id": 222,
		"name": {
			"en_US": "Diputación del Distrito Federal 5 de MICHOACÁN DE OCAMPO"
		}
	},
	{
		"area_id": 237,
		"id": 223,
		"name": {
			"en_US": "Diputación del Distrito Federal 5 de MORELOS"
		}
	},
	{
		"area_id": 252,
		"id": 224,
		"name": {
			"en_US": "Diputación del Distrito Federal 5 de NUEVO LEÓN"
		}
	},
	{
		"area_id": 263,
		"id": 225,
		"name": {
			"en_US": "Diputación del Distrito Federal 5 de OAXACA"
		}
	},
	{
		"area_id": 279,
		"id": 226,
		"name": {
			"en_US": "Diputación del Distrito Federal 5 de PUEBLA"
		}
	},
	{
		"area_id": 295,
		"id": 227,
		"name": {
			"en_US": "Diputación del Distrito Federal 5 de QUERÉTARO"
		}
	},
	{
		"area_id": 311,
		"id": 228,
		"name": {
			"en_US": "Diputación del Distrito Federal 5 de SAN LUIS POTOSÍ"
		}
	},
	{
		"area_id": 302,
		"id": 229,
		"name": {
			"en_US": "Diputación del Distrito Federal 5 de SINALOA"
		}
	},
	{
		"area_id": 320,
		"id": 230,
		"name": {
			"en_US": "Diputación del Distrito Federal 5 de SONORA"
		}
	},
	{
		"area_id": 328,
		"id": 231,
		"name": {
			"en_US": "Diputación del Distrito Federal 5 de TABASCO"
		}
	},
	{
		"area_id": 339,
		"id": 232,
		"name": {
			"en_US": "Diputación del Distrito Federal 5 de TAMAULIPAS"
		}
	},
	{
		"area_id": 360,
		"id": 233,
		"name": {
			"en_US": "Diputación del Distrito Federal 5 de VERACRUZ DE IGNACIO DE LA LLAVE"
		}
	},
	{
		"area_id": 370,
		"id": 234,
		"name": {
			"en_US": "Diputación del Distrito Federal 5 de YUCATÁN"
		}
	},
	{
		"area_id": 14,
		"id": 235,
		"name": {
			"en_US": "Diputación del Distrito Federal 6 de BAJA CALIFORNIA"
		}
	},
	{
		"area_id": 59,
		"id": 236,
		"name": {
			"en_US": "Diputación del Distrito Federal 6 de CHIAPAS"
		}
	},
	{
		"area_id": 28,
		"id": 237,
		"name": {
			"en_US": "Diputación del Distrito Federal 6 de CHIHUAHUA"
		}
	},
	{
		"area_id": 100,
		"id": 238,
		"name": {
			"en_US": "Diputación del Distrito Federal 6 de CIUDAD DE MÉXICO"
		}
	},
	{
		"area_id": 46,
		"id": 239,
		"name": {
			"en_US": "Diputación del Distrito Federal 6 de COAHUILA DE ZARAGOZA"
		}
	},
	{
		"area_id": 158,
		"id": 240,
		"name": {
			"en_US": "Diputación del Distrito Federal 6 de ESTADO DE MÉXICO"
		}
	},
	{
		"area_id": 185,
		"id": 241,
		"name": {
			"en_US": "Diputación del Distrito Federal 6 de GUANAJUATO"
		}
	},
	{
		"area_id": 169,
		"id": 242,
		"name": {
			"en_US": "Diputación del Distrito Federal 6 de GUERRERO"
		}
	},
	{
		"area_id": 195,
		"id": 243,
		"name": {
			"en_US": "Diputación del Distrito Federal 6 de HIDALGO"
		}
	},
	{
		"area_id": 214,
		"id": 244,
		"name": {
			"en_US": "Diputación del Distrito Federal 6 de JALISCO"
		}
	},
	{
		"area_id": 228,
		"id": 245,
		"name": {
			"en_US": "Diputación del Distrito Federal 6 de MICHOACÁN DE OCAMPO"
		}
	},
	{
		"area_id": 253,
		"id": 246,
		"name": {
			"en_US": "Diputación del Distrito Federal 6 de NUEVO LEÓN"
		}
	},
	{
		"area_id": 264,
		"id": 247,
		"name": {
			"en_US": "Diputación del Distrito Federal 6 de OAXACA"
		}
	},
	{
		"area_id": 280,
		"id": 248,
		"name": {
			"en_US": "Diputación del Distrito Federal 6 de PUEBLA"
		}
	},
	{
		"area_id": 312,
		"id": 249,
		"name": {
			"en_US": "Diputación del Distrito Federal 6 de SAN LUIS POTOSÍ"
		}
	},
	{
		"area_id": 303,
		"id": 250,
		"name": {
			"en_US": "Diputación del Distrito Federal 6 de SINALOA"
		}
	},
	{
		"area_id": 321,
		"id": 251,
		"name": {
			"en_US": "Diputación del Distrito Federal 6 de SONORA"
		}
	},
	{
		"area_id": 329,
		"id": 252,
		"name": {
			"en_US": "Diputación del Distrito Federal 6 de TABASCO"
		}
	},
	{
		"area_id": 340,
		"id": 253,
		"name": {
			"en_US": "Diputación del Distrito Federal 6 de TAMAULIPAS"
		}
	},
	{
		"area_id": 361,
		"id": 254,
		"name": {
			"en_US": "Diputación del Distrito Federal 6 de VERACRUZ DE IGNACIO DE LA LLAVE"
		}
	},
	{
		"area_id": 15,
		"id": 255,
		"name": {
			"en_US": "Diputación del Distrito Federal 7 de BAJA CALIFORNIA"
		}
	},
	{
		"area_id": 60,
		"id": 256,
		"name": {
			"en_US": "Diputación del Distrito Federal 7 de CHIAPAS"
		}
	},
	{
		"area_id": 29,
		"id": 257,
		"name": {
			"en_US": "Diputación del Distrito Federal 7 de CHIHUAHUA"
		}
	},
	{
		"area_id": 101,
		"id": 258,
		"name": {
			"en_US": "Diputación del Distrito Federal 7 de CIUDAD DE MÉXICO"
		}
	},
	{
		"area_id": 47,
		"id": 259,
		"name": {
			"en_US": "Diputación del Distrito Federal 7 de COAHUILA DE ZARAGOZA"
		}
	},
	{
		"area_id": 159,
		"id": 260,
		"name": {
			"en_US": "Diputación del Distrito Federal 7 de ESTADO DE MÉXICO"
		}
	},
	{
		"area_id": 186,
		"id": 261,
		"name": {
			"en_US": "Diputación del Distrito Federal 7 de GUANAJUATO"
		}
	},
	{
		"area_id": 170,
		"id": 262,
		"name": {
			"en_US": "Diputación del Distrito Federal 7 de GUERRERO"
		}
	},
	{
		"area_id": 196,
		"id": 263,
		"name": {
			"en_US": "Diputación del Distrito Federal 7 de HIDALGO"
		}
	},
	{
		"area_id": 215,
		"id": 264,
		"name": {
			"en_US": "Diputación del Distrito Federal 7 de JALISCO"
		}
	},
	{
		"area_id": 229,
		"id": 265,
		"name": {
			"en_US": "Diputación del Distrito Federal 7 de MICHOACÁN DE OCAMPO"
		}
	},
	{
		"area_id": 254,
		"id": 266,
		"name": {
			"en_US": "Diputación del Distrito Federal 7 de NUEVO LEÓN"
		}
	},
	{
		"area_id": 265,
		"id": 267,
		"name": {
			"en_US": "Diputación del Distrito Federal 7 de OAXACA"
		}
	},
	{
		"area_id": 281,
		"id": 268,
		"name": {
			"en_US": "Diputación del Distrito Federal 7 de PUEBLA"
		}
	},
	{
		"area_id": 313,
		"id": 269,
		"name": {
			"en_US": "Diputación del Distrito Federal 7 de SAN LUIS POTOSÍ"
		}
	},
	{
		"area_id": 304,
		"id": 270,
		"name": {
			"en_US": "Diputación del Distrito Federal 7 de SINALOA"
		}
	},
	{
		"area_id": 322,
		"id": 271,
		"name": {
			"en_US": "Diputación del Distrito Federal 7 de SONORA"
		}
	},
	{
		"area_id": 341,
		"id": 272,
		"name": {
			"en_US": "Diputación del Distrito Federal 7 de TAMAULIPAS"
		}
	},
	{
		"area_id": 362,
		"id": 273,
		"name": {
			"en_US": "Diputación del Distrito Federal 7 de VERACRUZ DE IGNACIO DE LA LLAVE"
		}
	},
	{
		"area_id": 16,
		"id": 274,
		"name": {
			"en_US": "Diputación del Distrito Federal 8 de BAJA CALIFORNIA"
		}
	},
	{
		"area_id": 61,
		"id": 275,
		"name": {
			"en_US": "Diputación del Distrito Federal 8 de CHIAPAS"
		}
	},
	{
		"area_id": 30,
		"id": 276,
		"name": {
			"en_US": "Diputación del Distrito Federal 8 de CHIHUAHUA"
		}
	},
	{
		"area_id": 102,
		"id": 277,
		"name": {
			"en_US": "Diputación del Distrito Federal 8 de CIUDAD DE MÉXICO"
		}
	},
	{
		"area_id": 160,
		"id": 278,
		"name": {
			"en_US": "Diputación del Distrito Federal 8 de ESTADO DE MÉXICO"
		}
	},
	{
		"area_id": 187,
		"id": 279,
		"name": {
			"en_US": "Diputación del Distrito Federal 8 de GUANAJUATO"
		}
	},
	{
		"area_id": 171,
		"id": 280,
		"name": {
			"en_US": "Diputación del Distrito Federal 8 de GUERRERO"
		}
	},
	{
		"area_id": 216,
		"id": 281,
		"name": {
			"en_US": "Diputación del Distrito Federal 8 de JALISCO"
		}
	},
	{
		"area_id": 230,
		"id": 282,
		"name": {
			"en_US": "Diputación del Distrito Federal 8 de MICHOACÁN DE OCAMPO"
		}
	},
	{
		"area_id": 255,
		"id": 283,
		"name": {
			"en_US": "Diputación del Distrito Federal 8 de NUEVO LEÓN"
		}
	},
	{
		"area_id": 266,
		"id": 284,
		"name": {
			"en_US": "Diputación del Distrito Federal 8 de OAXACA"
		}
	},
	{
		"area_id": 282,
		"id": 285,
		"name": {
			"en_US": "Diputación del Distrito Federal 8 de PUEBLA"
		}
	},
	{
		"area_id": 342,
		"id": 286,
		"name": {
			"en_US": "Diputación del Distrito Federal 8 de TAMAULIPAS"
		}
	},
	{
		"area_id": 363,
		"id": 287,
		"name": {
			"en_US": "Diputación del Distrito Federal 8 de VERACRUZ DE IGNACIO DE LA LLAVE"
		}
	},
	{
		"area_id": 62,
		"id": 288,
		"name": {
			"en_US": "Diputación del Distrito Federal 9 de CHIAPAS"
		}
	},
	{
		"area_id": 31,
		"id": 289,
		"name": {
			"en_US": "Diputación del Distrito Federal 9 de CHIHUAHUA"
		}
	},
	{
		"area_id": 103,
		"id": 290,
		"name": {
			"en_US": "Diputación del Distrito Federal 9 de CIUDAD DE MÉXICO"
		}
	},
	{
		"area_id": 161,
		"id": 291,
		"name": {
			"en_US": "Diputación del Distrito Federal 9 de ESTADO DE MÉXICO"
		}
	},
	{
		"area_id": 188,
		"id": 292,
		"name": {
			"en_US": "Diputación del Distrito Federal 9 de GUANAJUATO"
		}
	},
	{
		"area_id": 172,
		"id": 293,
		"name": {
			"en_US": "Diputación del Distrito Federal 9 de GUERRERO"
		}
	},
	{
		"area_id": 217,
		"id": 294,
		"name": {
			"en_US": "Diputación del Distrito Federal 9 de JALISCO"
		}
	},
	{
		"area_id": 231,
		"id": 295,
		"name": {
			"en_US": "Diputación del Distrito Federal 9 de MICHOACÁN DE OCAMPO"
		}
	},
	{
		"area_id": 256,
		"id": 296,
		"name": {
			"en_US": "Diputación del Distrito Federal 9 de NUEVO LEÓN"
		}
	},
	{
		"area_id": 267,
		"id": 297,
		"name": {
			"en_US": "Diputación del Distrito Federal 9 de OAXACA"
		}
	},
	{
		"area_id": 283,
		"id": 298,
		"name": {
			"en_US": "Diputación del Distrito Federal 9 de PUEBLA"
		}
	},
	{
		"area_id": 343,
		"id": 299,
		"name": {
			"en_US": "Diputación del Distrito Federal 9 de TAMAULIPAS"
		}
	},
	{
		"area_id": 364,
		"id": 300,
		"name": {
			"en_US": "Diputación del Distrito Federal 9 de VERACRUZ DE IGNACIO DE LA LLAVE"
		}
	},
	{
		"area_id": 7,
		"id": 301,
		"name": {
			"en_US": "Gubernatura de BAJA CALIFORNIA"
		}
	},
	{
		"area_id": 17,
		"id": 302,
		"name": {
			"en_US": "Gubernatura de BAJA CALIFORNIA SUR"
		}
	},
	{
		"area_id": 35,
		"id": 303,
		"name": {
			"en_US": "Gubernatura de CAMPECHE"
		}
	},
	{
		"area_id": 20,
		"id": 304,
		"name": {
			"en_US": "Gubernatura de CHIHUAHUA"
		}
	},
	{
		"area_id": 32,
		"id": 305,
		"name": {
			"en_US": "Gubernatura de COLIMA"
		}
	},
	{
		"area_id": 162,
		"id": 306,
		"name": {
			"en_US": "Gubernatura de GUERRERO"
		}
	},
	{
		"area_id": 218,
		"id": 307,
		"name": {
			"en_US": "Gubernatura de MICHOACÁN DE OCAMPO"
		}
	},
	{
		"area_id": 238,
		"id": 308,
		"name": {
			"en_US": "Gubernatura de NAYARIT"
		}
	},
	{
		"area_id": 243,
		"id": 309,
		"name": {
			"en_US": "Gubernatura de NUEVO LEÓN"
		}
	},
	{
		"area_id": 284,
		"id": 310,
		"name": {
			"en_US": "Gubernatura de QUERÉTARO"
		}
	},
	{
		"area_id": 305,
		"id": 311,
		"name": {
			"en_US": "Gubernatura de SAN LUIS POTOSÍ"
		}
	},
	{
		"area_id": 296,
		"id": 312,
		"name": {
			"en_US": "Gubernatura de SINALOA"
		}
	},
	{
		"area_id": 314,
		"id": 313,
		"name": {
			"en_US": "Gubernatura de SONORA"
		}
	},
	{
		"area_id": 330,
		"id": 314,
		"name": {
			"en_US": "Gubernatura de TLAXCALA"
		}
	},
	{
		"area_id": 371,
		"id": 315,
		"name": {
			"en_US": "Gubernatura de ZACATECAS"
		}
	},
	{
		"area_id": 163,
		"id": 316,
		"name": {
			"en_US": "Presidencia del municipio de ACAPULCO DE JUÁREZ"
		}
	},
	{
		"area_id": 3,
		"id": 317,
		"name": {
			"en_US": "Presidencia del municipio de AGUASCALIENTES"
		}
	},
	{
		"area_id": 64,
		"id": 318,
		"name": {
			"en_US": "Presidencia del municipio de ÁLVARO OBREGÓN"
		}
	},
	{
		"area_id": 113,
		"id": 319,
		"name": {
			"en_US": "Presidencia del municipio de ATIZAPÁN DE ZARAGOZA"
		}
	},
	{
		"area_id": 73,
		"id": 320,
		"name": {
			"en_US": "Presidencia del municipio de AZCAPOTZALCO"
		}
	},
	{
		"area_id": 68,
		"id": 321,
		"name": {
			"en_US": "Presidencia del municipio de BENITO JUÁREZ"
		}
	},
	{
		"area_id": 21,
		"id": 322,
		"name": {
			"en_US": "Presidencia del municipio de CHIHUAHUA"
		}
	},
	{
		"area_id": 115,
		"id": 323,
		"name": {
			"en_US": "Presidencia del municipio de CHIMALHUACÁN"
		}
	},
	{
		"area_id": 74,
		"id": 324,
		"name": {
			"en_US": "Presidencia del municipio de COYOACÁN"
		}
	},
	{
		"area_id": 75,
		"id": 325,
		"name": {
			"en_US": "Presidencia del municipio de CUAJIMALPA DE MORELOS"
		}
	},
	{
		"area_id": 69,
		"id": 326,
		"name": {
			"en_US": "Presidencia del municipio de CUAUHTÉMOC"
		}
	},
	{
		"area_id": 114,
		"id": 327,
		"name": {
			"en_US": "Presidencia del municipio de CUAUTITLÁN IZCALLI"
		}
	},
	{
		"area_id": 297,
		"id": 328,
		"name": {
			"en_US": "Presidencia del municipio de CULIACÁN"
		}
	},
	{
		"area_id": 116,
		"id": 329,
		"name": {
			"en_US": "Presidencia del municipio de ECATEPEC DE MORELOS"
		}
	},
	{
		"area_id": 76,
		"id": 330,
		"name": {
			"en_US": "Presidencia del municipio de GUSTAVO A. MADERO"
		}
	},
	{
		"area_id": 315,
		"id": 331,
		"name": {
			"en_US": "Presidencia del municipio de HERMOSILLO"
		}
	},
	{
		"area_id": 117,
		"id": 332,
		"name": {
			"en_US": "Presidencia del municipio de IXTAPALUCA"
		}
	},
	{
		"area_id": 77,
		"id": 333,
		"name": {
			"en_US": "Presidencia del municipio de IZTACALCO"
		}
	},
	{
		"area_id": 78,
		"id": 334,
		"name": {
			"en_US": "Presidencia del municipio de IZTAPALAPA"
		}
	},
	{
		"area_id": 22,
		"id": 335,
		"name": {
			"en_US": "Presidencia del municipio de JUÁREZ"
		}
	},
	{
		"area_id": 79,
		"id": 336,
		"name": {
			"en_US": "Presidencia del municipio de LA MAGDALENA CONTRERAS"
		}
	},
	{
		"area_id": 70,
		"id": 337,
		"name": {
			"en_US": "Presidencia del municipio de MIGUEL HIDALGO"
		}
	},
	{
		"area_id": 71,
		"id": 338,
		"name": {
			"en_US": "Presidencia del municipio de MILPA ALTA"
		}
	},
	{
		"area_id": 244,
		"id": 339,
		"name": {
			"en_US": "Presidencia del municipio de MONTERREY"
		}
	},
	{
		"area_id": 219,
		"id": 340,
		"name": {
			"en_US": "Presidencia del municipio de MORELIA"
		}
	},
	{
		"area_id": 118,
		"id": 341,
		"name": {
			"en_US": "Presidencia del municipio de NAUCALPAN"
		}
	},
	{
		"area_id": 119,
		"id": 342,
		"name": {
			"en_US": "Presidencia del municipio de NEZAHUALCÓYOTL"
		}
	},
	{
		"area_id": 290,
		"id": 343,
		"name": {
			"en_US": "Presidencia del municipio de QUERÉTARO"
		}
	},
	{
		"area_id": 39,
		"id": 344,
		"name": {
			"en_US": "Presidencia del municipio de SALTILLO"
		}
	},
	{
		"area_id": 306,
		"id": 345,
		"name": {
			"en_US": "Presidencia del municipio de SAN LUIS POTOSÍ"
		}
	},
	{
		"area_id": 120,
		"id": 346,
		"name": {
			"en_US": "Presidencia del municipio de TECÁMAC"
		}
	},
	{
		"area_id": 239,
		"id": 347,
		"name": {
			"en_US": "Presidencia del municipio de TEPIC"
		}
	},
	{
		"area_id": 8,
		"id": 348,
		"name": {
			"en_US": "Presidencia del municipio de TIJUANA"
		}
	},
	{
		"area_id": 65,
		"id": 349,
		"name": {
			"en_US": "Presidencia del municipio de TLÁHUAC"
		}
	},
	{
		"area_id": 110,
		"id": 350,
		"name": {
			"en_US": "Presidencia del municipio de TLALNEPANTLA DE BAZ"
		}
	},
	{
		"area_id": 66,
		"id": 351,
		"name": {
			"en_US": "Presidencia del municipio de TLALPAN"
		}
	},
	{
		"area_id": 111,
		"id": 352,
		"name": {
			"en_US": "Presidencia del municipio de TOLUCA"
		}
	},
	{
		"area_id": 40,
		"id": 353,
		"name": {
			"en_US": "Presidencia del municipio de TORREÓN"
		}
	},
	{
		"area_id": 112,
		"id": 354,
		"name": {
			"en_US": "Presidencia del municipio de TULTITLÁN"
		}
	},
	{
		"area_id": 49,
		"id": 355,
		"name": {
			"en_US": "Presidencia del municipio de TUXTLA GUTIÉRREZ"
		}
	},
	{
		"area_id": 72,
		"id": 356,
		"name": {
			"en_US": "Presidencia del municipio de VENUSTIANO CARRANZA"
		}
	},
	{
		"area_id": 67,
		"id": 357,
		"name": {
			"en_US": "Presidencia del municipio de XOCHIMILCO"
		}
	},
	{
		"area_id": 376,
		"id": 358,
		"name": {
			"en_US": "Presidencia del municipio de CAMPECHE"
		}
	},
	{
		"area_id": 377,
		"id": 359,
		"name": {
			"en_US": "Presidencia del municipio de CHETUMAL"
		}
	},
	{
		"area_id": 378,
		"id": 360,
		"name": {
			"en_US": "Presidencia del municipio de COLIMA"
		}
	},
	{
		"area_id": 379,
		"id": 361,
		"name": {
			"en_US": "Presidencia del municipio de GUADALAJARA"
		}
	},
	{
		"area_id": 380,
		"id": 362,
		"name": {
			"en_US": "Presidencia del municipio de GUANAJUATO"
		}
	},
	{
		"area_id": 381,
		"id": 363,
		"name": {
			"en_US": "Presidencia del municipio de LA PAZ"
		}
	},
	{
		"area_id": 382,
		"id": 364,
		"name": {
			"en_US": "Presidencia del municipio de MÉRIDA"
		}
	},
	{
		"area_id": 383,
		"id": 365,
		"name": {
			"en_US": "Presidencia del municipio de MEXICALI"
		}
	},
	{
		"area_id": 384,
		"id": 366,
		"name": {
			"en_US": "Presidencia del municipio de OAXACA"
		}
	},
	{
		"area_id": 385,
		"id": 367,
		"name": {
			"en_US": "Presidencia del municipio de PUEBLA"
		}
	},
	{
		"area_id": 386,
		"id": 368,
		"name": {
			"en_US": "Presidencia del municipio de TLAXCALA"
		}
	},
	{
		"area_id": 387,
		"id": 369,
		"name": {
			"en_US": "Presidencia del municipio de XALAPA"
		}
	},
	{
		"area_id": 388,
		"id": 370,
		"name": {
			"en_US": "Presidencia del municipio de ZACATECAS"
		}
	},
	{
		"area_id": 389,
		"id": 371,
		"name": {
			"en_US": "Presidencia del municipio de CUAUTLA"
		}
	},
	{
		"area_id": 390,
		"id": 372,
		"name": {
			"en_US": "Presidencia del municipio de CUERNAVACA"
		}
	},
	{
		"area_id": 391,
		"id": 373,
		"name": {
			"en_US": "Presidencia del municipio de EMILIANO ZAPATA"
		}
	},
	{
		"area_id": 392,
		"id": 374,
		"name": {
			"en_US": "Presidencia del municipio de JIUTEPEC"
		}
	},
	{
		"area_id": 393,
		"id": 375,
		"name": {
			"en_US": "Presidencia del municipio de TEMIXCO"
		}
	},
	{
		"area_id": 394,
		"id": 376,
		"name": {
			"en_US": "Presidencia del municipio de ZAPOPAN"
		}
	},
	{
		"area_id": 395,
		"id": 377,
		"name": {
			"en_US": "Presidencia del municipio de PUERTO VALLARTA"
		}
	},
	{
		"area_id": 396,
		"id": 378,
		"name": {
			"en_US": "Presidencia del municipio de TLAJOMULCO DE ZÚÑIGA"
		}
	},
	{
		"area_id": 397,
		"id": 379,
		"name": {
			"en_US": "Presidencia del municipio de SAN PEDRO TLAQUEPAQUE"
		}
	},
	{
		"area_id": 398,
		"id": 380,
		"name": {
			"en_US": "Presidencia del municipio de TONALÁ"
		}
	},
	{
		"area_id": 399,
		"id": 381,
		"name": {
			"en_US": "Presidencia del municipio de CAJEME"
		}
	},
	{
		"area_id": 400,
		"id": 382,
		"name": {
			"en_US": "Presidencia del municipio de NOGALES"
		}
	},
	{
		"area_id": 401,
		"id": 383,
		"name": {
			"en_US": "Presidencia del municipio de SAN LUIS RÍO COLORADO"
		}
	},
	{
		"area_id": 402,
		"id": 384,
		"name": {
			"en_US": "Presidencia del municipio de NAVOJOA"
		}
	},
	{
		"area_id": 403,
		"id": 385,
		"name": {
			"en_US": "Presidencia del municipio de GUAYMAS"
		}
	},
	{
		"area_id": 404,
		"id": 386,
		"name": {
			"en_US": "Presidencia del municipio de CALPULALPAN"
		}
	},
	{
		"area_id": 405,
		"id": 387,
		"name": {
			"en_US": "Presidencia del municipio de HUAMANTLA"
		}
	},
	{
		"area_id": 406,
		"id": 388,
		"name": {
			"en_US": "Presidencia del municipio de SAN PABLO DEL MONTE"
		}
	},
	{
		"area_id": 407,
		"id": 389,
		"name": {
			"en_US": "Presidencia del municipio de APIZACO"
		}
	},
	{
		"area_id": 408,
		"id": 390,
		"name": {
			"en_US": "Presidencia del municipio de CHIAUTEMPAN"
		}
	},
	{
		"area_id": 409,
		"id": 391,
		"name": {
			"en_US": "Presidencia del municipio de FRESNILLO"
		}
	},
	{
		"area_id": 410,
		"id": 392,
		"name": {
			"en_US": "Presidencia del municipio de RÍO GRANDE"
		}
	},
	{
		"area_id": 411,
		"id": 393,
		"name": {
			"en_US": "Presidencia del municipio de ENSENADA"
		}
	},
	{
		"area_id": 412,
		"id": 394,
		"name": {
			"en_US": "Presidencia del municipio de BOCOYNA"
		}
	},
	{
		"area_id": 413,
		"id": 395,
		"name": {
			"en_US": "Presidencia del municipio de GUERRERO"
		}
	},
	{
		"area_id": 414,
		"id": 396,
		"name": {
			"en_US": "Presidencia del municipio de MANZANILLO"
		}
	},
	{
		"area_id": 415,
		"id": 397,
		"name": {
			"en_US": "Presidencia del municipio de CELAYA"
		}
	},
	{
		"area_id": 416,
		"id": 398,
		"name": {
			"en_US": "Presidencia del municipio de IRAPUATO"
		}
	},
	{
		"area_id": 417,
		"id": 399,
		"name": {
			"en_US": "Presidencia del municipio de LEÓN"
		}
	},
	{
		"area_id": 418,
		"id": 400,
		"name": {
			"en_US": "Presidencia del municipio de SALAMANCA"
		}
	},
	{
		"area_id": 419,
		"id": 401,
		"name": {
			"en_US": "Presidencia del municipio de SANTIAGO MARAVATÍO"
		}
	},
	{
		"area_id": 420,
		"id": 402,
		"name": {
			"en_US": "Presidencia del municipio de TLAQUEPAQUE"
		}
	},
	{
		"area_id": 421,
		"id": 403,
		"name": {
			"en_US": "Presidencia del municipio de MORELIA"
		}
	},
	{
		"area_id": 422,
		"id": 404,
		"name": {
			"en_US": "Presidencia del municipio de URUAPAN"
		}
	},
	{
		"area_id": 423,
		"id": 405,
		"name": {
			"en_US": "Presidencia del municipio de ZAMORA"
		}
	},
	{
		"area_id": 424,
		"id": 406,
		"name": {
			"en_US": "Presidencia del municipio de SAN JUAN IHUALTEPEC"
		}
	},
	{
		"area_id": 425,
		"id": 407,
		"name": {
			"en_US": "Presidencia del municipio de BENITO JUÁREZ"
		}
	},
	{
		"area_id": 426,
		"id": 408,
		"name": {
			"en_US": "Presidencia del municipio de YÉCORA"
		}
	},
	{
		"area_id": 427,
		"id": 409,
		"name": {
			"en_US": "Presidencia del municipio de GENERAL ENRIQUE ESTRADA"
		}
	}
]