[
	{
		"abbreviation": {
			"en_US": "",
			"es_MX": ""
		},
		"colors": [
			"RED"
		],
		"fb_urls": [],
		"id": 1,
		"ig_urls": [],
		"logo_urls": [],
		"name": {
			"en_US": "Candidatura común",
			"es_MX": "Candidatura común"
		},
		"websites": []
	},
	{
		"abbreviation": {
			"en_US": "",
			"es_MX": ""
		},
		"colors": [
			"PURPLE",
			"BLUE",
			"WHITE"
		],
		"fb_urls": [],
		"id": 2,
		"ig_urls": [],
		"logo_urls": [],
		"name": {
			"en_US": "Candidatura común PAN, QI",
			"es_MX": "Candidatura común PAN, QI"
		},
		"websites": []
	},
	{
		"abbreviation": {
			"en_US": "",
			"es_MX": ""
		},
		"colors": [
			"BLUE",
			"WHITE",
			"RED",
			"YELLOW"
		],
		"fb_urls": [],
		"id": 3,
		"ig_urls": [],
		"logo_urls": [],
		"name": {
			"en_US": "Candidatura común PRI, PRD",
			"es_MX": "Candidatura común PRI, PRD"
		},
		"websites": []
	},
	{
		"abbreviation": {
			"en_US": "",
			"es_MX": ""
		},
		"colors": [
			"ORANGE"
		],
		"fb_urls": [],
		"id": 4,
		"ig_urls": [],
		"logo_urls": [],
		"name": {
			"en_US": "Equipo por el bien de Nuevo León",
			"es_MX": "Equipo por el bien de Nuevo León"
		},
		"websites": []
	},
	{
		"abbreviation": {
			"en_US": "",
			"es_MX": ""
		},
		"colors": [
			"BLUE",
			"WHITE"
		],
		"fb_urls": [
			"https://www.facebook.com/EqPorMichoacan"
		],
		"id": 5,
		"ig_urls": [
			"https://www.instagram.com/equipopormichoacan"
		],
		"logo_urls": [],
		"name": {
			"en_US": "Equipo por Michoacán",
			"es_MX": "Equipo por Michoacán"
		},
		"websites": [
			{
				"note": "official",
				"url": "https://www.equipopormichoacan.mx"
			}
		]
	},
	{
		"abbreviation": {
			"en_US": "",
			"es_MX": ""
		},
		"colors": [
			"RED",
			"GREEN",
			"BLUE"
		],
		"fb_urls": [],
		"id": 6,
		"ig_urls": [],
		"logo_urls": [
			"https://candidaturas.ine.mx/img/emblemasPartidos/pt_verde_morena.png"
		],
		"name": {
			"en_US": "Juntos Hacemos Historia",
			"es_MX": "Juntos Hacemos Historia"
		},
		"websites": []
	},
	{
		"abbreviation": {
			"en_US": "",
			"es_MX": ""
		},
		"colors": [
			"RED",
			"GREEN",
			"BLUE"
		],
		"fb_urls": [],
		"id": 7,
		"ig_urls": [],
		"logo_urls": [
			"https://candidaturas.ine.mx/img/emblemasPartidos/pt_verde_morena.png"
		],
		"name": {
			"en_US": "Juntos hacemos historia Ciudad de México",
			"es_MX": "Juntos hacemos historia Ciudad de México"
		},
		"websites": []
	},
	{
		"abbreviation": {
			"en_US": "",
			"es_MX": ""
		},
		"colors": [
			"RED",
			"GREEN",
			"BLUE"
		],
		"fb_urls": [
			"https://www.facebook.com/Bonilla2019"
		],
		"id": 8,
		"ig_urls": [],
		"logo_urls": [
			"https://candidaturas.ine.mx/img/emblemasPartidos/pt_verde_morena.png"
		],
		"name": {
			"en_US": "Juntos hacemos historia en Baja California ",
			"es_MX": "Juntos hacemos historia en Baja California "
		},
		"websites": []
	},
	{
		"abbreviation": {
			"en_US": "",
			"es_MX": ""
		},
		"colors": [
			"RED",
			"GREEN",
			"BLUE"
		],
		"fb_urls": [],
		"id": 9,
		"ig_urls": [],
		"logo_urls": [
			"https://candidaturas.ine.mx/img/emblemasPartidos/pt_verde_morena.png"
		],
		"name": {
			"en_US": "Juntos hacemos historia en Baja California Sur ",
			"es_MX": "Juntos hacemos historia en Baja California Sur "
		},
		"websites": []
	},
	{
		"abbreviation": {
			"en_US": "",
			"es_MX": ""
		},
		"colors": [
			"RED",
			"GREEN",
			"BLUE"
		],
		"fb_urls": [],
		"id": 10,
		"ig_urls": [],
		"logo_urls": [
			"https://candidaturas.ine.mx/img/emblemasPartidos/pt_verde_morena.png"
		],
		"name": {
			"en_US": "Juntos hacemos historia en Campeche",
			"es_MX": "Juntos hacemos historia en Campeche"
		},
		"websites": []
	},
	{
		"abbreviation": {
			"en_US": "",
			"es_MX": ""
		},
		"colors": [
			"RED",
			"GREEN",
			"BLUE"
		],
		"fb_urls": [],
		"id": 11,
		"ig_urls": [],
		"logo_urls": [
			"https://candidaturas.ine.mx/img/emblemasPartidos/pt_verde_morena.png"
		],
		"name": {
			"en_US": "Juntos hacemos historia en Chihuahua",
			"es_MX": "Juntos hacemos historia en Chihuahua"
		},
		"websites": []
	},
	{
		"abbreviation": {
			"en_US": "",
			"es_MX": ""
		},
		"colors": [
			"RED",
			"GREEN",
			"BLUE"
		],
		"fb_urls": [],
		"id": 12,
		"ig_urls": [],
		"logo_urls": [
			"https://candidaturas.ine.mx/img/emblemasPartidos/pt_verde_morena.png"
		],
		"name": {
			"en_US": "Juntos hacemos historia en Colima",
			"es_MX": "Juntos hacemos historia en Colima"
		},
		"websites": []
	},
	{
		"abbreviation": {
			"en_US": "",
			"es_MX": ""
		},
		"colors": [
			"RED",
			"GREEN",
			"BLUE"
		],
		"fb_urls": [],
		"id": 13,
		"ig_urls": [],
		"logo_urls": [
			"https://candidaturas.ine.mx/img/emblemasPartidos/pt_verde_morena.png"
		],
		"name": {
			"en_US": "Juntos hacemos historia en Guerrero",
			"es_MX": "Juntos hacemos historia en Guerrero"
		},
		"websites": []
	},
	{
		"abbreviation": {
			"en_US": "",
			"es_MX": ""
		},
		"colors": [
			"RED",
			"GREEN",
			"BLUE"
		],
		"fb_urls": [],
		"id": 14,
		"ig_urls": [],
		"logo_urls": [
			"https://candidaturas.ine.mx/img/emblemasPartidos/pt_verde_morena.png"
		],
		"name": {
			"en_US": "Juntos hacemos historia en Michoacán",
			"es_MX": "Juntos hacemos historia en Michoacán"
		},
		"websites": []
	},
	{
		"abbreviation": {
			"en_US": "",
			"es_MX": ""
		},
		"colors": [
			"RED",
			"GREEN",
			"BLUE"
		],
		"fb_urls": [],
		"id": 15,
		"ig_urls": [],
		"logo_urls": [
			"https://candidaturas.ine.mx/img/emblemasPartidos/pt_verde_morena.png"
		],
		"name": {
			"en_US": "Juntos hacemos historia en Nayarit",
			"es_MX": "Juntos hacemos historia en Nayarit"
		},
		"websites": []
	},
	{
		"abbreviation": {
			"en_US": "",
			"es_MX": ""
		},
		"colors": [
			"RED",
			"GREEN",
			"BLUE"
		],
		"fb_urls": [
			"https://www.facebook.com/juntosharemoshistoriaenslp"
		],
		"id": 16,
		"ig_urls": [],
		"logo_urls": [
			"https://candidaturas.ine.mx/img/emblemasPartidos/pt_verde_morena.png"
		],
		"name": {
			"en_US": "Juntos hacemos historia en San Luis Potosí",
			"es_MX": "Juntos hacemos historia en San Luis Potosí"
		},
		"websites": []
	},
	{
		"abbreviation": {
			"en_US": "",
			"es_MX": ""
		},
		"colors": [
			"RED",
			"GREEN",
			"BLUE"
		],
		"fb_urls": [],
		"id": 17,
		"ig_urls": [],
		"logo_urls": [
			"https://candidaturas.ine.mx/img/emblemasPartidos/pt_verde_morena.png"
		],
		"name": {
			"en_US": "Juntos hacemos historia en Sinaloa ",
			"es_MX": "Juntos hacemos historia en Sinaloa "
		},
		"websites": []
	},
	{
		"abbreviation": {
			"en_US": "",
			"es_MX": ""
		},
		"colors": [
			"RED",
			"GREEN",
			"BLUE"
		],
		"fb_urls": [],
		"id": 18,
		"ig_urls": [],
		"logo_urls": [
			"https://candidaturas.ine.mx/img/emblemasPartidos/pt_verde_morena.png"
		],
		"name": {
			"en_US": "Juntos hacemos historia en Sonora",
			"es_MX": "Juntos hacemos historia en Sonora"
		},
		"websites": []
	},
	{
		"abbreviation": {
			"en_US": "",
			"es_MX": ""
		},
		"colors": [
			"RED",
			"GREEN",
			"BLUE"
		],
		"fb_urls": [],
		"id": 19,
		"ig_urls": [],
		"logo_urls": [
			"https://candidaturas.ine.mx/img/emblemasPartidos/pt_verde_morena.png"
		],
		"name": {
			"en_US": "Juntos hacemos historia en Tlaxcala",
			"es_MX": "Juntos hacemos historia en Tlaxcala"
		},
		"websites": []
	},
	{
		"abbreviation": {
			"en_US": "",
			"es_MX": ""
		},
		"colors": [
			"RED",
			"GREEN",
			"BLUE"
		],
		"fb_urls": [],
		"id": 20,
		"ig_urls": [],
		"logo_urls": [
			"https://candidaturas.ine.mx/img/emblemasPartidos/pt_verde_morena.png"
		],
		"name": {
			"en_US": "Juntos hacemos historia en Zacatecas",
			"es_MX": "Juntos hacemos historia en Zacatecas"
		},
		"websites": []
	},
	{
		"abbreviation": {
			"en_US": "",
			"es_MX": ""
		},
		"colors": [
			"BLUE",
			"WHITE",
			"RED",
			"YELLOW"
		],
		"fb_urls": [],
		"id": 21,
		"ig_urls": [],
		"logo_urls": [],
		"name": {
			"en_US": "Nos Une Chihuahua",
			"es_MX": "Nos Une Chihuahua"
		},
		"websites": []
	},
	{
		"abbreviation": {
			"en_US": "",
			"es_MX": ""
		},
		"colors": [
			"BLUE",
			"WHITE",
			"RED",
			"YELLOW"
		],
		"fb_urls": [],
		"id": 22,
		"ig_urls": [],
		"logo_urls": [],
		"name": {
			"en_US": "Sí por Colima",
			"es_MX": "Sí por Colima"
		},
		"websites": []
	},
	{
		"abbreviation": {
			"en_US": "",
			"es_MX": ""
		},
		"colors": [
			"BLUE",
			"WHITE",
			"RED",
			"YELLOW"
		],
		"fb_urls": [
			"https://www.facebook.com/SiPorSanLuisPotosi"
		],
		"id": 23,
		"ig_urls": [
			"https://www.instagram.com/siporsanluispotosi"
		],
		"logo_urls": [],
		"name": {
			"en_US": "Si por San Luis Potosí",
			"es_MX": "Si por San Luis Potosí"
		},
		"websites": []
	},
	{
		"abbreviation": {
			"en_US": "",
			"es_MX": ""
		},
		"colors": [
			"BLUE",
			"WHITE",
			"RED",
			"YELLOW"
		],
		"fb_urls": [],
		"id": 24,
		"ig_urls": [],
		"logo_urls": [],
		"name": {
			"en_US": "Unidos Contigo Baja California Sur",
			"es_MX": "Unidos Contigo Baja California Sur"
		},
		"websites": []
	},
	{
		"abbreviation": {
			"en_US": "",
			"es_MX": ""
		},
		"colors": [
			"BLUE",
			"WHITE",
			"RED",
			"YELLOW"
		],
		"fb_urls": [
			"https://www.facebook.com/UnidosXTlaxcala"
		],
		"id": 25,
		"ig_urls": [
			"https://www.instagram.com/unidosportlaxcala"
		],
		"logo_urls": [],
		"name": {
			"en_US": "Unidos por Tlaxcala",
			"es_MX": "Unidos por Tlaxcala"
		},
		"websites": []
	},
	{
		"abbreviation": {
			"en_US": "",
			"es_MX": ""
		},
		"colors": [
			"BLUE",
			"WHITE",
			"RED",
			"YELLOW"
		],
		"fb_urls": [],
		"id": 26,
		"ig_urls": [],
		"logo_urls": [
			"https://candidaturas.ine.mx/img/emblemasPartidos/pan_pri_prd.png"
		],
		"name": {
			"en_US": "Va fuerte por Nuevo León",
			"es_MX": "Va fuerte por Nuevo León"
		},
		"websites": []
	},
	{
		"abbreviation": {
			"en_US": "",
			"es_MX": ""
		},
		"colors": [
			"BLUE",
			"WHITE",
			"RED",
			"YELLOW"
		],
		"fb_urls": [
			"https://www.facebook.com/Va-por-M%C3%A9xico-105075121575557"
		],
		"id": 27,
		"ig_urls": [],
		"logo_urls": [
			"https://candidaturas.ine.mx/img/emblemasPartidos/pan_pri_prd.png"
		],
		"name": {
			"en_US": "Va por México",
			"es_MX": "Va por México"
		},
		"websites": []
	},
	{
		"abbreviation": {
			"en_US": "",
			"es_MX": ""
		},
		"colors": [
			"BLUE",
			"WHITE",
			"RED",
			"YELLOW"
		],
		"fb_urls": [],
		"id": 28,
		"ig_urls": [],
		"logo_urls": [
			"https://candidaturas.ine.mx/img/emblemasPartidos/pan_pri_prd.png"
		],
		"name": {
			"en_US": "Va por Baja California",
			"es_MX": "Va por Baja California"
		},
		"websites": []
	},
	{
		"abbreviation": {
			"en_US": "",
			"es_MX": ""
		},
		"colors": [
			"BLUE",
			"WHITE",
			"RED",
			"YELLOW"
		],
		"fb_urls": [],
		"id": 29,
		"ig_urls": [],
		"logo_urls": [],
		"name": {
			"en_US": "Va por Baja California Sur ",
			"es_MX": "Va por Baja California Sur "
		},
		"websites": []
	},
	{
		"abbreviation": {
			"en_US": "",
			"es_MX": ""
		},
		"colors": [
			"BLUE",
			"WHITE",
			"RED",
			"YELLOW"
		],
		"fb_urls": [
			"https://www.facebook.com/vaxcampeche"
		],
		"id": 30,
		"ig_urls": [],
		"logo_urls": [
			"https://candidaturas.ine.mx/img/emblemasPartidos/pan_pri_prd.png"
		],
		"name": {
			"en_US": "Va por Campeche",
			"es_MX": "Va por Campeche"
		},
		"websites": []
	},
	{
		"abbreviation": {
			"en_US": "",
			"es_MX": ""
		},
		"colors": [
			"BLUE",
			"WHITE",
			"RED",
			"YELLOW"
		],
		"fb_urls": [
			"https://www.facebook.com/vaporguerrero"
		],
		"id": 31,
		"ig_urls": [],
		"logo_urls": [
			"https://candidaturas.ine.mx/img/emblemasPartidos/pan_pri_prd.png"
		],
		"name": {
			"en_US": "Va por Guerrero",
			"es_MX": "Va por Guerrero"
		},
		"websites": []
	},
	{
		"abbreviation": {
			"en_US": "",
			"es_MX": ""
		},
		"colors": [
			"BLUE",
			"WHITE",
			"RED",
			"YELLOW"
		],
		"fb_urls": [],
		"id": 32,
		"ig_urls": [],
		"logo_urls": [],
		"name": {
			"en_US": "Va por México",
			"es_MX": "Va por México"
		},
		"websites": []
	},
	{
		"abbreviation": {
			"en_US": "",
			"es_MX": ""
		},
		"colors": [
			"BLUE",
			"WHITE",
			"RED",
			"YELLOW"
		],
		"fb_urls": [],
		"id": 33,
		"ig_urls": [],
		"logo_urls": [
			"https://candidaturas.ine.mx/img/emblemasPartidos/pan_pri_prd.png"
		],
		"name": {
			"en_US": "Va por Nayarit",
			"es_MX": "Va por Nayarit"
		},
		"websites": []
	},
	{
		"abbreviation": {
			"en_US": "",
			"es_MX": ""
		},
		"colors": [
			"BLUE",
			"WHITE",
			"RED",
			"YELLOW"
		],
		"fb_urls": [],
		"id": 34,
		"ig_urls": [],
		"logo_urls": [
			"https://candidaturas.ine.mx/img/emblemasPartidos/pan_pri_prd.png"
		],
		"name": {
			"en_US": "Va por Sinaloa",
			"es_MX": "Va por Sinaloa"
		},
		"websites": []
	},
	{
		"abbreviation": {
			"en_US": "",
			"es_MX": ""
		},
		"colors": [
			"BLUE",
			"WHITE",
			"RED",
			"YELLOW"
		],
		"fb_urls": [
			"https://www.facebook.com/Va-por-Sonora-282583112115230"
		],
		"id": 35,
		"ig_urls": [],
		"logo_urls": [
			"https://candidaturas.ine.mx/img/emblemasPartidos/pan_pri_prd.png"
		],
		"name": {
			"en_US": "Va por Sonora",
			"es_MX": "Va por Sonora"
		},
		"websites": []
	},
	{
		"abbreviation": {
			"en_US": "",
			"es_MX": ""
		},
		"colors": [
			"BLUE",
			"WHITE",
			"RED",
			"YELLOW"
		],
		"fb_urls": [
			"https://www.facebook.com/vaporzacatecasoficial"
		],
		"id": 36,
		"ig_urls": [],
		"logo_urls": [
			"https://candidaturas.ine.mx/img/emblemasPartidos/pan_pri_prd.png"
		],
		"name": {
			"en_US": "Va por Zacatecas",
			"es_MX": "Va por Zacatecas"
		},
		"websites": []
	},
	{
		"abbreviation": {
			"en_US": "",
			"es_MX": ""
		},
		"colors": [
			"YELLOW",
			"BLACK"
		],
		"fb_urls": [],
		"id": 37,
		"ig_urls": [],
		"logo_urls": [],
		"name": {
			"en_US": "Coalición PRD-PAC",
			"es_MX": "Coalición PRD-PAC"
		},
		"websites": []
	},
	{
		"abbreviation": {
			"en_US": "",
			"es_MX": ""
		},
		"colors": [
			"BLUE",
			"PURPLE"
		],
		"fb_urls": [],
		"id": 38,
		"ig_urls": [],
		"logo_urls": [],
		"name": {
			"en_US": "PAN-Humanista",
			"es_MX": "PAN-Humanista"
		},
		"websites": []
	},
	{
		"abbreviation": {
			"en_US": "",
			"es_MX": ""
		},
		"colors": [
			"BLUE",
			"WHITE"
		],
		"fb_urls": [],
		"id": 39,
		"ig_urls": [],
		"logo_urls": [],
		"name": {
			"en_US": "PAN-PSD",
			"es_MX": "PAN-PSD"
		},
		"websites": []
	},
	{
		"abbreviation": {
			"en_US": "",
			"es_MX": ""
		},
		"colors": [
			"RED",
			"GREEN",
			"BLUE"
		],
		"fb_urls": [],
		"id": 40,
		"ig_urls": [],
		"logo_urls": [],
		"name": {
			"en_US": "Juntos hacemos historia por Morelos",
			"es_MX": "Juntos hacemos historia por Morelos"
		},
		"websites": []
	},
	{
		"abbreviation": {
			"en_US": "",
			"es_MX": ""
		},
		"colors": [
			"BLUE",
			"WHITE",
			"RED",
			"YELLOW"
		],
		"fb_urls": [],
		"id": 41,
		"ig_urls": [],
		"logo_urls": [],
		"name": {
			"en_US": "Va por Morelos",
			"es_MX": "Va por Morelos"
		},
		"websites": []
	},
	{
		"abbreviation": {
			"en_US": "",
			"es_MX": ""
		},
		"colors": [
			"BLUE",
			"WHITE",
			"RED",
			"YELLOW"
		],
		"fb_urls": [],
		"id": 42,
		"ig_urls": [],
		"logo_urls": [],
		"name": {
			"en_US": "Va por Colima",
			"es_MX": "Va por Colima"
		},
		"websites": []
	},
	{
		"abbreviation": {
			"en_US": "",
			"es_MX": ""
		},
		"colors": [
			"BLUE",
			"WHITE",
			"RED",
			"YELLOW"
		],
		"fb_urls": [],
		"id": 43,
		"ig_urls": [],
		"logo_urls": [],
		"name": {
			"en_US": "Candidatura Común PAN,PRD,CQRoo",
			"es_MX": "Candidatura Común PAN,PRD,CQRoo"
		},
		"websites": []
	},
	{
		"abbreviation": {
			"en_US": "",
			"es_MX": ""
		},
		"colors": [
			"RED",
			"GREEN",
			"BLUE"
		],
		"fb_urls": [],
		"id": 44,
		"ig_urls": [],
		"logo_urls": [],
		"name": {
			"en_US": "Juntos Haremos Historia por Quintana Roo",
			"es_MX": "Juntos Haremos Historia por Quintana Roo"
		},
		"websites": []
	}
]