[
	{
		"id": 1,
		"name": "Lupita Jones",
		"other_name_type": "nickname",
		"person_id": 3
	},
	{
		"id": 2,
		"name": "Pancho Pelayo",
		"other_name_type": "nickname",
		"person_id": 9
	},
	{
		"id": 3,
		"name": "Maru Campos",
		"other_name_type": "nickname",
		"person_id": 25
	},
	{
		"id": 4,
		"name": "Capi",
		"other_name_type": "nickname",
		"person_id": 26
	},
	{
		"id": 5,
		"name": "El Caballo",
		"other_name_type": "nickname",
		"person_id": 31
	},
	{
		"id": 6,
		"name": "Locho Morán",
		"other_name_type": "nickname",
		"person_id": 35
	},
	{
		"id": 7,
		"name": "Dr. Miguel Ángel Navarro",
		"other_name_type": "nickname",
		"person_id": 52
	},
	{
		"id": 8,
		"name": "Nacho Flores",
		"other_name_type": "nickname",
		"person_id": 53
	},
	{
		"id": 9,
		"name": "Betty León",
		"other_name_type": "nickname",
		"person_id": 71
	},
	{
		"id": 10,
		"name": "Profe Rico",
		"other_name_type": "nickname",
		"person_id": 79
	},
	{
		"id": 11,
		"name": "Dra. Mónica Rangel",
		"other_name_type": "nickname",
		"person_id": 80
	},
	{
		"id": 12,
		"name": "El tecmol",
		"other_name_type": "nickname",
		"person_id": 82
	},
	{
		"id": 13,
		"name": "El borrego",
		"other_name_type": "nickname",
		"person_id": 93
	},
	{
		"id": 14,
		"name": "El bebo",
		"other_name_type": "nickname",
		"person_id": 96
	},
	{
		"id": 15,
		"name": "Temo",
		"other_name_type": "nickname",
		"person_id": 97
	},
	{
		"id": 16,
		"name": "Nany Romo",
		"other_name_type": "nickname",
		"person_id": 108
	},
	{
		"id": 17,
		"name": "Zury Enriquez",
		"other_name_type": "nickname",
		"person_id": 114
	},
	{
		"id": 18,
		"name": "Yuri Solís",
		"other_name_type": "nickname",
		"person_id": 122
	},
	{
		"id": 19,
		"name": "Dra. Enriqueta Torres",
		"other_name_type": "nickname",
		"person_id": 126
	},
	{
		"id": 20,
		"name": "Susi Cueto",
		"other_name_type": "nickname",
		"person_id": 145
	},
	{
		"id": 21,
		"name": "Paco Saldívar",
		"other_name_type": "nickname",
		"person_id": 148
	},
	{
		"id": 22,
		"name": "Edgar Cerda",
		"other_name_type": "nickname",
		"person_id": 157
	},
	{
		"id": 23,
		"name": "Toshi",
		"other_name_type": "nickname",
		"person_id": 167
	},
	{
		"id": 24,
		"name": "El Bigotes",
		"other_name_type": "nickname",
		"person_id": 186
	},
	{
		"id": 25,
		"name": "el Gallego",
		"other_name_type": "nickname",
		"person_id": 212
	},
	{
		"id": 26,
		"name": "Bere",
		"other_name_type": "nickname",
		"person_id": 215
	},
	{
		"id": 27,
		"name": "Alex Moran",
		"other_name_type": "nickname",
		"person_id": 217
	},
	{
		"id": 28,
		"name": "Zuri Hernández",
		"other_name_type": "nickname",
		"person_id": 228
	},
	{
		"id": 29,
		"name": "El Tinieblas",
		"other_name_type": "nickname",
		"person_id": 232
	},
	{
		"id": 30,
		"name": "Moni Becerra",
		"other_name_type": "nickname",
		"person_id": 244
	},
	{
		"id": 31,
		"name": "Paulo Martinez",
		"other_name_type": "nickname",
		"person_id": 245
	},
	{
		"id": 32,
		"name": "Tito",
		"other_name_type": "nickname",
		"person_id": 246
	},
	{
		"id": 33,
		"name": "Amador",
		"other_name_type": "nickname",
		"person_id": 251
	},
	{
		"id": 34,
		"name": "Norma Zamora",
		"other_name_type": "nickname",
		"person_id": 252
	},
	{
		"id": 35,
		"name": "Rafa Calderon",
		"other_name_type": "nickname",
		"person_id": 255
	},
	{
		"id": 36,
		"name": "Virus",
		"other_name_type": "nickname",
		"person_id": 257
	},
	{
		"id": 37,
		"name": "Teo Nuñez",
		"other_name_type": "nickname",
		"person_id": 260
	},
	{
		"id": 38,
		"name": "Cristina Lopez",
		"other_name_type": "nickname",
		"person_id": 262
	},
	{
		"id": 39,
		"name": "Mena Campos",
		"other_name_type": "nickname",
		"person_id": 264
	},
	{
		"id": 40,
		"name": "Arqui Noel",
		"other_name_type": "nickname",
		"person_id": 265
	},
	{
		"id": 41,
		"name": "Tere Babun",
		"other_name_type": "nickname",
		"person_id": 268
	},
	{
		"id": 42,
		"name": "Lucas",
		"other_name_type": "nickname",
		"person_id": 269
	},
	{
		"id": 43,
		"name": "Luis Fernando Navarrete",
		"other_name_type": "nickname",
		"person_id": 280
	},
	{
		"id": 44,
		"name": "Wonder Woman",
		"other_name_type": "nickname",
		"person_id": 285
	},
	{
		"id": 45,
		"name": "Irma",
		"other_name_type": "nickname",
		"person_id": 287
	},
	{
		"id": 46,
		"name": "Eva Moreno",
		"other_name_type": "nickname",
		"person_id": 288
	},
	{
		"id": 47,
		"name": "Pepe Kotori",
		"other_name_type": "nickname",
		"person_id": 291
	},
	{
		"id": 48,
		"name": "Mujer con Estrella",
		"other_name_type": "nickname",
		"person_id": 293
	},
	{
		"id": 49,
		"name": "Susi Avalos",
		"other_name_type": "nickname",
		"person_id": 301
	},
	{
		"id": 50,
		"name": "Dany Lopez",
		"other_name_type": "nickname",
		"person_id": 306
	},
	{
		"id": 51,
		"name": "Paty Sosa",
		"other_name_type": "nickname",
		"person_id": 307
	},
	{
		"id": 52,
		"name": "Johanna Chavez",
		"other_name_type": "nickname",
		"person_id": 315
	},
	{
		"id": 53,
		"name": "Compa",
		"other_name_type": "nickname",
		"person_id": 317
	},
	{
		"id": 54,
		"name": "Jackie Nava",
		"other_name_type": "nickname",
		"person_id": 318
	},
	{
		"id": 55,
		"name": "Nacho Anaya",
		"other_name_type": "nickname",
		"person_id": 320
	},
	{
		"id": 56,
		"name": "La Guerita Munguia",
		"other_name_type": "nickname",
		"person_id": 332
	},
	{
		"id": 57,
		"name": "Puppo",
		"other_name_type": "nickname",
		"person_id": 333
	},
	{
		"id": 58,
		"name": "Susana Zatarain",
		"other_name_type": "nickname",
		"person_id": 334
	},
	{
		"id": 59,
		"name": "Claudia Valladares",
		"other_name_type": "nickname",
		"person_id": 341
	},
	{
		"id": 60,
		"name": "Anita Ongay",
		"other_name_type": "nickname",
		"person_id": 342
	},
	{
		"id": 61,
		"name": "Chava Farias",
		"other_name_type": "nickname",
		"person_id": 352
	},
	{
		"id": 62,
		"name": "Pepe Toriello",
		"other_name_type": "nickname",
		"person_id": 355
	},
	{
		"id": 63,
		"name": "Flor Gonzalez",
		"other_name_type": "nickname",
		"person_id": 363
	},
	{
		"id": 64,
		"name": "Flaka Robles",
		"other_name_type": "nickname",
		"person_id": 364
	},
	{
		"id": 65,
		"name": "Jessica Vazquez",
		"other_name_type": "nickname",
		"person_id": 365
	},
	{
		"id": 66,
		"name": "El Rau",
		"other_name_type": "nickname",
		"person_id": 366
	},
	{
		"id": 67,
		"name": "Ary",
		"other_name_type": "nickname",
		"person_id": 368
	},
	{
		"id": 68,
		"name": "Mario Alejandro",
		"other_name_type": "nickname",
		"person_id": 369
	},
	{
		"id": 69,
		"name": "El Bronco De Huehuetan",
		"other_name_type": "nickname",
		"person_id": 371
	},
	{
		"id": 70,
		"name": "Martha Paty",
		"other_name_type": "nickname",
		"person_id": 378
	},
	{
		"id": 71,
		"name": "El Pollo Constantino",
		"other_name_type": "nickname",
		"person_id": 386
	},
	{
		"id": 72,
		"name": "Profe. Vicky Méndez",
		"other_name_type": "nickname",
		"person_id": 390
	},
	{
		"id": 73,
		"name": "El conta",
		"other_name_type": "nickname",
		"person_id": 392
	},
	{
		"id": 74,
		"name": "La Coronela",
		"other_name_type": "nickname",
		"person_id": 403
	},
	{
		"id": 75,
		"name": "Aquiles",
		"other_name_type": "nickname",
		"person_id": 412
	},
	{
		"id": 76,
		"name": "May",
		"other_name_type": "nickname",
		"person_id": 413
	},
	{
		"id": 77,
		"name": "Carolina Calvo",
		"other_name_type": "nickname",
		"person_id": 414
	},
	{
		"id": 78,
		"name": "Cristy Morales",
		"other_name_type": "nickname",
		"person_id": 421
	},
	{
		"id": 79,
		"name": "Josean",
		"other_name_type": "nickname",
		"person_id": 422
	},
	{
		"id": 80,
		"name": "Pato",
		"other_name_type": "nickname",
		"person_id": 426
	},
	{
		"id": 81,
		"name": "Manaco",
		"other_name_type": "nickname",
		"person_id": 429
	},
	{
		"id": 82,
		"name": "Wazu",
		"other_name_type": "nickname",
		"person_id": 445
	},
	{
		"id": 83,
		"name": "Sigi",
		"other_name_type": "nickname",
		"person_id": 446
	},
	{
		"id": 84,
		"name": "Carlos Chavez",
		"other_name_type": "nickname",
		"person_id": 448
	},
	{
		"id": 85,
		"name": "Chela Acosta",
		"other_name_type": "nickname",
		"person_id": 449
	},
	{
		"id": 86,
		"name": "Carlos Mayorga",
		"other_name_type": "nickname",
		"person_id": 457
	},
	{
		"id": 87,
		"name": "Betty Vela",
		"other_name_type": "nickname",
		"person_id": 458
	},
	{
		"id": 88,
		"name": "Yoshi Villalobos",
		"other_name_type": "nickname",
		"person_id": 461
	},
	{
		"id": 89,
		"name": "Chayo Nevarez",
		"other_name_type": "nickname",
		"person_id": 463
	},
	{
		"id": 90,
		"name": "Fer Villalobos",
		"other_name_type": "nickname",
		"person_id": 470
	},
	{
		"id": 91,
		"name": "Pigüi",
		"other_name_type": "nickname",
		"person_id": 485
	},
	{
		"id": 92,
		"name": "Maestra",
		"other_name_type": "nickname",
		"person_id": 489
	},
	{
		"id": 93,
		"name": "Maite Vargas",
		"other_name_type": "nickname",
		"person_id": 490
	},
	{
		"id": 94,
		"name": "Yako",
		"other_name_type": "nickname",
		"person_id": 494
	},
	{
		"id": 95,
		"name": "Lalo Aguilar",
		"other_name_type": "nickname",
		"person_id": 519
	},
	{
		"id": 96,
		"name": "Rebeca Zoe",
		"other_name_type": "nickname",
		"person_id": 524
	},
	{
		"id": 97,
		"name": "Susy Campos",
		"other_name_type": "nickname",
		"person_id": 527
	},
	{
		"id": 98,
		"name": "Arturo",
		"other_name_type": "nickname",
		"person_id": 528
	},
	{
		"id": 99,
		"name": "Lupita Quevedo",
		"other_name_type": "nickname",
		"person_id": 529
	},
	{
		"id": 100,
		"name": "Juanita Jiménez",
		"other_name_type": "nickname",
		"person_id": 533
	},
	{
		"id": 101,
		"name": "Patria Jimenez",
		"other_name_type": "nickname",
		"person_id": 536
	},
	{
		"id": 102,
		"name": "Sarai Vega",
		"other_name_type": "nickname",
		"person_id": 537
	},
	{
		"id": 103,
		"name": "Tamara Ibarra",
		"other_name_type": "nickname",
		"person_id": 539
	},
	{
		"id": 104,
		"name": "El Gavilan",
		"other_name_type": "nickname",
		"person_id": 541
	},
	{
		"id": 105,
		"name": "Anita",
		"other_name_type": "nickname",
		"person_id": 555
	},
	{
		"id": 106,
		"name": "Patty Guido",
		"other_name_type": "nickname",
		"person_id": 561
	},
	{
		"id": 107,
		"name": "Ivan Prado",
		"other_name_type": "nickname",
		"person_id": 566
	},
	{
		"id": 108,
		"name": "El Dandy",
		"other_name_type": "nickname",
		"person_id": 568
	},
	{
		"id": 109,
		"name": "Yess Gonzalez",
		"other_name_type": "nickname",
		"person_id": 569
	},
	{
		"id": 110,
		"name": "Ara Castro",
		"other_name_type": "nickname",
		"person_id": 575
	},
	{
		"id": 111,
		"name": "El Tiburon",
		"other_name_type": "nickname",
		"person_id": 577
	},
	{
		"id": 112,
		"name": "Dr. Cotero",
		"other_name_type": "nickname",
		"person_id": 578
	},
	{
		"id": 113,
		"name": "La Maestra",
		"other_name_type": "nickname",
		"person_id": 595
	},
	{
		"id": 114,
		"name": "Angelica Diaz",
		"other_name_type": "nickname",
		"person_id": 605
	},
	{
		"id": 115,
		"name": "Flavio Abed",
		"other_name_type": "nickname",
		"person_id": 627
	},
	{
		"id": 116,
		"name": "Fer",
		"other_name_type": "nickname",
		"person_id": 631
	},
	{
		"id": 117,
		"name": "Diana Lara Carreon",
		"other_name_type": "nickname",
		"person_id": 641
	},
	{
		"id": 118,
		"name": "Margarita Zavala",
		"other_name_type": "nickname",
		"person_id": 645
	},
	{
		"id": 119,
		"name": "Gabriela Sodi",
		"other_name_type": "nickname",
		"person_id": 647
	},
	{
		"id": 120,
		"name": "Daniela Acosta",
		"other_name_type": "nickname",
		"person_id": 648
	},
	{
		"id": 121,
		"name": "Rocio Banquells",
		"other_name_type": "nickname",
		"person_id": 649
	},
	{
		"id": 122,
		"name": "Xavier",
		"other_name_type": "nickname",
		"person_id": 651
	},
	{
		"id": 123,
		"name": "Jazmin Pille",
		"other_name_type": "nickname",
		"person_id": 654
	},
	{
		"id": 124,
		"name": "Ana Reyes",
		"other_name_type": "nickname",
		"person_id": 657
	},
	{
		"id": 125,
		"name": "Gabriel Quadri",
		"other_name_type": "nickname",
		"person_id": 658
	},
	{
		"id": 126,
		"name": "Gaby Jimenez",
		"other_name_type": "nickname",
		"person_id": 661
	},
	{
		"id": 127,
		"name": "Noroña",
		"other_name_type": "nickname",
		"person_id": 662
	},
	{
		"id": 128,
		"name": "Maria Rosete",
		"other_name_type": "nickname",
		"person_id": 664
	},
	{
		"id": 129,
		"name": "Nacho Peregrin Schull",
		"other_name_type": "nickname",
		"person_id": 667
	},
	{
		"id": 130,
		"name": "Memo Sanchez",
		"other_name_type": "nickname",
		"person_id": 673
	},
	{
		"id": 131,
		"name": "Maestra Marcela",
		"other_name_type": "nickname",
		"person_id": 674
	},
	{
		"id": 132,
		"name": "Fer Izaguirre",
		"other_name_type": "nickname",
		"person_id": 678
	},
	{
		"id": 133,
		"name": "Kary Ramirez",
		"other_name_type": "nickname",
		"person_id": 679
	},
	{
		"id": 134,
		"name": "Jerico",
		"other_name_type": "nickname",
		"person_id": 683
	},
	{
		"id": 135,
		"name": "Toño Gutierrez Jardon",
		"other_name_type": "nickname",
		"person_id": 684
	},
	{
		"id": 136,
		"name": "Shamir",
		"other_name_type": "nickname",
		"person_id": 685
	},
	{
		"id": 137,
		"name": "Vane",
		"other_name_type": "nickname",
		"person_id": 696
	},
	{
		"id": 138,
		"name": "Rosy Padilla",
		"other_name_type": "nickname",
		"person_id": 697
	},
	{
		"id": 139,
		"name": "Karla Campbell",
		"other_name_type": "nickname",
		"person_id": 702
	},
	{
		"id": 140,
		"name": "Hanna",
		"other_name_type": "nickname",
		"person_id": 709
	},
	{
		"id": 141,
		"name": "Reyna",
		"other_name_type": "nickname",
		"person_id": 714
	},
	{
		"id": 142,
		"name": "Dorian Peralta",
		"other_name_type": "nickname",
		"person_id": 715
	},
	{
		"id": 143,
		"name": "Eva Chávez",
		"other_name_type": "nickname",
		"person_id": 723
	},
	{
		"id": 144,
		"name": "Barbie",
		"other_name_type": "nickname",
		"person_id": 724
	},
	{
		"id": 145,
		"name": "Jb",
		"other_name_type": "nickname",
		"person_id": 726
	},
	{
		"id": 146,
		"name": "El Feo",
		"other_name_type": "nickname",
		"person_id": 728
	},
	{
		"id": 147,
		"name": "El Murra",
		"other_name_type": "nickname",
		"person_id": 729
	},
	{
		"id": 148,
		"name": "Lily Piña",
		"other_name_type": "nickname",
		"person_id": 730
	},
	{
		"id": 149,
		"name": "Lili Estrella",
		"other_name_type": "nickname",
		"person_id": 736
	},
	{
		"id": 150,
		"name": "Jacky Galvan",
		"other_name_type": "nickname",
		"person_id": 744
	},
	{
		"id": 151,
		"name": "El Arqui",
		"other_name_type": "nickname",
		"person_id": 746
	},
	{
		"id": 152,
		"name": "Lichita Garcia",
		"other_name_type": "nickname",
		"person_id": 750
	},
	{
		"id": 153,
		"name": "Rocio Rebollo",
		"other_name_type": "nickname",
		"person_id": 752
	},
	{
		"id": 154,
		"name": "Luly Martinez",
		"other_name_type": "nickname",
		"person_id": 753
	},
	{
		"id": 155,
		"name": "Gina Campuzano",
		"other_name_type": "nickname",
		"person_id": 754
	},
	{
		"id": 156,
		"name": "Rigo Quiñonez",
		"other_name_type": "nickname",
		"person_id": 758
	},
	{
		"id": 157,
		"name": "Ely Carrillo",
		"other_name_type": "nickname",
		"person_id": 764
	},
	{
		"id": 158,
		"name": "Rayito",
		"other_name_type": "nickname",
		"person_id": 768
	},
	{
		"id": 159,
		"name": "Anita Esquivel",
		"other_name_type": "nickname",
		"person_id": 780
	},
	{
		"id": 160,
		"name": "Itzel Balderas",
		"other_name_type": "nickname",
		"person_id": 785
	},
	{
		"id": 161,
		"name": "Estef",
		"other_name_type": "nickname",
		"person_id": 792
	},
	{
		"id": 162,
		"name": "Maestro Alex Calvillo",
		"other_name_type": "nickname",
		"person_id": 804
	},
	{
		"id": 163,
		"name": "Ceci Simon",
		"other_name_type": "nickname",
		"person_id": 806
	},
	{
		"id": 164,
		"name": "Fabricio Aleman",
		"other_name_type": "nickname",
		"person_id": 808
	},
	{
		"id": 165,
		"name": "Dr. Bolaños",
		"other_name_type": "nickname",
		"person_id": 809
	},
	{
		"id": 166,
		"name": "Vicky",
		"other_name_type": "nickname",
		"person_id": 813
	},
	{
		"id": 167,
		"name": "Bacho",
		"other_name_type": "nickname",
		"person_id": 816
	},
	{
		"id": 168,
		"name": "Adri",
		"other_name_type": "nickname",
		"person_id": 818
	},
	{
		"id": 169,
		"name": "Maribel",
		"other_name_type": "nickname",
		"person_id": 822
	},
	{
		"id": 170,
		"name": "Palaxs",
		"other_name_type": "nickname",
		"person_id": 823
	},
	{
		"id": 171,
		"name": "Juan Angel",
		"other_name_type": "nickname",
		"person_id": 824
	},
	{
		"id": 172,
		"name": "Gaby Caamaño",
		"other_name_type": "nickname",
		"person_id": 825
	},
	{
		"id": 173,
		"name": "Ivan Ponce",
		"other_name_type": "nickname",
		"person_id": 827
	},
	{
		"id": 174,
		"name": "Amiga Ruth",
		"other_name_type": "nickname",
		"person_id": 832
	},
	{
		"id": 175,
		"name": "Angelica Sanroman",
		"other_name_type": "nickname",
		"person_id": 833
	},
	{
		"id": 176,
		"name": "Diana Paco",
		"other_name_type": "nickname",
		"person_id": 836
	},
	{
		"id": 177,
		"name": "Mach",
		"other_name_type": "nickname",
		"person_id": 839
	},
	{
		"id": 179,
		"name": "Melissa",
		"other_name_type": "nickname",
		"person_id": 872
	},
	{
		"id": 180,
		"name": "Wences",
		"other_name_type": "nickname",
		"person_id": 875
	},
	{
		"id": 181,
		"name": "Saulo",
		"other_name_type": "nickname",
		"person_id": 879
	},
	{
		"id": 182,
		"name": "Violeta Fox",
		"other_name_type": "nickname",
		"person_id": 885
	},
	{
		"id": 183,
		"name": "Marco Villeda",
		"other_name_type": "nickname",
		"person_id": 893
	},
	{
		"id": 184,
		"name": "Jorrin",
		"other_name_type": "nickname",
		"person_id": 897
	},
	{
		"id": 185,
		"name": "Chely",
		"other_name_type": "nickname",
		"person_id": 901
	},
	{
		"id": 186,
		"name": "Rosario Merlin",
		"other_name_type": "nickname",
		"person_id": 903
	},
	{
		"id": 187,
		"name": "Rosa",
		"other_name_type": "nickname",
		"person_id": 904
	},
	{
		"id": 188,
		"name": "Eduardo",
		"other_name_type": "nickname",
		"person_id": 905
	},
	{
		"id": 189,
		"name": "Julio",
		"other_name_type": "nickname",
		"person_id": 907
	},
	{
		"id": 190,
		"name": "Richard",
		"other_name_type": "nickname",
		"person_id": 909
	},
	{
		"id": 191,
		"name": "Bety Velez",
		"other_name_type": "nickname",
		"person_id": 913
	},
	{
		"id": 192,
		"name": "Greta Ventura",
		"other_name_type": "nickname",
		"person_id": 914
	},
	{
		"id": 193,
		"name": "Eddie Palacios",
		"other_name_type": "nickname",
		"person_id": 917
	},
	{
		"id": 194,
		"name": "Toño (Pana)",
		"other_name_type": "nickname",
		"person_id": 923
	},
	{
		"id": 195,
		"name": "Chuy García",
		"other_name_type": "nickname",
		"person_id": 929
	},
	{
		"id": 196,
		"name": "Maximino De Jesus Rivera,Max Rivera",
		"other_name_type": "nickname",
		"person_id": 933
	},
	{
		"id": 197,
		"name": "Itzel Olguin",
		"other_name_type": "nickname",
		"person_id": 934
	},
	{
		"id": 198,
		"name": "Cien",
		"other_name_type": "nickname",
		"person_id": 935
	},
	{
		"id": 199,
		"name": "Erika Del Carmen Tello",
		"other_name_type": "nickname",
		"person_id": 936
	},
	{
		"id": 200,
		"name": "Dr. Blas",
		"other_name_type": "nickname",
		"person_id": 937
	},
	{
		"id": 201,
		"name": "Olga Montufar",
		"other_name_type": "nickname",
		"person_id": 938
	},
	{
		"id": 202,
		"name": "Vianet Hernandez",
		"other_name_type": "nickname",
		"person_id": 939
	},
	{
		"id": 203,
		"name": "Paloma",
		"other_name_type": "nickname",
		"person_id": 940
	},
	{
		"id": 204,
		"name": "Mary Becerra",
		"other_name_type": "nickname",
		"person_id": 946
	},
	{
		"id": 205,
		"name": "Alberto Osorio",
		"other_name_type": "nickname",
		"person_id": 947
	},
	{
		"id": 206,
		"name": "Memo Trejo",
		"other_name_type": "nickname",
		"person_id": 952
	},
	{
		"id": 207,
		"name": "Severo",
		"other_name_type": "nickname",
		"person_id": 961
	},
	{
		"id": 208,
		"name": "Benny",
		"other_name_type": "nickname",
		"person_id": 963
	},
	{
		"id": 209,
		"name": "Nato Rivera",
		"other_name_type": "nickname",
		"person_id": 967
	},
	{
		"id": 210,
		"name": "El Ministro",
		"other_name_type": "nickname",
		"person_id": 975
	},
	{
		"id": 211,
		"name": "Israel Orozco",
		"other_name_type": "nickname",
		"person_id": 978
	},
	{
		"id": 212,
		"name": "La Lolis",
		"other_name_type": "nickname",
		"person_id": 981
	},
	{
		"id": 213,
		"name": "John Bryanth",
		"other_name_type": "nickname",
		"person_id": 983
	},
	{
		"id": 214,
		"name": "Lety Ulloa",
		"other_name_type": "nickname",
		"person_id": 985
	},
	{
		"id": 215,
		"name": "Leona",
		"other_name_type": "nickname",
		"person_id": 1001
	},
	{
		"id": 216,
		"name": "Polo Cortes",
		"other_name_type": "nickname",
		"person_id": 1015
	},
	{
		"id": 217,
		"name": "Natalia Juarez",
		"other_name_type": "nickname",
		"person_id": 1017
	},
	{
		"id": 218,
		"name": "Berna",
		"other_name_type": "nickname",
		"person_id": 1020
	},
	{
		"id": 219,
		"name": "Dr. Leobardo",
		"other_name_type": "nickname",
		"person_id": 1021
	},
	{
		"id": 220,
		"name": "Vero Juarez",
		"other_name_type": "nickname",
		"person_id": 1023
	},
	{
		"id": 221,
		"name": "Padilla",
		"other_name_type": "nickname",
		"person_id": 1024
	},
	{
		"id": 222,
		"name": "Lupillo",
		"other_name_type": "nickname",
		"person_id": 1025
	},
	{
		"id": 223,
		"name": "Cuquis Camarena",
		"other_name_type": "nickname",
		"person_id": 1026
	},
	{
		"id": 224,
		"name": "Beto Villa",
		"other_name_type": "nickname",
		"person_id": 1028
	},
	{
		"id": 225,
		"name": "Gera Ruiz",
		"other_name_type": "nickname",
		"person_id": 1032
	},
	{
		"id": 226,
		"name": "Dr. Hugo Bravo",
		"other_name_type": "nickname",
		"person_id": 1034
	},
	{
		"id": 227,
		"name": "Dr. Zayas",
		"other_name_type": "nickname",
		"person_id": 1036
	},
	{
		"id": 228,
		"name": "Enrique Guzman",
		"other_name_type": "nickname",
		"person_id": 1038
	},
	{
		"id": 229,
		"name": "Doña Mary",
		"other_name_type": "nickname",
		"person_id": 1043
	},
	{
		"id": 230,
		"name": "Checo Barrera",
		"other_name_type": "nickname",
		"person_id": 1044
	},
	{
		"id": 231,
		"name": "Zague",
		"other_name_type": "nickname",
		"person_id": 1046
	},
	{
		"id": 232,
		"name": "Mary Paez",
		"other_name_type": "nickname",
		"person_id": 1049
	},
	{
		"id": 233,
		"name": "Pepe Guerrero",
		"other_name_type": "nickname",
		"person_id": 1050
	},
	{
		"id": 234,
		"name": "Roy",
		"other_name_type": "nickname",
		"person_id": 1052
	},
	{
		"id": 235,
		"name": "El Mazeco",
		"other_name_type": "nickname",
		"person_id": 1053
	},
	{
		"id": 236,
		"name": "El Bofo Bautista",
		"other_name_type": "nickname",
		"person_id": 1055
	},
	{
		"id": 237,
		"name": "La Piloña",
		"other_name_type": "nickname",
		"person_id": 1056
	},
	{
		"id": 238,
		"name": "El Mueblero",
		"other_name_type": "nickname",
		"person_id": 1058
	},
	{
		"id": 239,
		"name": "El Homero",
		"other_name_type": "nickname",
		"person_id": 1060
	},
	{
		"id": 240,
		"name": "Pepe",
		"other_name_type": "nickname",
		"person_id": 1061
	},
	{
		"id": 241,
		"name": "Adan Alcantar",
		"other_name_type": "nickname",
		"person_id": 1068
	},
	{
		"id": 242,
		"name": "Pepe Valle",
		"other_name_type": "nickname",
		"person_id": 1072
	},
	{
		"id": 243,
		"name": "Martitha Romo",
		"other_name_type": "nickname",
		"person_id": 1077
	},
	{
		"id": 244,
		"name": "Adriana Buenrostro",
		"other_name_type": "nickname",
		"person_id": 1079
	},
	{
		"id": 245,
		"name": "Claudia",
		"other_name_type": "nickname",
		"person_id": 1081
	},
	{
		"id": 246,
		"name": "Arana",
		"other_name_type": "nickname",
		"person_id": 1082
	},
	{
		"id": 247,
		"name": "Andres Ramos",
		"other_name_type": "nickname",
		"person_id": 1083
	},
	{
		"id": 248,
		"name": "Vero",
		"other_name_type": "nickname",
		"person_id": 1091
	},
	{
		"id": 249,
		"name": "Enrique Aubry",
		"other_name_type": "nickname",
		"person_id": 1093
	},
	{
		"id": 252,
		"name": "Jair",
		"other_name_type": "nickname",
		"person_id": 1106
	},
	{
		"id": 253,
		"name": "Gaby",
		"other_name_type": "nickname",
		"person_id": 1117
	},
	{
		"id": 254,
		"name": "Marquitos",
		"other_name_type": "nickname",
		"person_id": 1119
	},
	{
		"id": 255,
		"name": "El Hermano",
		"other_name_type": "nickname",
		"person_id": 1120
	},
	{
		"id": 256,
		"name": "Jonathan Barajas",
		"other_name_type": "nickname",
		"person_id": 1123
	},
	{
		"id": 257,
		"name": "Goyco",
		"other_name_type": "nickname",
		"person_id": 1124
	},
	{
		"id": 258,
		"name": "Pepe Toño Garcia",
		"other_name_type": "nickname",
		"person_id": 1129
	},
	{
		"id": 259,
		"name": "Ivan Rodriguez",
		"other_name_type": "nickname",
		"person_id": 1131
	},
	{
		"id": 260,
		"name": "Magy",
		"other_name_type": "nickname",
		"person_id": 1132
	},
	{
		"id": 261,
		"name": "Dr Martin Rosales",
		"other_name_type": "nickname",
		"person_id": 1133
	},
	{
		"id": 262,
		"name": "Cecilia Barbero",
		"other_name_type": "nickname",
		"person_id": 1134
	},
	{
		"id": 263,
		"name": "Elvia",
		"other_name_type": "nickname",
		"person_id": 1139
	},
	{
		"id": 264,
		"name": "Maribel",
		"other_name_type": "nickname",
		"person_id": 1151
	},
	{
		"id": 265,
		"name": "Gaby Goldsmith",
		"other_name_type": "nickname",
		"person_id": 1155
	},
	{
		"id": 266,
		"name": "El Che",
		"other_name_type": "nickname",
		"person_id": 1157
	},
	{
		"id": 267,
		"name": "Cuacos",
		"other_name_type": "nickname",
		"person_id": 1162
	},
	{
		"id": 268,
		"name": "Cheo",
		"other_name_type": "nickname",
		"person_id": 1168
	},
	{
		"id": 269,
		"name": "Rey O Eynis",
		"other_name_type": "nickname",
		"person_id": 1169
	},
	{
		"id": 270,
		"name": "Eli",
		"other_name_type": "nickname",
		"person_id": 1171
	},
	{
		"id": 271,
		"name": "Nohemi",
		"other_name_type": "nickname",
		"person_id": 1174
	},
	{
		"id": 272,
		"name": "Güero",
		"other_name_type": "nickname",
		"person_id": 1175
	},
	{
		"id": 273,
		"name": "Jorge",
		"other_name_type": "nickname",
		"person_id": 1177
	},
	{
		"id": 274,
		"name": "Magnolia",
		"other_name_type": "nickname",
		"person_id": 1178
	},
	{
		"id": 275,
		"name": "Toño",
		"other_name_type": "nickname",
		"person_id": 1182
	},
	{
		"id": 276,
		"name": "Nena",
		"other_name_type": "nickname",
		"person_id": 1185
	},
	{
		"id": 277,
		"name": "Jose Luis",
		"other_name_type": "nickname",
		"person_id": 1196
	},
	{
		"id": 278,
		"name": "Lic. Centeno",
		"other_name_type": "nickname",
		"person_id": 1197
	},
	{
		"id": 279,
		"name": "Guido",
		"other_name_type": "nickname",
		"person_id": 1202
	},
	{
		"id": 280,
		"name": "Herssael Garcia",
		"other_name_type": "nickname",
		"person_id": 1203
	},
	{
		"id": 281,
		"name": "La Guera",
		"other_name_type": "nickname",
		"person_id": 1208
	},
	{
		"id": 282,
		"name": "El Cachorro",
		"other_name_type": "nickname",
		"person_id": 1230
	},
	{
		"id": 283,
		"name": "Ely",
		"other_name_type": "nickname",
		"person_id": 1234
	},
	{
		"id": 284,
		"name": "Tanya Vazquez",
		"other_name_type": "nickname",
		"person_id": 1239
	},
	{
		"id": 285,
		"name": "Chuma",
		"other_name_type": "nickname",
		"person_id": 1249
	},
	{
		"id": 286,
		"name": "Javier",
		"other_name_type": "nickname",
		"person_id": 1251
	},
	{
		"id": 287,
		"name": "Dave",
		"other_name_type": "nickname",
		"person_id": 1256
	},
	{
		"id": 288,
		"name": "Doctora",
		"other_name_type": "nickname",
		"person_id": 1257
	},
	{
		"id": 289,
		"name": "Mario Mario Serrano",
		"other_name_type": "nickname",
		"person_id": 1261
	},
	{
		"id": 290,
		"name": "Jossu",
		"other_name_type": "nickname",
		"person_id": 1263
	},
	{
		"id": 291,
		"name": "Jacqueline",
		"other_name_type": "nickname",
		"person_id": 1265
	},
	{
		"id": 292,
		"name": "Lic. Arias",
		"other_name_type": "nickname",
		"person_id": 1267
	},
	{
		"id": 293,
		"name": "Lib Quiroz",
		"other_name_type": "nickname",
		"person_id": 1268
	},
	{
		"id": 294,
		"name": "Carmen Hamdan",
		"other_name_type": "nickname",
		"person_id": 1271
	},
	{
		"id": 295,
		"name": "Sandy",
		"other_name_type": "nickname",
		"person_id": 1273
	},
	{
		"id": 296,
		"name": "Kike Moreno",
		"other_name_type": "nickname",
		"person_id": 1278
	},
	{
		"id": 297,
		"name": "Dr. Abraham",
		"other_name_type": "nickname",
		"person_id": 1288
	},
	{
		"id": 298,
		"name": "Joanna F. Torres",
		"other_name_type": "nickname",
		"person_id": 1291
	},
	{
		"id": 299,
		"name": "Pato Sosa",
		"other_name_type": "nickname",
		"person_id": 1292
	},
	{
		"id": 300,
		"name": "Marquito",
		"other_name_type": "nickname",
		"person_id": 1295
	},
	{
		"id": 301,
		"name": "Chavez",
		"other_name_type": "nickname",
		"person_id": 1296
	},
	{
		"id": 302,
		"name": "Profesor Hector Serna Valdez",
		"other_name_type": "nickname",
		"person_id": 1297
	},
	{
		"id": 304,
		"name": "Rene Katusco",
		"other_name_type": "nickname",
		"person_id": 1301
	},
	{
		"id": 305,
		"name": "Adri Monroy",
		"other_name_type": "nickname",
		"person_id": 1303
	},
	{
		"id": 306,
		"name": "Tere Castell",
		"other_name_type": "nickname",
		"person_id": 1304
	},
	{
		"id": 307,
		"name": "Mary Ramirez",
		"other_name_type": "nickname",
		"person_id": 1305
	},
	{
		"id": 308,
		"name": "Profe Vargas",
		"other_name_type": "nickname",
		"person_id": 1307
	},
	{
		"id": 309,
		"name": "Xochitl Zagal",
		"other_name_type": "nickname",
		"person_id": 1308
	},
	{
		"id": 310,
		"name": "Boris",
		"other_name_type": "nickname",
		"person_id": 1310
	},
	{
		"id": 311,
		"name": "Dioni",
		"other_name_type": "nickname",
		"person_id": 1311
	},
	{
		"id": 312,
		"name": "Maru",
		"other_name_type": "nickname",
		"person_id": 1313
	},
	{
		"id": 313,
		"name": "Dr Favela",
		"other_name_type": "nickname",
		"person_id": 1314
	},
	{
		"id": 314,
		"name": "Guadalupe Roman",
		"other_name_type": "nickname",
		"person_id": 1316
	},
	{
		"id": 315,
		"name": "El Tornillo",
		"other_name_type": "nickname",
		"person_id": 1323
	},
	{
		"id": 316,
		"name": "Vicente Onofre",
		"other_name_type": "nickname",
		"person_id": 1325
	},
	{
		"id": 317,
		"name": "Javier",
		"other_name_type": "nickname",
		"person_id": 1326
	},
	{
		"id": 318,
		"name": "General",
		"other_name_type": "nickname",
		"person_id": 1333
	},
	{
		"id": 319,
		"name": "Niño",
		"other_name_type": "nickname",
		"person_id": 1340
	},
	{
		"id": 320,
		"name": "Bella Ferragamo",
		"other_name_type": "nickname",
		"person_id": 1343
	},
	{
		"id": 321,
		"name": "El Ruedas",
		"other_name_type": "nickname",
		"person_id": 1352
	},
	{
		"id": 322,
		"name": "Andrea Bataz",
		"other_name_type": "nickname",
		"person_id": 1362
	},
	{
		"id": 323,
		"name": "Vane",
		"other_name_type": "nickname",
		"person_id": 1367
	},
	{
		"id": 324,
		"name": "Zetina",
		"other_name_type": "nickname",
		"person_id": 1368
	},
	{
		"id": 325,
		"name": "La Conta",
		"other_name_type": "nickname",
		"person_id": 1369
	},
	{
		"id": 326,
		"name": "Tete",
		"other_name_type": "nickname",
		"person_id": 1388
	},
	{
		"id": 327,
		"name": "Mitzi",
		"other_name_type": "nickname",
		"person_id": 1389
	},
	{
		"id": 328,
		"name": "Lupita Godinez",
		"other_name_type": "nickname",
		"person_id": 1390
	},
	{
		"id": 329,
		"name": "Betty Millan",
		"other_name_type": "nickname",
		"person_id": 1391
	},
	{
		"id": 330,
		"name": "Maru",
		"other_name_type": "nickname",
		"person_id": 1394
	},
	{
		"id": 331,
		"name": "Mane",
		"other_name_type": "nickname",
		"person_id": 1395
	},
	{
		"id": 332,
		"name": "Zarzosa",
		"other_name_type": "nickname",
		"person_id": 1402
	},
	{
		"id": 333,
		"name": "Krishna Romero",
		"other_name_type": "nickname",
		"person_id": 1404
	},
	{
		"id": 334,
		"name": "Alma Delia Sanchez",
		"other_name_type": "nickname",
		"person_id": 1405
	},
	{
		"id": 335,
		"name": "Gaby Olvera",
		"other_name_type": "nickname",
		"person_id": 1406
	},
	{
		"id": 336,
		"name": "Meli",
		"other_name_type": "nickname",
		"person_id": 1407
	},
	{
		"id": 337,
		"name": "Alan",
		"other_name_type": "nickname",
		"person_id": 1413
	},
	{
		"id": 338,
		"name": "Rafa",
		"other_name_type": "nickname",
		"person_id": 1416
	},
	{
		"id": 339,
		"name": "Tere Maru",
		"other_name_type": "nickname",
		"person_id": 1417
	},
	{
		"id": 340,
		"name": "Claudia Dominguez",
		"other_name_type": "nickname",
		"person_id": 1421
	},
	{
		"id": 341,
		"name": "Gela Huerta",
		"other_name_type": "nickname",
		"person_id": 1423
	},
	{
		"id": 342,
		"name": "Maru Muciño",
		"other_name_type": "nickname",
		"person_id": 1428
	},
	{
		"id": 343,
		"name": "Dr. Arturo",
		"other_name_type": "nickname",
		"person_id": 1429
	},
	{
		"id": 344,
		"name": "Profe Montalvo",
		"other_name_type": "nickname",
		"person_id": 1430
	},
	{
		"id": 345,
		"name": "Güera",
		"other_name_type": "nickname",
		"person_id": 1431
	},
	{
		"id": 346,
		"name": "Blanca Cortes",
		"other_name_type": "nickname",
		"person_id": 1437
	},
	{
		"id": 347,
		"name": "Fernando Anaya",
		"other_name_type": "nickname",
		"person_id": 1438
	},
	{
		"id": 348,
		"name": "Trino",
		"other_name_type": "nickname",
		"person_id": 1445
	},
	{
		"id": 349,
		"name": "Mela",
		"other_name_type": "nickname",
		"person_id": 1447
	},
	{
		"id": 350,
		"name": "Vane Lopez",
		"other_name_type": "nickname",
		"person_id": 1450
	},
	{
		"id": 351,
		"name": "La Brava",
		"other_name_type": "nickname",
		"person_id": 1452
	},
	{
		"id": 352,
		"name": "Circe Lopez",
		"other_name_type": "nickname",
		"person_id": 1456
	},
	{
		"id": 353,
		"name": "Dra. Belinda",
		"other_name_type": "nickname",
		"person_id": 1462
	},
	{
		"id": 354,
		"name": "Lulu",
		"other_name_type": "nickname",
		"person_id": 1463
	},
	{
		"id": 355,
		"name": "El Del Sombrero",
		"other_name_type": "nickname",
		"person_id": 1468
	},
	{
		"id": 356,
		"name": "Mtra. Chela Andrade",
		"other_name_type": "nickname",
		"person_id": 1469
	},
	{
		"id": 357,
		"name": "Esbeide Villanueva",
		"other_name_type": "nickname",
		"person_id": 1471
	},
	{
		"id": 358,
		"name": "Nahiely Ramirez",
		"other_name_type": "nickname",
		"person_id": 1472
	},
	{
		"id": 359,
		"name": "Sergio Freeman",
		"other_name_type": "nickname",
		"person_id": 1473
	},
	{
		"id": 360,
		"name": "Sergio Leal \"El Gato\"",
		"other_name_type": "nickname",
		"person_id": 1474
	},
	{
		"id": 361,
		"name": "Sergio Garcia",
		"other_name_type": "nickname",
		"person_id": 1475
	},
	{
		"id": 362,
		"name": "Ayary Contreras",
		"other_name_type": "nickname",
		"person_id": 1476
	},
	{
		"id": 363,
		"name": "Doramitzi Gonzalez",
		"other_name_type": "nickname",
		"person_id": 1477
	},
	{
		"id": 364,
		"name": "Castor",
		"other_name_type": "nickname",
		"person_id": 1478
	},
	{
		"id": 365,
		"name": "Arcelia Mendoza",
		"other_name_type": "nickname",
		"person_id": 1479
	},
	{
		"id": 366,
		"name": "Adrian Ruiz \"El Chivero\"",
		"other_name_type": "nickname",
		"person_id": 1480
	},
	{
		"id": 367,
		"name": "Dr Pepe Rios",
		"other_name_type": "nickname",
		"person_id": 1481
	},
	{
		"id": 368,
		"name": "Davis",
		"other_name_type": "nickname",
		"person_id": 1485
	},
	{
		"id": 369,
		"name": "Carmelita Cortes",
		"other_name_type": "nickname",
		"person_id": 1488
	},
	{
		"id": 370,
		"name": "Carmen Pali",
		"other_name_type": "nickname",
		"person_id": 1492
	},
	{
		"id": 371,
		"name": "Bella",
		"other_name_type": "nickname",
		"person_id": 1499
	},
	{
		"id": 372,
		"name": "Lalo Orihuela",
		"other_name_type": "nickname",
		"person_id": 1506
	},
	{
		"id": 373,
		"name": "Macarena Chavez",
		"other_name_type": "nickname",
		"person_id": 1510
	},
	{
		"id": 374,
		"name": "Paco Huacus",
		"other_name_type": "nickname",
		"person_id": 1513
	},
	{
		"id": 375,
		"name": "Nadia Luz",
		"other_name_type": "nickname",
		"person_id": 1515
	},
	{
		"id": 376,
		"name": "Arqui Albarran",
		"other_name_type": "nickname",
		"person_id": 1516
	},
	{
		"id": 377,
		"name": "Sergio El Ganador",
		"other_name_type": "nickname",
		"person_id": 1517
	},
	{
		"id": 378,
		"name": "Amado",
		"other_name_type": "nickname",
		"person_id": 1518
	},
	{
		"id": 379,
		"name": "Nena",
		"other_name_type": "nickname",
		"person_id": 1522
	},
	{
		"id": 380,
		"name": "Eloina",
		"other_name_type": "nickname",
		"person_id": 1524
	},
	{
		"id": 381,
		"name": "Manuel Cota",
		"other_name_type": "nickname",
		"person_id": 1527
	},
	{
		"id": 382,
		"name": "Tita Marquez",
		"other_name_type": "nickname",
		"person_id": 1528
	},
	{
		"id": 383,
		"name": "Fugio Ortiz",
		"other_name_type": "nickname",
		"person_id": 1530
	},
	{
		"id": 384,
		"name": "Julieta Mejia",
		"other_name_type": "nickname",
		"person_id": 1532
	},
	{
		"id": 385,
		"name": "Vero Villela",
		"other_name_type": "nickname",
		"person_id": 1533
	},
	{
		"id": 386,
		"name": "Amaury Ponce",
		"other_name_type": "nickname",
		"person_id": 1534
	},
	{
		"id": 387,
		"name": "Checo",
		"other_name_type": "nickname",
		"person_id": 1535
	},
	{
		"id": 388,
		"name": "Polo",
		"other_name_type": "nickname",
		"person_id": 1538
	},
	{
		"id": 389,
		"name": "Lesly Prado",
		"other_name_type": "nickname",
		"person_id": 1542
	},
	{
		"id": 390,
		"name": "Jaime Elizondo",
		"other_name_type": "nickname",
		"person_id": 1543
	},
	{
		"id": 391,
		"name": "El Lobo Mayor",
		"other_name_type": "nickname",
		"person_id": 1555
	},
	{
		"id": 392,
		"name": "Adriana Diaz",
		"other_name_type": "nickname",
		"person_id": 1556
	},
	{
		"id": 393,
		"name": "Pili Tavira",
		"other_name_type": "nickname",
		"person_id": 1557
	},
	{
		"id": 394,
		"name": "Estefi Luna",
		"other_name_type": "nickname",
		"person_id": 1558
	},
	{
		"id": 395,
		"name": "Checo Nava",
		"other_name_type": "nickname",
		"person_id": 1565
	},
	{
		"id": 396,
		"name": "Thelma Cora",
		"other_name_type": "nickname",
		"person_id": 1566
	},
	{
		"id": 397,
		"name": "Sagaon",
		"other_name_type": "nickname",
		"person_id": 1569
	},
	{
		"id": 398,
		"name": "Dra Lilia",
		"other_name_type": "nickname",
		"person_id": 1570
	},
	{
		"id": 399,
		"name": "Rudy Martinez",
		"other_name_type": "nickname",
		"person_id": 1574
	},
	{
		"id": 400,
		"name": "Brujo",
		"other_name_type": "nickname",
		"person_id": 1576
	},
	{
		"id": 401,
		"name": "El abuelo",
		"other_name_type": "nickname",
		"person_id": 1579
	},
	{
		"id": 402,
		"name": "Advocatus",
		"other_name_type": "nickname",
		"person_id": 1580
	},
	{
		"id": 403,
		"name": "David Toache",
		"other_name_type": "nickname",
		"person_id": 1582
	},
	{
		"id": 404,
		"name": "Jose Treviño",
		"other_name_type": "nickname",
		"person_id": 1583
	},
	{
		"id": 405,
		"name": "El Doc",
		"other_name_type": "nickname",
		"person_id": 1584
	},
	{
		"id": 406,
		"name": "Mary Cuevas",
		"other_name_type": "nickname",
		"person_id": 1585
	},
	{
		"id": 407,
		"name": "Soffy Wood",
		"other_name_type": "nickname",
		"person_id": 1586
	},
	{
		"id": 408,
		"name": "Armando",
		"other_name_type": "nickname",
		"person_id": 1587
	},
	{
		"id": 409,
		"name": "Claudia Cervantes",
		"other_name_type": "nickname",
		"person_id": 1588
	},
	{
		"id": 410,
		"name": "Ismael",
		"other_name_type": "nickname",
		"person_id": 1589
	},
	{
		"id": 411,
		"name": "Linda Aurora",
		"other_name_type": "nickname",
		"person_id": 1590
	},
	{
		"id": 412,
		"name": "Poncho Villa",
		"other_name_type": "nickname",
		"person_id": 1591
	},
	{
		"id": 413,
		"name": "Topaz",
		"other_name_type": "nickname",
		"person_id": 1595
	},
	{
		"id": 414,
		"name": "Blanca Del Toro",
		"other_name_type": "nickname",
		"person_id": 1596
	},
	{
		"id": 415,
		"name": "Abel",
		"other_name_type": "nickname",
		"person_id": 1597
	},
	{
		"id": 416,
		"name": "Guille Alvarado",
		"other_name_type": "nickname",
		"person_id": 1599
	},
	{
		"id": 417,
		"name": "Yarely Vera",
		"other_name_type": "nickname",
		"person_id": 1603
	},
	{
		"id": 418,
		"name": "Tania Gomez",
		"other_name_type": "nickname",
		"person_id": 1604
	},
	{
		"id": 419,
		"name": "Paola Gonzalez",
		"other_name_type": "nickname",
		"person_id": 1605
	},
	{
		"id": 420,
		"name": "Annel",
		"other_name_type": "nickname",
		"person_id": 1608
	},
	{
		"id": 421,
		"name": "Jose Luis",
		"other_name_type": "nickname",
		"person_id": 1616
	},
	{
		"id": 422,
		"name": "Gaby Elizondo",
		"other_name_type": "nickname",
		"person_id": 1623
	},
	{
		"id": 423,
		"name": "Valeria Valdes",
		"other_name_type": "nickname",
		"person_id": 1626
	},
	{
		"id": 424,
		"name": "Cuquita Martinez",
		"other_name_type": "nickname",
		"person_id": 1631
	},
	{
		"id": 425,
		"name": "Laya",
		"other_name_type": "nickname",
		"person_id": 1636
	},
	{
		"id": 426,
		"name": "Andy",
		"other_name_type": "nickname",
		"person_id": 1637
	},
	{
		"id": 427,
		"name": "Joselin Sosa",
		"other_name_type": "nickname",
		"person_id": 1653
	},
	{
		"id": 428,
		"name": "Cheli",
		"other_name_type": "nickname",
		"person_id": 1654
	},
	{
		"id": 429,
		"name": "Gaby Matus",
		"other_name_type": "nickname",
		"person_id": 1655
	},
	{
		"id": 430,
		"name": "Karlita",
		"other_name_type": "nickname",
		"person_id": 1656
	},
	{
		"id": 431,
		"name": "Marco Carrasco",
		"other_name_type": "nickname",
		"person_id": 1658
	},
	{
		"id": 432,
		"name": "Carmelita Ricardez",
		"other_name_type": "nickname",
		"person_id": 1662
	},
	{
		"id": 433,
		"name": "El Andariego",
		"other_name_type": "nickname",
		"person_id": 1663
	},
	{
		"id": 434,
		"name": "Maestra Hita",
		"other_name_type": "nickname",
		"person_id": 1669
	},
	{
		"id": 435,
		"name": "Hector Montes Parra",
		"other_name_type": "nickname",
		"person_id": 1670
	},
	{
		"id": 436,
		"name": "Raquel Martinez",
		"other_name_type": "nickname",
		"person_id": 1673
	},
	{
		"id": 437,
		"name": "Dr. Román Díaz",
		"other_name_type": "nickname",
		"person_id": 1675
	},
	{
		"id": 438,
		"name": "Toño Amaro",
		"other_name_type": "nickname",
		"person_id": 1686
	},
	{
		"id": 439,
		"name": "Profr. Candido",
		"other_name_type": "nickname",
		"person_id": 1687
	},
	{
		"id": 440,
		"name": "Toño Hernandez Fraguas",
		"other_name_type": "nickname",
		"person_id": 1689
	},
	{
		"id": 441,
		"name": "Miriam Liborio",
		"other_name_type": "nickname",
		"person_id": 1690
	},
	{
		"id": 442,
		"name": "Pepe Estefan",
		"other_name_type": "nickname",
		"person_id": 1693
	},
	{
		"id": 443,
		"name": "La Vaquerita",
		"other_name_type": "nickname",
		"person_id": 1699
	},
	{
		"id": 444,
		"name": "Miguel Angel",
		"other_name_type": "nickname",
		"person_id": 1705
	},
	{
		"id": 445,
		"name": "Mago Tlapa",
		"other_name_type": "nickname",
		"person_id": 1706
	},
	{
		"id": 446,
		"name": "Maru",
		"other_name_type": "nickname",
		"person_id": 1707
	},
	{
		"id": 447,
		"name": "Celia Ortuño",
		"other_name_type": "nickname",
		"person_id": 1711
	},
	{
		"id": 448,
		"name": "Don Santos El Pollero",
		"other_name_type": "nickname",
		"person_id": 1714
	},
	{
		"id": 449,
		"name": "Rechy",
		"other_name_type": "nickname",
		"person_id": 1715
	},
	{
		"id": 450,
		"name": "Artista Chingon",
		"other_name_type": "nickname",
		"person_id": 1716
	},
	{
		"id": 451,
		"name": "Beto Herrera",
		"other_name_type": "nickname",
		"person_id": 1720
	},
	{
		"id": 452,
		"name": "Miguel Machorro",
		"other_name_type": "nickname",
		"person_id": 1736
	},
	{
		"id": 453,
		"name": "Jess Jimenez",
		"other_name_type": "nickname",
		"person_id": 1738
	},
	{
		"id": 454,
		"name": "Bety Hernandez",
		"other_name_type": "nickname",
		"person_id": 1746
	},
	{
		"id": 455,
		"name": "Moni Roldan",
		"other_name_type": "nickname",
		"person_id": 1748
	},
	{
		"id": 456,
		"name": "Erika Luna",
		"other_name_type": "nickname",
		"person_id": 1750
	},
	{
		"id": 457,
		"name": "Linda Torres",
		"other_name_type": "nickname",
		"person_id": 1752
	},
	{
		"id": 458,
		"name": "Bety Terreros",
		"other_name_type": "nickname",
		"person_id": 1753
	},
	{
		"id": 459,
		"name": "Kyry",
		"other_name_type": "nickname",
		"person_id": 1755
	},
	{
		"id": 460,
		"name": "Diana Ortega",
		"other_name_type": "nickname",
		"person_id": 1756
	},
	{
		"id": 461,
		"name": "Armando",
		"other_name_type": "nickname",
		"person_id": 1760
	},
	{
		"id": 462,
		"name": "Ana Tere",
		"other_name_type": "nickname",
		"person_id": 1765
	},
	{
		"id": 463,
		"name": "El Tigre",
		"other_name_type": "nickname",
		"person_id": 1766
	},
	{
		"id": 464,
		"name": "Carolina Beauregard",
		"other_name_type": "nickname",
		"person_id": 1767
	},
	{
		"id": 465,
		"name": "Maestra Hersilia",
		"other_name_type": "nickname",
		"person_id": 1769
	},
	{
		"id": 466,
		"name": "Tony Natale",
		"other_name_type": "nickname",
		"person_id": 1772
	},
	{
		"id": 467,
		"name": "Nay Salvatori",
		"other_name_type": "nickname",
		"person_id": 1780
	},
	{
		"id": 468,
		"name": "Araceli",
		"other_name_type": "nickname",
		"person_id": 1784
	},
	{
		"id": 469,
		"name": "Cludia",
		"other_name_type": "nickname",
		"person_id": 1788
	},
	{
		"id": 470,
		"name": "Stuardo Llamas",
		"other_name_type": "nickname",
		"person_id": 1789
	},
	{
		"id": 471,
		"name": "Sonia Rocha",
		"other_name_type": "nickname",
		"person_id": 1794
	},
	{
		"id": 472,
		"name": "Rosy Olvera",
		"other_name_type": "nickname",
		"person_id": 1795
	},
	{
		"id": 473,
		"name": "Joss Bueno",
		"other_name_type": "nickname",
		"person_id": 1796
	},
	{
		"id": 474,
		"name": "Alexa Hernandez",
		"other_name_type": "nickname",
		"person_id": 1797
	},
	{
		"id": 475,
		"name": "Pepe",
		"other_name_type": "nickname",
		"person_id": 1798
	},
	{
		"id": 476,
		"name": "Tere Paredes",
		"other_name_type": "nickname",
		"person_id": 1803
	},
	{
		"id": 477,
		"name": "Danny Montalvo",
		"other_name_type": "nickname",
		"person_id": 1804
	},
	{
		"id": 478,
		"name": "Pepe Juan Chilon",
		"other_name_type": "nickname",
		"person_id": 1806
	},
	{
		"id": 479,
		"name": "Greg",
		"other_name_type": "nickname",
		"person_id": 1810
	},
	{
		"id": 480,
		"name": "Alondra Name",
		"other_name_type": "nickname",
		"person_id": 1815
	},
	{
		"id": 481,
		"name": "Humberto Obed",
		"other_name_type": "nickname",
		"person_id": 1817
	},
	{
		"id": 482,
		"name": "Juan Carrillo",
		"other_name_type": "nickname",
		"person_id": 1823
	},
	{
		"id": 483,
		"name": "Anahi Gonzalez",
		"other_name_type": "nickname",
		"person_id": 1824
	},
	{
		"id": 484,
		"name": "Batun",
		"other_name_type": "nickname",
		"person_id": 1825
	},
	{
		"id": 485,
		"name": "Laura Fernandez",
		"other_name_type": "nickname",
		"person_id": 1826
	},
	{
		"id": 486,
		"name": "David Rangel El Capi",
		"other_name_type": "nickname",
		"person_id": 1829
	},
	{
		"id": 487,
		"name": "Pepe Toño",
		"other_name_type": "nickname",
		"person_id": 1842
	},
	{
		"id": 488,
		"name": "Fernanda Yrizar",
		"other_name_type": "nickname",
		"person_id": 1845
	},
	{
		"id": 489,
		"name": "Servando",
		"other_name_type": "nickname",
		"person_id": 1846
	},
	{
		"id": 490,
		"name": "La Güera",
		"other_name_type": "nickname",
		"person_id": 1848
	},
	{
		"id": 491,
		"name": "Sam",
		"other_name_type": "nickname",
		"person_id": 1852
	},
	{
		"id": 492,
		"name": "Dr. Arce",
		"other_name_type": "nickname",
		"person_id": 1854
	},
	{
		"id": 493,
		"name": "Lic. Gonzalez Castañeda",
		"other_name_type": "nickname",
		"person_id": 1855
	},
	{
		"id": 494,
		"name": "Ely",
		"other_name_type": "nickname",
		"person_id": 1856
	},
	{
		"id": 495,
		"name": "Sara Rocha",
		"other_name_type": "nickname",
		"person_id": 1858
	},
	{
		"id": 496,
		"name": "Marce",
		"other_name_type": "nickname",
		"person_id": 1863
	},
	{
		"id": 497,
		"name": "Jano Segovia",
		"other_name_type": "nickname",
		"person_id": 1864
	},
	{
		"id": 498,
		"name": "Dr. Antolin Guerrero",
		"other_name_type": "nickname",
		"person_id": 1866
	},
	{
		"id": 499,
		"name": "Maestra",
		"other_name_type": "nickname",
		"person_id": 1874
	},
	{
		"id": 500,
		"name": "El Jaibo",
		"other_name_type": "nickname",
		"person_id": 1875
	},
	{
		"id": 501,
		"name": "Paulina",
		"other_name_type": "nickname",
		"person_id": 1882
	},
	{
		"id": 502,
		"name": "Abraham Raya",
		"other_name_type": "nickname",
		"person_id": 1884
	},
	{
		"id": 503,
		"name": "El Güero Cruz",
		"other_name_type": "nickname",
		"person_id": 1885
	},
	{
		"id": 504,
		"name": "Blanca Rico",
		"other_name_type": "nickname",
		"person_id": 1901
	},
	{
		"id": 505,
		"name": "Dra Paloma Meneses",
		"other_name_type": "nickname",
		"person_id": 1904
	},
	{
		"id": 506,
		"name": "Pio",
		"other_name_type": "nickname",
		"person_id": 1908
	},
	{
		"id": 507,
		"name": "El Profe",
		"other_name_type": "nickname",
		"person_id": 1913
	},
	{
		"id": 508,
		"name": "Yadira Marcos",
		"other_name_type": "nickname",
		"person_id": 1914
	},
	{
		"id": 509,
		"name": "Jesse",
		"other_name_type": "nickname",
		"person_id": 1917
	},
	{
		"id": 510,
		"name": "El Balde",
		"other_name_type": "nickname",
		"person_id": 1920
	},
	{
		"id": 511,
		"name": "Fabby",
		"other_name_type": "nickname",
		"person_id": 1922
	},
	{
		"id": 512,
		"name": "Yuyina",
		"other_name_type": "nickname",
		"person_id": 1933
	},
	{
		"id": 513,
		"name": "Lety Amparano",
		"other_name_type": "nickname",
		"person_id": 1937
	},
	{
		"id": 514,
		"name": "Arturo Fernandez",
		"other_name_type": "nickname",
		"person_id": 1938
	},
	{
		"id": 515,
		"name": "El Negro",
		"other_name_type": "nickname",
		"person_id": 1939
	},
	{
		"id": 516,
		"name": "Ana Bernal",
		"other_name_type": "nickname",
		"person_id": 1942
	},
	{
		"id": 517,
		"name": "El Carolino",
		"other_name_type": "nickname",
		"person_id": 1945
	},
	{
		"id": 518,
		"name": "La Maestra",
		"other_name_type": "nickname",
		"person_id": 1946
	},
	{
		"id": 519,
		"name": "Ramoncita",
		"other_name_type": "nickname",
		"person_id": 1947
	},
	{
		"id": 520,
		"name": "Charly Leon",
		"other_name_type": "nickname",
		"person_id": 1949
	},
	{
		"id": 521,
		"name": "La Chef",
		"other_name_type": "nickname",
		"person_id": 1951
	},
	{
		"id": 522,
		"name": "Lalo",
		"other_name_type": "nickname",
		"person_id": 1952
	},
	{
		"id": 523,
		"name": "Panchito",
		"other_name_type": "nickname",
		"person_id": 1955
	},
	{
		"id": 524,
		"name": "Marycarmen",
		"other_name_type": "nickname",
		"person_id": 1956
	},
	{
		"id": 525,
		"name": "Kitty",
		"other_name_type": "nickname",
		"person_id": 1961
	},
	{
		"id": 526,
		"name": "Rosa A. Gayosso De Sevilla",
		"other_name_type": "nickname",
		"person_id": 1966
	},
	{
		"id": 527,
		"name": "Mara Yee, Mara Vazquez Yee",
		"other_name_type": "nickname",
		"person_id": 1970
	},
	{
		"id": 528,
		"name": "Raque",
		"other_name_type": "nickname",
		"person_id": 1978
	},
	{
		"id": 529,
		"name": "Neto",
		"other_name_type": "nickname",
		"person_id": 1979
	},
	{
		"id": 530,
		"name": "Cueto",
		"other_name_type": "nickname",
		"person_id": 1981
	},
	{
		"id": 531,
		"name": "Leydi Lopez",
		"other_name_type": "nickname",
		"person_id": 1983
	},
	{
		"id": 532,
		"name": "Javier Perez Ramirez",
		"other_name_type": "nickname",
		"person_id": 1986
	},
	{
		"id": 533,
		"name": "Lesvia Leon",
		"other_name_type": "nickname",
		"person_id": 1987
	},
	{
		"id": 534,
		"name": "Gina",
		"other_name_type": "nickname",
		"person_id": 1988
	},
	{
		"id": 535,
		"name": "La Contadora",
		"other_name_type": "nickname",
		"person_id": 1992
	},
	{
		"id": 536,
		"name": "Kike Zubiaur",
		"other_name_type": "nickname",
		"person_id": 2001
	},
	{
		"id": 537,
		"name": "Lupita Vidal",
		"other_name_type": "nickname",
		"person_id": 2006
	},
	{
		"id": 538,
		"name": "Vero",
		"other_name_type": "nickname",
		"person_id": 2010
	},
	{
		"id": 539,
		"name": "La Inge",
		"other_name_type": "nickname",
		"person_id": 2012
	},
	{
		"id": 541,
		"name": "Patty Gómez de Briones",
		"other_name_type": "nickname",
		"person_id": 2014
	},
	{
		"id": 542,
		"name": "Chava Rosas",
		"other_name_type": "nickname",
		"person_id": 2018
	},
	{
		"id": 543,
		"name": "Letty Gutierrez",
		"other_name_type": "nickname",
		"person_id": 2019
	},
	{
		"id": 544,
		"name": "Joaco",
		"other_name_type": "nickname",
		"person_id": 2023
	},
	{
		"id": 545,
		"name": "Laurita",
		"other_name_type": "nickname",
		"person_id": 2026
	},
	{
		"id": 546,
		"name": "Yanin",
		"other_name_type": "nickname",
		"person_id": 2029
	},
	{
		"id": 547,
		"name": "Gina",
		"other_name_type": "nickname",
		"person_id": 2033
	},
	{
		"id": 548,
		"name": "Jonathan Zorrilla",
		"other_name_type": "nickname",
		"person_id": 2034
	},
	{
		"id": 549,
		"name": "Maestra Norita",
		"other_name_type": "nickname",
		"person_id": 2036
	},
	{
		"id": 550,
		"name": "Pepe Hurtado",
		"other_name_type": "nickname",
		"person_id": 2037
	},
	{
		"id": 551,
		"name": "Ricardo \"el Baby\" Vazquez Muñoz",
		"other_name_type": "nickname",
		"person_id": 2040
	},
	{
		"id": 552,
		"name": "El Profe",
		"other_name_type": "nickname",
		"person_id": 2044
	},
	{
		"id": 553,
		"name": "Doris",
		"other_name_type": "nickname",
		"person_id": 2047
	},
	{
		"id": 554,
		"name": "Lily Duran",
		"other_name_type": "nickname",
		"person_id": 2049
	},
	{
		"id": 555,
		"name": "Any Saldaña",
		"other_name_type": "nickname",
		"person_id": 2050
	},
	{
		"id": 556,
		"name": "Letty Silva",
		"other_name_type": "nickname",
		"person_id": 2051
	},
	{
		"id": 557,
		"name": "Hugo Rojo",
		"other_name_type": "nickname",
		"person_id": 2055
	},
	{
		"id": 558,
		"name": "Lic. Oscar Gibran",
		"other_name_type": "nickname",
		"person_id": 2057
	},
	{
		"id": 559,
		"name": "Charito",
		"other_name_type": "nickname",
		"person_id": 2061
	},
	{
		"id": 560,
		"name": "Coco Cardenas",
		"other_name_type": "nickname",
		"person_id": 2067
	},
	{
		"id": 561,
		"name": "Profe",
		"other_name_type": "nickname",
		"person_id": 2068
	},
	{
		"id": 562,
		"name": "Poncho Méndez",
		"other_name_type": "nickname",
		"person_id": 2070
	},
	{
		"id": 563,
		"name": "Isby Lopez",
		"other_name_type": "nickname",
		"person_id": 2073
	},
	{
		"id": 564,
		"name": "Anwar Vivian",
		"other_name_type": "nickname",
		"person_id": 2074
	},
	{
		"id": 565,
		"name": "Max Labarca",
		"other_name_type": "nickname",
		"person_id": 2077
	},
	{
		"id": 566,
		"name": "El Lic Fidel Rodriguez",
		"other_name_type": "nickname",
		"person_id": 2078
	},
	{
		"id": 567,
		"name": "Lalo Chavarria",
		"other_name_type": "nickname",
		"person_id": 2084
	},
	{
		"id": 568,
		"name": "Alex Flores Lopez",
		"other_name_type": "nickname",
		"person_id": 2089
	},
	{
		"id": 569,
		"name": "Chavita",
		"other_name_type": "nickname",
		"person_id": 2091
	},
	{
		"id": 570,
		"name": "Aida Canuto",
		"other_name_type": "nickname",
		"person_id": 2099
	},
	{
		"id": 571,
		"name": "Cristy",
		"other_name_type": "nickname",
		"person_id": 2101
	},
	{
		"id": 572,
		"name": "Maru Tirado",
		"other_name_type": "nickname",
		"person_id": 2104
	},
	{
		"id": 573,
		"name": "Irineo",
		"other_name_type": "nickname",
		"person_id": 2116
	},
	{
		"id": 574,
		"name": "Estela Salas",
		"other_name_type": "nickname",
		"person_id": 2118
	},
	{
		"id": 575,
		"name": "Edith Cervantes",
		"other_name_type": "nickname",
		"person_id": 2119
	},
	{
		"id": 576,
		"name": "Claudia Menes",
		"other_name_type": "nickname",
		"person_id": 2120
	},
	{
		"id": 577,
		"name": "German",
		"other_name_type": "nickname",
		"person_id": 2121
	},
	{
		"id": 578,
		"name": "Yessi",
		"other_name_type": "nickname",
		"person_id": 2122
	},
	{
		"id": 579,
		"name": "Profe Capetillo",
		"other_name_type": "nickname",
		"person_id": 2133
	},
	{
		"id": 580,
		"name": "Mascareñas",
		"other_name_type": "nickname",
		"person_id": 2137
	},
	{
		"id": 581,
		"name": "Sagrario Hernandez",
		"other_name_type": "nickname",
		"person_id": 2139
	},
	{
		"id": 582,
		"name": "Dul",
		"other_name_type": "nickname",
		"person_id": 2142
	},
	{
		"id": 583,
		"name": "Marichuy Lavalle",
		"other_name_type": "nickname",
		"person_id": 2144
	},
	{
		"id": 584,
		"name": "Fede",
		"other_name_type": "nickname",
		"person_id": 2146
	},
	{
		"id": 585,
		"name": "Beto Paredes",
		"other_name_type": "nickname",
		"person_id": 2148
	},
	{
		"id": 586,
		"name": "Rafael Hernandez",
		"other_name_type": "nickname",
		"person_id": 2152
	},
	{
		"id": 587,
		"name": "Capitan Faustino",
		"other_name_type": "nickname",
		"person_id": 2161
	},
	{
		"id": 588,
		"name": "Dra. Teresa",
		"other_name_type": "nickname",
		"person_id": 2172
	},
	{
		"id": 589,
		"name": "Carlos El Ovni",
		"other_name_type": "nickname",
		"person_id": 2177
	},
	{
		"id": 590,
		"name": "Doña Mirela",
		"other_name_type": "nickname",
		"person_id": 2178
	},
	{
		"id": 591,
		"name": "Lucy Ventura",
		"other_name_type": "nickname",
		"person_id": 2180
	},
	{
		"id": 592,
		"name": "Tity Kastelo",
		"other_name_type": "nickname",
		"person_id": 2181
	},
	{
		"id": 593,
		"name": "Grace",
		"other_name_type": "nickname",
		"person_id": 2186
	},
	{
		"id": 594,
		"name": "Rosy",
		"other_name_type": "nickname",
		"person_id": 2188
	},
	{
		"id": 595,
		"name": "Tato Vega",
		"other_name_type": "nickname",
		"person_id": 2189
	},
	{
		"id": 596,
		"name": "Sabino",
		"other_name_type": "nickname",
		"person_id": 2190
	},
	{
		"id": 597,
		"name": "Chelo",
		"other_name_type": "nickname",
		"person_id": 2191
	},
	{
		"id": 598,
		"name": "Karina",
		"other_name_type": "nickname",
		"person_id": 2192
	},
	{
		"id": 599,
		"name": "Tomi",
		"other_name_type": "nickname",
		"person_id": 2193
	},
	{
		"id": 600,
		"name": "Maroli",
		"other_name_type": "nickname",
		"person_id": 2194
	},
	{
		"id": 601,
		"name": "Zita Pazzi",
		"other_name_type": "nickname",
		"person_id": 2197
	},
	{
		"id": 602,
		"name": "Eric Sosa",
		"other_name_type": "nickname",
		"person_id": 2198
	},
	{
		"id": 603,
		"name": "Mayte Osorio",
		"other_name_type": "nickname",
		"person_id": 2199
	},
	{
		"id": 604,
		"name": "Paco Gutierrez",
		"other_name_type": "nickname",
		"person_id": 2200
	},
	{
		"id": 605,
		"name": "Adriana Soto",
		"other_name_type": "nickname",
		"person_id": 2203
	},
	{
		"id": 606,
		"name": "Pepe Yunes",
		"other_name_type": "nickname",
		"person_id": 2205
	},
	{
		"id": 607,
		"name": "Doctora Nereida",
		"other_name_type": "nickname",
		"person_id": 2207
	},
	{
		"id": 608,
		"name": "Maryjose Gamboa",
		"other_name_type": "nickname",
		"person_id": 2208
	},
	{
		"id": 609,
		"name": "Igor Roji",
		"other_name_type": "nickname",
		"person_id": 2211
	},
	{
		"id": 610,
		"name": "Mario Amoros",
		"other_name_type": "nickname",
		"person_id": 2214
	},
	{
		"id": 611,
		"name": "Maru Pinete",
		"other_name_type": "nickname",
		"person_id": 2217
	},
	{
		"id": 612,
		"name": "Bertha Espinoza",
		"other_name_type": "nickname",
		"person_id": 2218
	},
	{
		"id": 613,
		"name": "Rosa Maria",
		"other_name_type": "nickname",
		"person_id": 2219
	},
	{
		"id": 614,
		"name": "Pulpo Remes",
		"other_name_type": "nickname",
		"person_id": 2220
	},
	{
		"id": 615,
		"name": "Gely Peña",
		"other_name_type": "nickname",
		"person_id": 2223
	},
	{
		"id": 616,
		"name": "Martha",
		"other_name_type": "nickname",
		"person_id": 2226
	},
	{
		"id": 617,
		"name": "Pepe López",
		"other_name_type": "nickname",
		"person_id": 2232
	},
	{
		"id": 618,
		"name": "Lobo",
		"other_name_type": "nickname",
		"person_id": 2237
	},
	{
		"id": 619,
		"name": "Violeth",
		"other_name_type": "nickname",
		"person_id": 2238
	},
	{
		"id": 620,
		"name": "Gaby",
		"other_name_type": "nickname",
		"person_id": 2239
	},
	{
		"id": 621,
		"name": "Amigo Libo",
		"other_name_type": "nickname",
		"person_id": 2241
	},
	{
		"id": 622,
		"name": "Rommel Pacheco",
		"other_name_type": "nickname",
		"person_id": 2243
	},
	{
		"id": 623,
		"name": "Gaby Cejudo",
		"other_name_type": "nickname",
		"person_id": 2249
	},
	{
		"id": 624,
		"name": "Lupita Lopez",
		"other_name_type": "nickname",
		"person_id": 2252
	},
	{
		"id": 625,
		"name": "Lupita González",
		"other_name_type": "nickname",
		"person_id": 2253
	},
	{
		"id": 626,
		"name": "Ro Padilla Lizama",
		"other_name_type": "nickname",
		"person_id": 2256
	},
	{
		"id": 627,
		"name": "Geovanna Campos",
		"other_name_type": "nickname",
		"person_id": 2263
	},
	{
		"id": 628,
		"name": "Chable",
		"other_name_type": "nickname",
		"person_id": 2264
	},
	{
		"id": 629,
		"name": "Lupita Uxul",
		"other_name_type": "nickname",
		"person_id": 2266
	},
	{
		"id": 630,
		"name": "Rebe",
		"other_name_type": "nickname",
		"person_id": 2269
	},
	{
		"id": 631,
		"name": "Dra. Rosy Díaz",
		"other_name_type": "nickname",
		"person_id": 2270
	},
	{
		"id": 632,
		"name": "Charly",
		"other_name_type": "nickname",
		"person_id": 2271
	},
	{
		"id": 633,
		"name": "Maggi Torres,Maggie Torres,Magui Torres",
		"other_name_type": "nickname",
		"person_id": 2272
	},
	{
		"id": 634,
		"name": "Negrita",
		"other_name_type": "nickname",
		"person_id": 2274
	},
	{
		"id": 635,
		"name": "Lupita Flores",
		"other_name_type": "nickname",
		"person_id": 2280
	},
	{
		"id": 636,
		"name": "Lic Olga",
		"other_name_type": "nickname",
		"person_id": 2282
	},
	{
		"id": 637,
		"name": "Norma Castorena",
		"other_name_type": "nickname",
		"person_id": 2283
	},
	{
		"id": 638,
		"name": "Miguel Varela",
		"other_name_type": "nickname",
		"person_id": 2284
	},
	{
		"id": 639,
		"name": "Carlos Peña",
		"other_name_type": "nickname",
		"person_id": 2285
	},
	{
		"id": 640,
		"name": "Caro Davila",
		"other_name_type": "nickname",
		"person_id": 2286
	},
	{
		"id": 641,
		"name": "Benelly Hernandez",
		"other_name_type": "nickname",
		"person_id": 2287
	},
	{
		"id": 642,
		"name": "Lyndi",
		"other_name_type": "nickname",
		"person_id": 2288
	},
	{
		"id": 643,
		"name": "Chira la Arrecha",
		"other_name_type": "nickname",
		"person_id": 2295
	},
	{
		"id": 644,
		"name": "Guero",
		"other_name_type": "nickname",
		"person_id": 2296
	},
	{
		"id": 645,
		"name": "Lily Leal",
		"other_name_type": "nickname",
		"person_id": 2299
	},
	{
		"id": 646,
		"name": "Dr. Arellano",
		"other_name_type": "nickname",
		"person_id": 2303
	},
	{
		"id": 647,
		"name": "Paco Rojas",
		"other_name_type": "nickname",
		"person_id": 2309
	},
	{
		"id": 648,
		"name": "Katy Aguiar",
		"other_name_type": "nickname",
		"person_id": 2311
	},
	{
		"id": 649,
		"name": "Tere Calzada",
		"other_name_type": "nickname",
		"person_id": 2322
	},
	{
		"id": 650,
		"name": "Max",
		"other_name_type": "nickname",
		"person_id": 2324
	},
	{
		"id": 651,
		"name": "Charly Maya",
		"other_name_type": "nickname",
		"person_id": 2326
	},
	{
		"id": 652,
		"name": "Chucho Llamas",
		"other_name_type": "nickname",
		"person_id": 2328
	},
	{
		"id": 653,
		"name": "Toño Díaz",
		"other_name_type": "nickname",
		"person_id": 2338
	},
	{
		"id": 654,
		"name": "Murat",
		"other_name_type": "nickname",
		"person_id": 2344
	},
	{
		"id": 655,
		"name": "Coronel Nazarea Herrera",
		"other_name_type": "nickname",
		"person_id": 2345
	},
	{
		"id": 656,
		"name": "Paty Duran",
		"other_name_type": "nickname",
		"person_id": 2349
	},
	{
		"id": 657,
		"name": "Zazu Hornelas",
		"other_name_type": "nickname",
		"person_id": 2359
	},
	{
		"id": 658,
		"name": "Dr. Heriberto Rubio",
		"other_name_type": "nickname",
		"person_id": 2362
	},
	{
		"id": 659,
		"name": "Tony Rodríguez",
		"other_name_type": "nickname",
		"person_id": 2364
	},
	{
		"id": 660,
		"name": "Mary Navora",
		"other_name_type": "nickname",
		"person_id": 2369
	},
	{
		"id": 661,
		"name": "Erika Paola Azuara",
		"other_name_type": "nickname",
		"person_id": 2370
	},
	{
		"id": 662,
		"name": "Sergio Octavio",
		"other_name_type": "nickname",
		"person_id": 2373
	},
	{
		"id": 663,
		"name": "Pepe Ovando",
		"other_name_type": "nickname",
		"person_id": 2374
	},
	{
		"id": 664,
		"name": "Alfredo Corzo",
		"other_name_type": "nickname",
		"person_id": 2376
	},
	{
		"id": 665,
		"name": "Yess Buendia",
		"other_name_type": "nickname",
		"person_id": 2377
	},
	{
		"id": 666,
		"name": "Cintia Ortiz",
		"other_name_type": "nickname",
		"person_id": 2384
	},
	{
		"id": 667,
		"name": "Alex Lopez",
		"other_name_type": "nickname",
		"person_id": 2386
	},
	{
		"id": 668,
		"name": "Pepe",
		"other_name_type": "nickname",
		"person_id": 2387
	},
	{
		"id": 669,
		"name": "Betuco",
		"other_name_type": "nickname",
		"person_id": 2389
	},
	{
		"id": 670,
		"name": "Carlos Marin",
		"other_name_type": "nickname",
		"person_id": 2391
	},
	{
		"id": 671,
		"name": "Axel Roth",
		"other_name_type": "nickname",
		"person_id": 2398
	},
	{
		"id": 672,
		"name": "Enrique Escalante",
		"other_name_type": "nickname",
		"person_id": 2403
	},
	{
		"id": 673,
		"name": "Pako Moreno",
		"other_name_type": "nickname",
		"person_id": 2407
	},
	{
		"id": 674,
		"name": "Alejandro Albarran",
		"other_name_type": "nickname",
		"person_id": 2408
	},
	{
		"id": 675,
		"name": "Many Cortes",
		"other_name_type": "nickname",
		"person_id": 2409
	},
	{
		"id": 676,
		"name": "Luis Torres",
		"other_name_type": "nickname",
		"person_id": 2410
	},
	{
		"id": 677,
		"name": "Israel Torres",
		"other_name_type": "nickname",
		"person_id": 2411
	},
	{
		"id": 678,
		"name": "Dr. Magdaleno Pérez Hernández",
		"other_name_type": "nickname",
		"person_id": 2419
	},
	{
		"id": 679,
		"name": "Paco Cienfuegos",
		"other_name_type": "nickname",
		"person_id": 2421
	},
	{
		"id": 680,
		"name": "Pako Sánchez",
		"other_name_type": "nickname",
		"person_id": 2422
	},
	{
		"id": 681,
		"name": "Dr. Héctor Torres Soltero",
		"other_name_type": "nickname",
		"person_id": 2424
	},
	{
		"id": 682,
		"name": "Geraldine Ponce",
		"other_name_type": "nickname",
		"person_id": 2426
	},
	{
		"id": 683,
		"name": "Misael Espinoza",
		"other_name_type": "nickname",
		"person_id": 2428
	},
	{
		"id": 684,
		"name": "Pao",
		"other_name_type": "nickname",
		"person_id": 2431
	},
	{
		"id": 685,
		"name": "Naranjo",
		"other_name_type": "nickname",
		"person_id": 2432
	},
	{
		"id": 686,
		"name": "Tere Dominguez",
		"other_name_type": "nickname",
		"person_id": 2435
	},
	{
		"id": 687,
		"name": "Montes Cuen",
		"other_name_type": "nickname",
		"person_id": 2436
	},
	{
		"id": 688,
		"name": "Memo",
		"other_name_type": "nickname",
		"person_id": 2438
	},
	{
		"id": 689,
		"name": "Arturo Castro",
		"other_name_type": "nickname",
		"person_id": 2439
	},
	{
		"id": 690,
		"name": "Miss Lozano",
		"other_name_type": "nickname",
		"person_id": 2446
	},
	{
		"id": 691,
		"name": "Gaby Lara",
		"other_name_type": "nickname",
		"person_id": 2447
	},
	{
		"id": 692,
		"name": "May",
		"other_name_type": "nickname",
		"person_id": 2449
	},
	{
		"id": 693,
		"name": "Perseo Quiroz",
		"other_name_type": "nickname",
		"person_id": 2450
	},
	{
		"id": 694,
		"name": "Jorge Toledo",
		"other_name_type": "nickname",
		"person_id": 2451
	},
	{
		"id": 695,
		"name": "Gachuz",
		"other_name_type": "nickname",
		"person_id": 2453
	},
	{
		"id": 696,
		"name": "Carlos Feria",
		"other_name_type": "nickname",
		"person_id": 2462
	},
	{
		"id": 697,
		"name": "Paty Alcaraz",
		"other_name_type": "nickname",
		"person_id": 2465
	},
	{
		"id": 698,
		"name": "Paco",
		"other_name_type": "nickname",
		"person_id": 2466
	},
	{
		"id": 699,
		"name": "Rosi",
		"other_name_type": "nickname",
		"person_id": 2468
	},
	{
		"id": 700,
		"name": "Yareth",
		"other_name_type": "nickname",
		"person_id": 2474
	},
	{
		"id": 701,
		"name": "Maru",
		"other_name_type": "nickname",
		"person_id": 2486
	},
	{
		"id": 702,
		"name": "Dr. Rosales",
		"other_name_type": "nickname",
		"person_id": 2488
	},
	{
		"id": 703,
		"name": "Luz Ma",
		"other_name_type": "nickname",
		"person_id": 2489
	},
	{
		"id": 704,
		"name": "Chemel",
		"other_name_type": "nickname",
		"person_id": 2492
	},
	{
		"id": 705,
		"name": "Pipo",
		"other_name_type": "nickname",
		"person_id": 2496
	},
	{
		"id": 706,
		"name": "Paloma Arce",
		"other_name_type": "nickname",
		"person_id": 2498
	},
	{
		"id": 707,
		"name": "Caballero Millán",
		"other_name_type": "nickname",
		"person_id": 2512
	},
	{
		"id": 708,
		"name": "Chema Fraustro",
		"other_name_type": "nickname",
		"person_id": 2522
	},
	{
		"id": 709,
		"name": "Tere Romo",
		"other_name_type": "nickname",
		"person_id": 2524
	},
	{
		"id": 710,
		"name": "Kathia Bustillos",
		"other_name_type": "nickname",
		"person_id": 2538
	},
	{
		"id": 711,
		"name": "Adriana Teresa",
		"other_name_type": "nickname",
		"person_id": 2539
	},
	{
		"id": 712,
		"name": "Pepe Celaya",
		"other_name_type": "nickname",
		"person_id": 2553
	},
	{
		"id": 713,
		"name": "Mtra. Patricia Borunda",
		"other_name_type": "nickname",
		"person_id": 2562
	},
	{
		"id": 714,
		"name": "La Grosera",
		"other_name_type": "nickname",
		"person_id": 2577
	},
	{
		"id": 715,
		"name": "Fabi Zúñiga",
		"other_name_type": "nickname",
		"person_id": 2610
	},
	{
		"id": 716,
		"name": "Toño Alta",
		"other_name_type": "nickname",
		"person_id": 2618
	},
	{
		"id": 717,
		"name": "Arlette Tapia",
		"other_name_type": "nickname",
		"person_id": 2627
	},
	{
		"id": 718,
		"name": "Maylen Angeles",
		"other_name_type": "nickname",
		"person_id": 2639
	},
	{
		"id": 719,
		"name": "Raul Otero",
		"other_name_type": "nickname",
		"person_id": 2644
	},
	{
		"id": 720,
		"name": "Lecuz",
		"other_name_type": "nickname",
		"person_id": 2679
	},
	{
		"id": 721,
		"name": "Ofelia Cano",
		"other_name_type": "nickname",
		"person_id": 2680
	},
	{
		"id": 722,
		"name": "Paola",
		"other_name_type": "nickname",
		"person_id": 2681
	},
	{
		"id": 723,
		"name": "Pablo Lemus",
		"other_name_type": "nickname",
		"person_id": 2682
	},
	{
		"id": 724,
		"name": "Dr Carlos Lomeli",
		"other_name_type": "nickname",
		"person_id": 2683
	},
	{
		"id": 725,
		"name": "Diana Palacios",
		"other_name_type": "nickname",
		"person_id": 2684
	},
	{
		"id": 726,
		"name": "Doctora",
		"other_name_type": "nickname",
		"person_id": 2685
	},
	{
		"id": 727,
		"name": "Viry Rivas",
		"other_name_type": "nickname",
		"person_id": 2688
	},
	{
		"id": 728,
		"name": "Hilda Luis",
		"other_name_type": "nickname",
		"person_id": 2692
	},
	{
		"id": 729,
		"name": "Javier Chavez",
		"other_name_type": "nickname",
		"person_id": 2693
	},
	{
		"id": 730,
		"name": "Ricardo Leyva",
		"other_name_type": "nickname",
		"person_id": 2697
	},
	{
		"id": 731,
		"name": "Irving Vite",
		"other_name_type": "nickname",
		"person_id": 2703
	},
	{
		"id": 732,
		"name": "Cinthya Lobato",
		"other_name_type": "nickname",
		"person_id": 2706
	},
	{
		"id": 733,
		"name": "El Chocolate",
		"other_name_type": "nickname",
		"person_id": 2707
	},
	{
		"id": 734,
		"name": "Alejandro Navarro",
		"other_name_type": "nickname",
		"person_id": 2710
	},
	{
		"id": 735,
		"name": "Edgar Castro",
		"other_name_type": "nickname",
		"person_id": 2714
	},
	{
		"id": 736,
		"name": "Luna Raul",
		"other_name_type": "nickname",
		"person_id": 2717
	},
	{
		"id": 737,
		"name": "Maribel Tovar",
		"other_name_type": "nickname",
		"person_id": 2718
	},
	{
		"id": 738,
		"name": "Carlos Farias",
		"other_name_type": "nickname",
		"person_id": 2720
	},
	{
		"id": 739,
		"name": "Gisela Mendez",
		"other_name_type": "nickname",
		"person_id": 2723
	},
	{
		"id": 740,
		"name": "Pastora Ferraez",
		"other_name_type": "nickname",
		"person_id": 2724
	},
	{
		"id": 741,
		"name": "Pepe Inurreta",
		"other_name_type": "nickname",
		"person_id": 2727
	},
	{
		"id": 742,
		"name": "Diego Giron",
		"other_name_type": "nickname",
		"person_id": 2737
	},
	{
		"id": 743,
		"name": "Dr. Oscar",
		"other_name_type": "nickname",
		"person_id": 2738
	},
	{
		"id": 744,
		"name": "La Raqueta",
		"other_name_type": "nickname",
		"person_id": 2739
	},
	{
		"id": 745,
		"name": "Bildmart \"El Independiente\"",
		"other_name_type": "nickname",
		"person_id": 2790
	},
	{
		"id": 746,
		"name": "Maestro Benny Amaro",
		"other_name_type": "nickname",
		"person_id": 2793
	},
	{
		"id": 747,
		"name": "Profe Nato",
		"other_name_type": "nickname",
		"person_id": 2795
	},
	{
		"id": 748,
		"name": "Anny Orea",
		"other_name_type": "nickname",
		"person_id": 2797
	},
	{
		"id": 749,
		"name": "Lobito",
		"other_name_type": "nickname",
		"person_id": 2809
	},
	{
		"id": 750,
		"name": "Chacho Matar",
		"other_name_type": "nickname",
		"person_id": 2811
	},
	{
		"id": 751,
		"name": "Profe Amador",
		"other_name_type": "nickname",
		"person_id": 2829
	},
	{
		"id": 752,
		"name": "Pinguis",
		"other_name_type": "nickname",
		"person_id": 2839
	},
	{
		"id": 753,
		"name": "Manolo Agüero ",
		"other_name_type": "nickname",
		"person_id": 2844
	},
	{
		"id": 754,
		"name": "Paco Roman",
		"other_name_type": "nickname",
		"person_id": 2847
	},
	{
		"id": 755,
		"name": "Poncho Magos",
		"other_name_type": "nickname",
		"person_id": 2864
	},
	{
		"id": 756,
		"name": "La Chona",
		"other_name_type": "nickname",
		"person_id": 2873
	},
	{
		"id": 757,
		"name": "Chava Cosío",
		"other_name_type": "nickname",
		"person_id": 2888
	},
	{
		"id": 758,
		"name": "Polo Leal",
		"other_name_type": "nickname",
		"person_id": 2896
	},
	{
		"id": 759,
		"name": "Lupita Guerrero",
		"other_name_type": "nickname",
		"person_id": 2900
	},
	{
		"id": 760,
		"name": "Tito Yerena",
		"other_name_type": "nickname",
		"person_id": 2904
	},
	{
		"id": 761,
		"name": "Vero Camacho",
		"other_name_type": "nickname",
		"person_id": 2909
	},
	{
		"id": 762,
		"name": "Charito García Fletes,Maestra Charito",
		"other_name_type": "nickname",
		"person_id": 2911
	},
	{
		"id": 763,
		"name": "Chayito Velázquez",
		"other_name_type": "nickname",
		"person_id": 2915
	},
	{
		"id": 764,
		"name": "Dr. Albarrán",
		"other_name_type": "nickname",
		"person_id": 2916
	},
	{
		"id": 765,
		"name": "Beto Maldonado",
		"other_name_type": "nickname",
		"person_id": 2920
	},
	{
		"id": 766,
		"name": "Claudio Secilio",
		"other_name_type": "nickname",
		"person_id": 2925
	},
	{
		"id": 767,
		"name": "Nájera El Bombero",
		"other_name_type": "nickname",
		"person_id": 2928
	},
	{
		"id": 768,
		"name": "Kike Díaz",
		"other_name_type": "nickname",
		"person_id": 2933
	},
	{
		"id": 769,
		"name": "Siri salido",
		"other_name_type": "nickname",
		"person_id": 2941
	},
	{
		"id": 770,
		"name": "Paco mendivil",
		"other_name_type": "nickname",
		"person_id": 2954
	},
	{
		"id": 771,
		"name": "maestro montes piña",
		"other_name_type": "nickname",
		"person_id": 2956
	},
	{
		"id": 772,
		"name": "paco ochoa",
		"other_name_type": "nickname",
		"person_id": 2960
	},
	{
		"id": 773,
		"name": "pilinki",
		"other_name_type": "nickname",
		"person_id": 2962
	},
	{
		"id": 774,
		"name": "el mayito",
		"other_name_type": "nickname",
		"person_id": 2963
	},
	{
		"id": 775,
		"name": "el doc",
		"other_name_type": "nickname",
		"person_id": 2964
	},
	{
		"id": 776,
		"name": "el cuate",
		"other_name_type": "nickname",
		"person_id": 2965
	},
	{
		"id": 777,
		"name": "Lucero Altamirano",
		"other_name_type": "nickname",
		"person_id": 2981
	},
	{
		"id": 778,
		"name": "Profe. Aurelio Brindis",
		"other_name_type": "nickname",
		"person_id": 2985
	},
	{
		"id": 779,
		"name": "Doc Edgar Peña",
		"other_name_type": "nickname",
		"person_id": 2988
	},
	{
		"id": 780,
		"name": "Lucy Espejel",
		"other_name_type": "nickname",
		"person_id": 2990
	},
	{
		"id": 781,
		"name": "Manolo Flores",
		"other_name_type": "nickname",
		"person_id": 2995
	},
	{
		"id": 782,
		"name": "Chava Santos",
		"other_name_type": "nickname",
		"person_id": 2996
	},
	{
		"id": 783,
		"name": "Carlos Pimentel",
		"other_name_type": "nickname",
		"person_id": 2999
	},
	{
		"id": 784,
		"name": "Cayetano Tepal",
		"other_name_type": "nickname",
		"person_id": 3006
	},
	{
		"id": 785,
		"name": "Carlos Piedras",
		"other_name_type": "nickname",
		"person_id": 3013
	},
	{
		"id": 786,
		"name": "El Pollo",
		"other_name_type": "nickname",
		"person_id": 3014
	},
	{
		"id": 787,
		"name": "Memo",
		"other_name_type": "nickname",
		"person_id": 3019
	},
	{
		"id": 788,
		"name": "Ricardo Morales",
		"other_name_type": "nickname",
		"person_id": 3024
	},
	{
		"id": 789,
		"name": "Veronica Zamora",
		"other_name_type": "nickname",
		"person_id": 3025
	},
	{
		"id": 790,
		"name": "Gaby Muñoz",
		"other_name_type": "nickname",
		"person_id": 3027
	},
	{
		"id": 791,
		"name": "Reyez Ruiz",
		"other_name_type": "nickname",
		"person_id": 3028
	},
	{
		"id": 792,
		"name": "Janel Sanchez",
		"other_name_type": "nickname",
		"person_id": 3032
	},
	{
		"id": 793,
		"name": "Oscar Solis",
		"other_name_type": "nickname",
		"person_id": 3033
	},
	{
		"id": 794,
		"name": "Patsy Amaro",
		"other_name_type": "nickname",
		"person_id": 3038
	},
	{
		"id": 795,
		"name": "Javo Torres",
		"other_name_type": "nickname",
		"person_id": 3046
	},
	{
		"id": 796,
		"name": "Victor Piña",
		"other_name_type": "nickname",
		"person_id": 3047
	},
	{
		"id": 797,
		"name": "Anilu Debora Bonilla",
		"other_name_type": "nickname",
		"person_id": 3048
	},
	{
		"id": 798,
		"name": "Dr.Jose Manuel",
		"other_name_type": "nickname",
		"person_id": 3052
	},
	{
		"id": 799,
		"name": "Lucero Chavez",
		"other_name_type": "nickname",
		"person_id": 3055
	},
	{
		"id": 800,
		"name": "Profe Chava",
		"other_name_type": "nickname",
		"person_id": 3059
	},
	{
		"id": 801,
		"name": "polo ",
		"other_name_type": "nickname",
		"person_id": 3083
	},
	{
		"id": 802,
		"name": "Mara Lezama",
		"other_name_type": "nickname",
		"person_id": 3108
	},
	{
		"id": 803,
		"name": "Lupita Alcocer",
		"other_name_type": "nickname",
		"person_id": 3110
	},
	{
		"id": 804,
		"name": "El Waso",
		"other_name_type": "nickname",
		"person_id": 3111
	},
	{
		"id": 805,
		"name": "Betty Hernandez",
		"other_name_type": "nickname",
		"person_id": 3116
	},
	{
		"id": 806,
		"name": "Güero",
		"other_name_type": "nickname",
		"person_id": 3117
	},
	{
		"id": 807,
		"name": "Ale Villagomez",
		"other_name_type": "nickname",
		"person_id": 3120
	},
	{
		"id": 808,
		"name": "Paty Zitro",
		"other_name_type": "nickname",
		"person_id": 3129
	},
	{
		"id": 809,
		"name": "Paco Martinez",
		"other_name_type": "nickname",
		"person_id": 3130
	},
	{
		"id": 810,
		"name": "Pepe Aguirre",
		"other_name_type": "nickname",
		"person_id": 3131
	},
	{
		"id": 818,
		"name": "Lupita Ruano",
		"other_name_type": "nickname",
		"person_id": 3152
	},
	{
		"id": 819,
		"name": "Jana Téllez",
		"other_name_type": "nickname",
		"person_id": 3156
	},
	{
		"id": 820,
		"name": "Nacho espinosa",
		"other_name_type": "nickname",
		"person_id": 3160
	},
	{
		"id": 821,
		"name": "Poncho",
		"other_name_type": "nickname",
		"person_id": 3165
	},
	{
		"id": 822,
		"name": "El profe",
		"other_name_type": "nickname",
		"person_id": 3179
	},
	{
		"id": 823,
		"name": "Viry Ayala",
		"other_name_type": "nickname",
		"person_id": 3183
	},
	{
		"id": 824,
		"name": "Lupe Paniagua",
		"other_name_type": "nickname",
		"person_id": 3184
	},
	{
		"id": 825,
		"name": "Cande Veleta",
		"other_name_type": "nickname",
		"person_id": 3193
	},
	{
		"id": 826,
		"name": "Mtra. Adela Ramos",
		"other_name_type": "nickname",
		"person_id": 3197
	},
	{
		"id": 827,
		"name": "La Torita",
		"other_name_type": "nickname",
		"person_id": 3212
	},
	{
		"id": 828,
		"name": "Profe Michel",
		"other_name_type": "nickname",
		"person_id": 3215
	},
	{
		"id": 829,
		"name": "Sergio Chavez",
		"other_name_type": "nickname",
		"person_id": 3216
	},
	{
		"id": 830,
		"name": "Luisa Fontova",
		"other_name_type": "nickname",
		"person_id": 3218
	}
]