other_name_id,other_name_type,name,person_id
1,2,Lupita Jones,3,
2,2,Pancho Pelayo,9,
3,2,Maru Campos,25,
4,2,Capi,26,
5,2,El Caballo,31,
6,2,Locho Morán,35,
7,2,Dr. Miguel Ángel Navarro,52,
8,2,Nacho Flores,53,
9,2,Betty León,71,
10,2,Profe Rico,79,
11,2,Dra. Mónica Rangel,80,
12,2,El tecmol,82,
13,2,El borrego,93,
14,2,El bebo,96,
15,2,Temo,97,
16,2,Nany Romo,108,
17,2,Zury Enriquez,114,
18,2,Yuri Solís,122,
19,2,Dra. Enriqueta Torres,126,
20,2,Susi Cueto,145,
21,2,Paco Saldívar,148,
22,2,Edgar Cerda,157,
23,2,Toshi,167,
24,2,El Bigotes,186,
25,2,el Gallego,212,
26,2,Bere,215,
27,2,Alex Moran,217,
28,2,Zuri Hernández,228,
29,2,El Tinieblas,232,
30,2,Moni Becerra,244,
31,2,Paulo Martinez,245,
32,2,Tito,246,
33,2,Amador,251,
34,2,Norma Zamora,252,
35,2,Rafa Calderon,255,
36,2,Virus,257,
37,2,Teo Nuñez,260,
38,2,Cristina Lopez,262,
39,2,Mena Campos,264,
40,2,Arqui Noel,265,
41,2,Tere Babun,268,
42,2,Lucas,269,
43,2,Luis Fernando Navarrete,280,
44,2,Wonder Woman,285,
45,2,Irma,287,
46,2,Eva Moreno,288,
47,2,Pepe Kotori,291,
48,2,Mujer con Estrella,293,
49,2,Susi Avalos,301,
50,2,Dany Lopez,306,
51,2,Paty Sosa,307,
52,2,Johanna Chavez,315,
53,2,Compa,317,
54,2,Jackie Nava,318,
55,2,Nacho Anaya,320,
56,2,La Guerita Munguia,332,
57,2,Puppo,333,
58,2,Susana Zatarain,334,
59,2,Claudia Valladares,341,
60,2,Anita Ongay,342,
61,2,Chava Farias,352,
62,2,Pepe Toriello,355,
63,2,Flor Gonzalez,363,
64,2,Flaka Robles,364,
65,2,Jessica Vazquez,365,
66,2,El Rau,366,
67,2,Ary,368,
68,2,Mario Alejandro,369,
69,2,El Bronco De Huehuetan,371,
70,2,Martha Paty,378,
71,2,El Pollo Constantino,386,
72,2,Profe. Vicky Méndez,390,
73,2,El conta,392,
74,2,La Coronela,403,
75,2,Aquiles,412,
76,2,May,413,
77,2,Carolina Calvo,414,
78,2,Cristy Morales,421,
79,2,Josean,422,
80,2,Pato,426,
81,2,Manaco,429,
82,2,Wazu,445,
83,2,Sigi,446,
84,2,Carlos Chavez,448,
85,2,Chela Acosta,449,
86,2,Carlos Mayorga,457,
87,2,Betty Vela,458,
88,2,Yoshi Villalobos,461,
89,2,Chayo Nevarez,463,
90,2,Fer Villalobos,470,
91,2,Pigüi,485,
92,2,Maestra,489,
93,2,Maite Vargas,490,
94,2,Yako,494,
95,2,Lalo Aguilar,519,
96,2,Rebeca Zoe,524,
97,2,Susy Campos,527,
98,2,Arturo,528,
99,2,Lupita Quevedo,529,
100,2,Juanita Jiménez,533,
101,2,Patria Jimenez,536,
102,2,Sarai Vega,537,
103,2,Tamara Ibarra,539,
104,2,El Gavilan,541,
105,2,Anita,555,
106,2,Patty Guido,561,
107,2,Ivan Prado,566,
108,2,El Dandy,568,
109,2,Yess Gonzalez,569,
110,2,Ara Castro,575,
111,2,El Tiburon,577,
112,2,Dr. Cotero,578,
113,2,La Maestra,595,
114,2,Angelica Diaz,605,
115,2,Flavio Abed,627,
116,2,Fer,631,
117,2,Diana Lara Carreon,641,
118,2,Margarita Zavala,645,
119,2,Gabriela Sodi,647,
120,2,Daniela Acosta,648,
121,2,Rocio Banquells,649,
122,2,Xavier,651,
123,2,Jazmin Pille,654,
124,2,Ana Reyes,657,
125,2,Gabriel Quadri,658,
126,2,Gaby Jimenez,661,
127,2,Noroña,662,
128,2,Maria Rosete,664,
129,2,Nacho Peregrin Schull,667,
130,2,Memo Sanchez,673,
131,2,Maestra Marcela,674,
132,2,Fer Izaguirre,678,
133,2,Kary Ramirez,679,
134,2,Jerico,683,
135,2,Toño Gutierrez Jardon,684,
136,2,Shamir,685,
137,2,Vane,696,
138,2,Rosy Padilla,697,
139,2,Karla Campbell,702,
140,2,Hanna,709,
141,2,Reyna,714,
142,2,Dorian Peralta,715,
143,2,Eva Chávez,723,
144,2,Barbie,724,
145,2,Jb,726,
146,2,El Feo,728,
147,2,El Murra,729,
148,2,Lily Piña,730,
149,2,Lili Estrella,736,
150,2,Jacky Galvan,744,
151,2,El Arqui,746,
152,2,Lichita Garcia,750,
153,2,Rocio Rebollo,752,
154,2,Luly Martinez,753,
155,2,Gina Campuzano,754,
156,2,Rigo Quiñonez,758,
157,2,Ely Carrillo,764,
158,2,Rayito,768,
159,2,Anita Esquivel,780,
160,2,Itzel Balderas,785,
161,2,Estef,792,
162,2,Maestro Alex Calvillo,804,
163,2,Ceci Simon,806,
164,2,Fabricio Aleman,808,
165,2,Dr. Bolaños,809,
166,2,Vicky,813,
167,2,Bacho,816,
168,2,Adri,818,
169,2,Maribel,822,
170,2,Palaxs,823,
171,2,Juan Angel,824,
172,2,Gaby Caamaño,825,
173,2,Ivan Ponce,827,
174,2,Amiga Ruth,832,
175,2,Angelica Sanroman,833,
176,2,Diana Paco,836,
177,2,Mach,839,
178,2,Ely Carrillo,860,
179,2,Melissa,872,
180,2,Wences,875,
181,2,Saulo,879,
182,2,Violeta Fox,885,
183,2,Marco Villeda,893,
184,2,Jorrin,897,
185,2,Chely,901,
186,2,Rosario Merlin,903,
187,2,Rosa,904,
188,2,Eduardo,905,
189,2,Julio,907,
190,2,Richard,909,
191,2,Bety Velez,913,
192,2,Greta Ventura,914,
193,2,Eddie Palacios,917,
194,2,Toño (Pana),923,
195,2,Chuy García,929,
196,2,"Maximino De Jesus Rivera,Max Rivera",933,
197,2,Itzel Olguin,934,
198,2,Cien,935,
199,2,Erika Del Carmen Tello,936,
200,2,Dr. Blas,937,
201,2,Olga Montufar,938,
202,2,Vianet Hernandez,939,
203,2,Paloma,940,
204,2,Mary Becerra,946,
205,2,Alberto Osorio,947,
206,2,Memo Trejo,952,
207,2,Severo,961,
208,2,Benny,963,
209,2,Nato Rivera,967,
210,2,El Ministro,975,
211,2,Israel Orozco,978,
212,2,La Lolis,981,
213,2,John Bryanth,983,
214,2,Lety Ulloa,985,
215,2,Leona,1001,
216,2,Polo Cortes,1015,
217,2,Natalia Juarez,1017,
218,2,Berna,1020,
219,2,Dr. Leobardo,1021,
220,2,Vero Juarez,1023,
221,2,Padilla,1024,
222,2,Lupillo,1025,
223,2,Cuquis Camarena,1026,
224,2,Beto Villa,1028,
225,2,Gera Ruiz,1032,
226,2,Dr. Hugo Bravo,1034,
227,2,Dr. Zayas,1036,
228,2,Enrique Guzman,1038,
229,2,Doña Mary,1043,
230,2,Checo Barrera,1044,
231,2,Zague,1046,
232,2,Mary Paez,1049,
233,2,Pepe Guerrero,1050,
234,2,Roy,1052,
235,2,El Mazeco,1053,
236,2,El Bofo Bautista,1055,
237,2,La Piloña,1056,
238,2,El Mueblero,1058,
239,2,El Homero,1060,
240,2,Pepe,1061,
241,2,Adan Alcantar,1068,
242,2,Pepe Valle,1072,
243,2,Martitha Romo,1077,
244,2,Adriana Buenrostro,1079,
245,2,Claudia,1081,
246,2,Arana,1082,
247,2,Andres Ramos,1083,
248,2,Vero,1091,
249,2,Enrique Aubry,1093,
250,2,Israel Orozco,1098,
251,2,Cuquis Camarena,1101,
252,2,Jair,1106,
253,2,Gaby,1117,
254,2,Marquitos,1119,
255,2,El Hermano,1120,
256,2,Jonathan Barajas,1123,
257,2,Goyco,1124,
258,2,Pepe Toño Garcia,1129,
259,2,Ivan Rodriguez,1131,
260,2,Magy,1132,
261,2,Dr Martin Rosales,1133,
262,2,Cecilia Barbero,1134,
263,2,Elvia,1139,
264,2,Maribel,1151,
265,2,Gaby Goldsmith,1155,
266,2,El Che,1157,
267,2,Cuacos,1162,
268,2,Cheo,1168,
269,2,Rey O Eynis,1169,
270,2,Eli,1171,
271,2,Nohemi,1174,
272,2,Güero,1175,
273,2,Jorge,1177,
274,2,Magnolia,1178,
275,2,Toño,1182,
276,2,Nena,1185,
277,2,Jose Luis,1196,
278,2,Lic. Centeno,1197,
279,2,Guido,1202,
280,2,Herssael Garcia,1203,
281,2,La Guera,1208,
282,2,El Cachorro,1230,
283,2,Ely,1234,
284,2,Tanya Vazquez,1239,
285,2,Chuma,1249,
286,2,Javier,1251,
287,2,Dave,1256,
288,2,Doctora,1257,
289,2,Mario Mario Serrano,1261,
290,2,Jossu,1263,
291,2,Jacqueline,1265,
292,2,Lic. Arias,1267,
293,2,Lib Quiroz,1268,
294,2,Carmen Hamdan,1271,
295,2,Sandy,1273,
296,2,Kike Moreno,1278,
297,2,Dr. Abraham,1288,
298,2,Joanna F. Torres,1291,
299,2,Pato Sosa,1292,
300,2,Marquito,1295,
301,2,Chavez,1296,
302,2,Profesor Hector Serna Valdez,1297,
303,2,Pepe,1298,
304,2,Rene Katusco,1301,
305,2,Adri Monroy,1303,
306,2,Tere Castell,1304,
307,2,Mary Ramirez,1305,
308,2,Profe Vargas,1307,
309,2,Xochitl Zagal,1308,
310,2,Boris,1310,
311,2,Dioni,1311,
312,2,Maru,1313,
313,2,Dr Favela,1314,
314,2,Guadalupe Roman,1316,
315,2,El Tornillo,1323,
316,2,Vicente Onofre,1325,
317,2,Javier,1326,
318,2,General,1333,
319,2,Niño,1340,
320,2,Bella Ferragamo,1343,
321,2,El Ruedas,1352,
322,2,Andrea Bataz,1362,
323,2,Vane,1367,
324,2,Zetina,1368,
325,2,La Conta,1369,
326,2,Tete,1388,
327,2,Mitzi,1389,
328,2,Lupita Godinez,1390,
329,2,Betty Millan,1391,
330,2,Maru,1394,
331,2,Mane,1395,
332,2,Zarzosa,1402,
333,2,Krishna Romero,1404,
334,2,Alma Delia Sanchez,1405,
335,2,Gaby Olvera,1406,
336,2,Meli,1407,
337,2,Alan,1413,
338,2,Rafa,1416,
339,2,Tere Maru,1417,
340,2,Claudia Dominguez,1421,
341,2,Gela Huerta,1423,
342,2,Maru Muciño,1428,
343,2,Dr. Arturo,1429,
344,2,Profe Montalvo,1430,
345,2,Güera,1431,
346,2,Blanca Cortes,1437,
347,2,Fernando Anaya,1438,
348,2,Trino,1445,
349,2,Mela,1447,
350,2,Vane Lopez,1450,
351,2,La Brava,1452,
352,2,Circe Lopez,1456,
353,2,Dra. Belinda,1462,
354,2,Lulu,1463,
355,2,El Del Sombrero,1468,
356,2,Mtra. Chela Andrade,1469,
357,2,Esbeide Villanueva,1471,
358,2,Nahiely Ramirez,1472,
359,2,Sergio Freeman,1473,
360,2,Sergio Leal "El Gato",1474,
361,2,Sergio Garcia,1475,
362,2,Ayary Contreras,1476,
363,2,Doramitzi Gonzalez,1477,
364,2,Castor,1478,
365,2,Arcelia Mendoza,1479,
366,2,Adrian Ruiz "El Chivero",1480,
367,2,Dr Pepe Rios,1481,
368,2,Davis,1485,
369,2,Carmelita Cortes,1488,
370,2,Carmen Pali,1492,
371,2,Bella,1499,
372,2,Lalo Orihuela,1506,
373,2,Macarena Chavez,1510,
374,2,Paco Huacus,1513,
375,2,Nadia Luz,1515,
376,2,Arqui Albarran,1516,
377,2,Sergio El Ganador,1517,
378,2,Amado,1518,
379,2,Nena,1522,
380,2,Eloina,1524,
381,2,Manuel Cota,1527,
382,2,Tita Marquez,1528,
383,2,Fugio Ortiz,1530,
384,2,Julieta Mejia,1532,
385,2,Vero Villela,1533,
386,2,Amaury Ponce,1534,
387,2,Checo,1535,
388,2,Polo,1538,
389,2,Lesly Prado,1542,
390,2,Jaime Elizondo,1543,
391,2,El Lobo Mayor,1555,
392,2,Adriana Diaz,1556,
393,2,Pili Tavira,1557,
394,2,Estefi Luna,1558,
395,2,Checo Nava,1565,
396,2,Thelma Cora,1566,
397,2,Sagaon,1569,
398,2,Dra Lilia,1570,
399,2,Rudy Martinez,1574,
400,2,Brujo,1576,
401,2,El abuelo,1579,
402,2,Advocatus,1580,
403,2,David Toache,1582,
404,2,Jose Treviño,1583,
405,2,El Doc,1584,
406,2,Mary Cuevas,1585,
407,2,Soffy Wood,1586,
408,2,Armando,1587,
409,2,Claudia Cervantes,1588,
410,2,Ismael,1589,
411,2,Linda Aurora,1590,
412,2,Poncho Villa,1591,
413,2,Topaz,1595,
414,2,Blanca Del Toro,1596,
415,2,Abel,1597,
416,2,Guille Alvarado,1599,
417,2,Yarely Vera,1603,
418,2,Tania Gomez,1604,
419,2,Paola Gonzalez,1605,
420,2,Annel,1608,
421,2,Jose Luis,1616,
422,2,Gaby Elizondo,1623,
423,2,Valeria Valdes,1626,
424,2,Cuquita Martinez,1631,
425,2,Laya,1636,
426,2,Andy,1637,
427,2,Joselin Sosa,1653,
428,2,Cheli,1654,
429,2,Gaby Matus,1655,
430,2,Karlita,1656,
431,2,Marco Carrasco,1658,
432,2,Carmelita Ricardez,1662,
433,2,El Andariego,1663,
434,2,Maestra Hita,1669,
435,2,Hector Montes Parra,1670,
436,2,Raquel Martinez,1673,
437,2,Dr. Román Díaz,1675,
438,2,Toño Amaro,1686,
439,2,Profr. Candido,1687,
440,2,Toño Hernandez Fraguas,1689,
441,2,Miriam Liborio,1690,
442,2,Pepe Estefan,1693,
443,2,La Vaquerita,1699,
444,2,Miguel Angel,1705,
445,2,Mago Tlapa,1706,
446,2,Maru,1707,
447,2,Celia Ortuño,1711,
448,2,Don Santos El Pollero,1714,
449,2,Rechy,1715,
450,2,Artista Chingon,1716,
451,2,Beto Herrera,1720,
452,2,Miguel Machorro,1736,
453,2,Jess Jimenez,1738,
454,2,Bety Hernandez,1746,
455,2,Moni Roldan,1748,
456,2,Erika Luna,1750,
457,2,Linda Torres,1752,
458,2,Bety Terreros,1753,
459,2,Kyry,1755,
460,2,Diana Ortega,1756,
461,2,Armando,1760,
462,2,Ana Tere,1765,
463,2,El Tigre,1766,
464,2,Carolina Beauregard,1767,
465,2,Maestra Hersilia,1769,
466,2,Tony Natale,1772,
467,2,Nay Salvatori,1780,
468,2,Araceli,1784,
469,2,Cludia,1788,
470,2,Stuardo Llamas,1789,
471,2,Sonia Rocha,1794,
472,2,Rosy Olvera,1795,
473,2,Joss Bueno,1796,
474,2,Alexa Hernandez,1797,
475,2,Pepe,1798,
476,2,Tere Paredes,1803,
477,2,Danny Montalvo,1804,
478,2,Pepe Juan Chilon,1806,
479,2,Greg,1810,
480,2,Alondra Name,1815,
481,2,Humberto Obed,1817,
482,2,Juan Carrillo,1823,
483,2,Anahi Gonzalez,1824,
484,2,Batun,1825,
485,2,Laura Fernandez,1826,
486,2,David Rangel El Capi,1829,
487,2,Pepe Toño,1842,
488,2,Fernanda Yrizar,1845,
489,2,Servando,1846,
490,2,La Güera,1848,
491,2,Sam,1852,
492,2,Dr. Arce,1854,
493,2,Lic. Gonzalez Castañeda,1855,
494,2,Ely,1856,
495,2,Sara Rocha,1858,
496,2,Marce,1863,
497,2,Jano Segovia,1864,
498,2,Dr. Antolin Guerrero,1866,
499,2,Maestra,1874,
500,2,El Jaibo,1875,
501,2,Paulina,1882,
502,2,Abraham Raya,1884,
503,2,El Güero Cruz,1885,
504,2,Blanca Rico,1901,
505,2,Dra Paloma Meneses,1904,
506,2,Pio,1908,
507,2,El Profe,1913,
508,2,Yadira Marcos,1914,
509,2,Jesse,1917,
510,2,El Balde,1920,
511,2,Fabby,1922,
512,2,Yuyina,1933,
513,2,Lety Amparano,1937,
514,2,Arturo Fernandez,1938,
515,2,El Negro,1939,
516,2,Ana Bernal,1942,
517,2,El Carolino,1945,
518,2,La Maestra,1946,
519,2,Ramoncita,1947,
520,2,Charly Leon,1949,
521,2,La Chef,1951,
522,2,Lalo,1952,
523,2,Panchito,1955,
524,2,Marycarmen,1956,
525,2,Kitty,1961,
526,2,Rosa A. Gayosso De Sevilla,1966,
527,2,"Mara Yee, Mara Vazquez Yee",1970,
528,2,Raque,1978,
529,2,Neto,1979,
530,2,Cueto,1981,
531,2,Leydi Lopez,1983,
532,2,Javier Perez Ramirez,1986,
533,2,Lesvia Leon,1987,
534,2,Gina,1988,
535,2,La Contadora,1992,
536,2,Kike Zubiaur,2001,
537,2,Lupita Vidal,2006,
538,2,Vero,2010,
539,2,La Inge,2012,
540,2,La Inge,2013,
541,2,Patty Gómez de Briones,2014,
542,2,Chava Rosas,2018,
543,2,Letty Gutierrez,2019,
544,2,Joaco,2023,
545,2,Laurita,2026,
546,2,Yanin,2029,
547,2,Gina,2033,
548,2,Jonathan Zorrilla,2034,
549,2,Maestra Norita,2036,
550,2,Pepe Hurtado,2037,
551,2,Ricardo "el Baby" Vazquez Muñoz,2040,
552,2,El Profe,2044,
553,2,Doris,2047,
554,2,Lily Duran,2049,
555,2,Any Saldaña,2050,
556,2,Letty Silva,2051,
557,2,Hugo Rojo,2055,
558,2,Lic. Oscar Gibran,2057,
559,2,Charito,2061,
560,2,Coco Cardenas,2067,
561,2,Profe,2068,
562,2,Poncho Méndez,2070,
563,2,Isby Lopez,2073,
564,2,Anwar Vivian,2074,
565,2,Max Labarca,2077,
566,2,El Lic Fidel Rodriguez,2078,
567,2,Lalo Chavarria,2084,
568,2,Alex Flores Lopez,2089,
569,2,Chavita,2091,
570,2,Aida Canuto,2099,
571,2,Cristy,2101,
572,2,Maru Tirado,2104,
573,2,Irineo,2116,
574,2,Estela Salas,2118,
575,2,Edith Cervantes,2119,
576,2,Claudia Menes,2120,
577,2,German,2121,
578,2,Yessi,2122,
579,2,Profe Capetillo,2133,
580,2,Mascareñas,2137,
581,2,Sagrario Hernandez,2139,
582,2,Dul,2142,
583,2,Marichuy Lavalle,2144,
584,2,Fede,2146,
585,2,Beto Paredes,2148,
586,2,Rafael Hernandez,2152,
587,2,Capitan Faustino,2161,
588,2,Dra. Teresa,2172,
589,2,Carlos El Ovni,2177,
590,2,Doña Mirela,2178,
591,2,Lucy Ventura,2180,
592,2,Tity Kastelo,2181,
593,2,Grace,2186,
594,2,Rosy,2188,
595,2,Tato Vega,2189,
596,2,Sabino,2190,
597,2,Chelo,2191,
598,2,Karina,2192,
599,2,Tomi,2193,
600,2,Maroli,2194,
601,2,Zita Pazzi,2197,
602,2,Eric Sosa,2198,
603,2,Mayte Osorio,2199,
604,2,Paco Gutierrez,2200,
605,2,Adriana Soto,2203,
606,2,Pepe Yunes,2205,
607,2,Doctora Nereida,2207,
608,2,Maryjose Gamboa,2208,
609,2,Igor Roji,2211,
610,2,Mario Amoros,2214,
611,2,Maru Pinete,2217,
612,2,Bertha Espinoza,2218,
613,2,Rosa Maria,2219,
614,2,Pulpo Remes,2220,
615,2,Gely Peña,2223,
616,2,Martha,2226,
617,2,Pepe López,2232,
618,2,Lobo,2237,
619,2,Violeth,2238,
620,2,Gaby,2239,
621,2,Amigo Libo,2241,
622,2,Rommel Pacheco,2243,
623,2,Gaby Cejudo,2249,
624,2,Lupita Lopez,2252,
625,2,Lupita González,2253,
626,2,Ro Padilla Lizama,2256,
627,2,Geovanna Campos,2263,
628,2,Chable,2264,
629,2,Lupita Uxul,2266,
630,2,Rebe,2269,
631,2,Dra. Rosy Díaz,2270,
632,2,Charly,2271,
633,2,"Maggi Torres,Maggie Torres,Magui Torres",2272,
634,2,Negrita,2274,
635,2,Lupita Flores,2280,
636,2,Lic Olga,2282,
637,2,Norma Castorena,2283,
638,2,Miguel Varela,2284,
639,2,Carlos Peña,2285,
640,2,Caro Davila,2286,
641,2,Benelly Hernandez,2287,
642,2,Lyndi,2288,
643,2,Chira la Arrecha,2295,
644,2,Guero,2296,
645,2,Lily Leal,2299,
646,2,Dr. Arellano,2303,
647,2,Paco Rojas,2309,
648,2,Katy Aguiar,2311,
649,2,Tere Calzada,2322,
650,2,Max,2324,
651,2,Charly Maya,2326,
652,2,Chucho Llamas,2328,
653,2,Toño Díaz,2338,
654,2,Murat,2344,
655,2,Coronel Nazarea Herrera,2345,
656,2,Paty Duran,2349,
657,2,Zazu Hornelas,2359,
658,2,Dr. Heriberto Rubio,2362,
659,2,Tony Rodríguez,2364,
660,2,Mary Navora,2369,
661,2,Erika Paola Azuara,2370,
662,2,Sergio Octavio,2373,
663,2,Pepe Ovando,2374,
664,2,Alfredo Corzo,2376,
665,2,Yess Buendia,2377,
666,2,Cintia Ortiz,2384,
667,2,Alex Lopez,2386,
668,2,Pepe,2387,
669,2,Betuco,2389,
670,2,Carlos Marin,2391,
671,2,Axel Roth,2398,
672,2,Enrique Escalante,2403,
673,2,Pako Moreno,2407,
674,2,Alejandro Albarran,2408,
675,2,Many Cortes,2409,
676,2,Luis Torres,2410,
677,2,Israel Torres,2411,
678,2,Dr. Magdaleno Pérez Hernández,2419,
679,2,Paco Cienfuegos,2421,
680,2,Pako Sánchez,2422,
681,2,Dr. Héctor Torres Soltero,2424,
682,2,Geraldine Ponce,2426,
683,2,Misael Espinoza,2428,
684,2,Pao,2431,
685,2,Naranjo,2432,
686,2,Tere Dominguez,2435,
687,2,Montes Cuen,2436,
688,2,Memo,2438,
689,2,Arturo Castro,2439,
690,2,Miss Lozano,2446,
691,2,Gaby Lara,2447,
692,2,May,2449,
693,2,Perseo Quiroz,2450,
694,2,Jorge Toledo,2451,
695,2,Gachuz,2453,
696,2,Carlos Feria,2462,
697,2,Paty Alcaraz,2465,
698,2,Paco,2466,
699,2,Rosi,2468,
700,2,Yareth,2474,
701,2,Maru,2486,
702,2,Dr. Rosales,2488,
703,2,Luz Ma,2489,
704,2,Chemel,2492,
705,2,Pipo,2496,
706,2,Paloma Arce,2498,
707,2,Caballero Millán,2512,
708,2,Chema Fraustro,2522,
709,2,Tere Romo,2524,
710,2,Kathia Bustillos,2538,
711,2,Adriana Teresa,2539,
712,2,Pepe Celaya,2553,
713,2,Mtra. Patricia Borunda,2562,
714,2,La Grosera,2577,
715,2,Fabi Zúñiga,2610,
716,2,Toño Alta,2618,
717,2,Arlette Tapia,2627,
718,2,Maylen Angeles,2639,
719,2,Raul Otero,2644,
720,2,Lecuz,2679,
721,2,Ofelia Cano,2680,
722,2,Paola,2681,
723,2,Pablo Lemus,2682,
724,2,Dr Carlos Lomeli,2683,
725,2,Diana Palacios,2684,
726,2,Doctora,2685,
727,2,Viry Rivas,2688,
728,2,Hilda Luis,2692,
729,2,Javier Chavez,2693,
730,2,Ricardo Leyva,2697,
731,2,Irving Vite,2703,
732,2,Cinthya Lobato,2706,
733,2,El Chocolate,2707,
734,2,Alejandro Navarro,2710,
735,2,Edgar Castro,2714,
736,2,Luna Raul,2717,
737,2,Maribel Tovar,2718,
738,2,Carlos Farias,2720,
739,2,Gisela Mendez,2723,
740,2,Pastora Ferraez,2724,
741,2,Pepe Inurreta,2727,
742,2,Diego Giron,2737,
743,2,Dr. Oscar,2738,
744,2,La Raqueta,2739,
745,2,Bildmart "El Independiente",2790,
746,2,Maestro Benny Amaro,2793,
747,2,Profe Nato,2795,
748,2,Anny Orea,2797,
749,2,Lobito,2809,
750,2,Chacho Matar,2811,
751,2,Profe Amador,2829,
752,2,Pinguis,2839,
753,2,Manolo Agüero,2844,
754,2,Paco Roman,2847,
755,2,Poncho Magos,2864,
756,2,La Chona,2873,
757,2,Chava Cosío,2888,
758,2,Polo Leal,2896,
759,2,Lupita Guerrero,2900,
760,2,Tito Yerena,2904,
761,2,Vero Camacho,2909,
762,2,"Charito García Fletes,Maestra Charito",2911,
763,2,Chayito Velázquez,2915,
764,2,Dr. Albarrán,2916,
765,2,Beto Maldonado,2920,
766,2,Claudio Secilio,2925,
767,2,Nájera El Bombero,2928,
768,2,Kike Díaz,2933,
769,2,Siri salido,2941,
770,2,Paco mendivil,2954,
771,2,maestro montes piña,2956,
772,2,paco ochoa,2960,
773,2,pilinki,2962,
774,2,el mayito,2963,
775,2,el doc,2964,
776,2,el cuate,2965,
777,2,Lucero Altamirano,2981,
778,2,Profe. Aurelio Brindis,2985,
779,2,Doc Edgar Peña,2988,
780,2,Lucy Espejel,2990,
781,2,Manolo Flores,2995,
782,2,Chava Santos,2996,
783,2,Carlos Pimentel,2999,
784,2,Cayetano Tepal,3006,
785,2,Carlos Piedras,3013,
786,2,El Pollo,3014,
787,2,Memo,3019,
788,2,Ricardo Morales,3024,
789,2,Veronica Zamora,3025,
790,2,Gaby Muñoz,3027,
791,2,Reyez Ruiz,3028,
792,2,Janel Sanchez,3032,
793,2,Oscar Solis,3033,
794,2,Patsy Amaro,3038,
795,2,Javo Torres,3046,
796,2,Victor Piña,3047,
797,2,Anilu Debora Bonilla,3048,
798,2,Dr.Jose Manuel,3052,
799,2,Lucero Chavez,3055,
800,2,Profe Chava,3059,
801,2,polo,3083,
802,2,Mara Lezama,3108,
803,2,Lupita Alcocer,3110,
804,2,El Waso,3111,
805,2,Betty Hernandez,3116,
806,2,Güero,3117,
807,2,Ale Villagomez,3120,
808,2,Paty Zitro,3129,
809,2,Paco Martinez,3130,
810,2,Pepe Aguirre,3131,
811,2,Chayito,3136,
812,2,Dr. Albarran,3137,
813,2,Beto,3142,
814,2,Beto Casas,3143,
815,2,Lupita Orozco,3144,
816,2,Claudio,3145,
817,2,Gus,3146,
818,2,Lupita Ruano,3152,
819,2,Jana Téllez,3156,
820,2,Nacho espinosa,3160,
821,2,Poncho,3165,
822,2,El profe,3179,
823,2,Viry Ayala,3183,
824,2,Lupe Paniagua,3184,
825,2,Cande Veleta,3193,
826,2,Mtra. Adela Ramos,3197,
827,2,La Torita,3212,
828,2,Profe Michel,3215,
829,2,Sergio Chavez,3216,
830,2,Luisa Fontova,3218,
