[
	{
		"abbreviation": {
			"en_US": "CPP",
			"es_MX": "CPP"
		},
		"area_id": 267,
		"coalition_id": "",
		"colors": [
			"BLUE",
			"ORANGE",
			"RED"
		],
		"fb_urls": [
			"https://www.facebook.com/CompromisoPorPueblaOficial"
		],
		"id": 1,
		"ig_urls": [],
		"logo_urls": [
			"https://www.ine.mx/wp-content/uploads/2018/01/compromiso-puebla.png"
		],
		"name": {
			"en_US": "Compromiso por Puebla",
			"es_MX": "Compromiso por Puebla"
		},
		"websites": [
			{
				"note": "official",
				"url": "https://www.partidocompromisoporpuebla.org"
			}
		]
	},
	{
		"abbreviation": {
			"en_US": "CQRoo",
			"es_MX": "CQRoo"
		},
		"area_id": 288,
		"coalition_id": "",
		"colors": [
			"BLUE",
			"PURPLE"
		],
		"fb_urls": [
			"https://www.facebook.com/Confianzaqroo"
		],
		"id": 2,
		"ig_urls": [
			"https://www.instagram.com/confianzaqroo"
		],
		"logo_urls": [
			"https://www.ine.mx/wp-content/uploads/2019/08/quintanaroo-confianza.png"
		],
		"name": {
			"en_US": "Confianza por Quintana Roo",
			"es_MX": "Confianza por Quintana Roo"
		},
		"websites": [
			{
				"note": "official",
				"url": "https://www.facebook.com/Confianzaqroo"
			}
		]
	},
	{
		"abbreviation": {
			"en_US": "FM",
			"es_MX": "FM"
		},
		"area_id": 1,
		"coalition_id": "",
		"colors": [
			"PINK",
			"WHITE"
		],
		"fb_urls": [],
		"id": 3,
		"ig_urls": [],
		"logo_urls": [],
		"name": {
			"en_US": "Frente por México",
			"es_MX": "Frente por México"
		},
		"websites": []
	},
	{
		"abbreviation": {
			"en_US": "FJ",
			"es_MX": "FJ"
		},
		"area_id": 196,
		"coalition_id": "",
		"colors": [
			"DARK PURPLE"
		],
		"fb_urls": [
			"https://www.facebook.com/FuturoJal"
		],
		"id": 4,
		"ig_urls": [
			"https://www.instagram.com/hayfuturojal"
		],
		"logo_urls": [
			"https://www.ine.mx/wp-content/uploads/2021/02/6Futuro.jpg"
		],
		"name": {
			"en_US": "Futuro Jalisco",
			"es_MX": "Futuro Jalisco"
		},
		"websites": [
			{
				"note": "official",
				"url": "https://www.hayfuturo.mx"
			}
		]
	},
	{
		"abbreviation": {
			"en_US": "C1",
			"es_MX": "C1"
		},
		"area_id": 7,
		"coalition_id": "",
		"colors": [
			"WHITE"
		],
		"fb_urls": [],
		"id": 5,
		"ig_urls": [],
		"logo_urls": [],
		"name": {
			"en_US": "Independiente 1",
			"es_MX": "Independiente 1"
		},
		"websites": []
	},
	{
		"abbreviation": {
			"en_US": "C2",
			"es_MX": "C2"
		},
		"area_id": 370,
		"coalition_id": "",
		"colors": [
			"WHITE"
		],
		"fb_urls": [],
		"id": 6,
		"ig_urls": [],
		"logo_urls": [],
		"name": {
			"en_US": "Independiente 2",
			"es_MX": "Independiente 2"
		},
		"websites": []
	},
	{
		"abbreviation": {
			"en_US": "C3",
			"es_MX": "C3"
		},
		"area_id": 172,
		"coalition_id": "",
		"colors": [
			"WHITE"
		],
		"fb_urls": [],
		"id": 7,
		"ig_urls": [],
		"logo_urls": [],
		"name": {
			"en_US": "Independiente 3",
			"es_MX": "Independiente 3"
		},
		"websites": []
	},
	{
		"abbreviation": {
			"en_US": "C4",
			"es_MX": "C4"
		},
		"area_id": 295,
		"coalition_id": "",
		"colors": [
			"WHITE"
		],
		"fb_urls": [],
		"id": 8,
		"ig_urls": [],
		"logo_urls": [],
		"name": {
			"en_US": "Independiente 4",
			"es_MX": "Independiente 4"
		},
		"websites": []
	},
	{
		"abbreviation": {
			"en_US": "C5",
			"es_MX": "C5"
		},
		"area_id": 304,
		"coalition_id": "",
		"colors": [
			"WHITE"
		],
		"fb_urls": [],
		"id": 9,
		"ig_urls": [],
		"logo_urls": [],
		"name": {
			"en_US": "Independiente 5",
			"es_MX": "Independiente 5"
		},
		"websites": []
	},
	{
		"abbreviation": {
			"en_US": "C6",
			"es_MX": "C6"
		},
		"area_id": 313,
		"coalition_id": "",
		"colors": [
			"WHITE"
		],
		"fb_urls": [],
		"id": 10,
		"ig_urls": [],
		"logo_urls": [],
		"name": {
			"en_US": "Independiente 6",
			"es_MX": "Independiente 6"
		},
		"websites": []
	},
	{
		"abbreviation": {
			"en_US": "C7",
			"es_MX": "C7"
		},
		"area_id": 333,
		"coalition_id": "",
		"colors": [
			"WHITE"
		],
		"fb_urls": [],
		"id": 11,
		"ig_urls": [],
		"logo_urls": [],
		"name": {
			"en_US": "Independiente 7",
			"es_MX": "Independiente 7"
		},
		"websites": []
	},
	{
		"abbreviation": {
			"en_US": "C8",
			"es_MX": "C8"
		},
		"area_id": 17,
		"coalition_id": "",
		"colors": [
			"WHITE"
		],
		"fb_urls": [],
		"id": 12,
		"ig_urls": [],
		"logo_urls": [],
		"name": {
			"en_US": "Independiente 8",
			"es_MX": "Independiente 8"
		},
		"websites": []
	},
	{
		"abbreviation": {
			"en_US": "C9",
			"es_MX": "C9"
		},
		"area_id": 20,
		"coalition_id": "",
		"colors": [
			"WHITE"
		],
		"fb_urls": [],
		"id": 13,
		"ig_urls": [],
		"logo_urls": [],
		"name": {
			"en_US": "Independiente 9",
			"es_MX": "Independiente 9"
		},
		"websites": []
	},
	{
		"abbreviation": {
			"en_US": "C10",
			"es_MX": "C10"
		},
		"area_id": 35,
		"coalition_id": "",
		"colors": [
			"WHITE"
		],
		"fb_urls": [],
		"id": 14,
		"ig_urls": [],
		"logo_urls": [],
		"name": {
			"en_US": "Independiente 10",
			"es_MX": "Independiente 10"
		},
		"websites": []
	},
	{
		"abbreviation": {
			"en_US": "C11",
			"es_MX": "C11"
		},
		"area_id": 63,
		"coalition_id": "",
		"colors": [
			"WHITE"
		],
		"fb_urls": [],
		"id": 15,
		"ig_urls": [],
		"logo_urls": [],
		"name": {
			"en_US": "Independiente 11",
			"es_MX": "Independiente 11"
		},
		"websites": []
	},
	{
		"abbreviation": {
			"en_US": "C12",
			"es_MX": "C12"
		},
		"area_id": 172,
		"coalition_id": "",
		"colors": [
			"WHITE"
		],
		"fb_urls": [],
		"id": 16,
		"ig_urls": [],
		"logo_urls": [],
		"name": {
			"en_US": "Independiente 12",
			"es_MX": "Independiente 12"
		},
		"websites": []
	},
	{
		"abbreviation": {
			"en_US": "C13",
			"es_MX": "C13"
		},
		"area_id": 217,
		"coalition_id": "",
		"colors": [
			"WHITE"
		],
		"fb_urls": [],
		"id": 17,
		"ig_urls": [],
		"logo_urls": [],
		"name": {
			"en_US": "Independiente 13",
			"es_MX": "Independiente 13"
		},
		"websites": []
	},
	{
		"abbreviation": {
			"en_US": "C14",
			"es_MX": "C14"
		},
		"area_id": 237,
		"coalition_id": "",
		"colors": [
			"WHITE"
		],
		"fb_urls": [],
		"id": 18,
		"ig_urls": [],
		"logo_urls": [],
		"name": {
			"en_US": "Independiente 14",
			"es_MX": "Independiente 14"
		},
		"websites": []
	},
	{
		"abbreviation": {
			"en_US": "C15",
			"es_MX": "C15"
		},
		"area_id": 242,
		"coalition_id": "",
		"colors": [
			"WHITE"
		],
		"fb_urls": [],
		"id": 19,
		"ig_urls": [],
		"logo_urls": [],
		"name": {
			"en_US": "Independiente 15",
			"es_MX": "Independiente 15"
		},
		"websites": []
	},
	{
		"abbreviation": {
			"en_US": "MAS",
			"es_MX": "MAS"
		},
		"area_id": 288,
		"coalition_id": "",
		"colors": [
			"PURPLE"
		],
		"fb_urls": [
			"https://www.facebook.com/movautenticosocial"
		],
		"id": 20,
		"ig_urls": [
			"https://www.instagram.com/soyautentico"
		],
		"logo_urls": [
			"https://www.ine.mx/wp-content/uploads/2021/02/16MovAutenticoSoc.jpg"
		],
		"name": {
			"en_US": "Movimiento Auténtico Social",
			"es_MX": "Movimiento Auténtico Social"
		},
		"websites": [
			{
				"note": "official",
				"url": "http://www.autenticosocial.org"
			}
		]
	},
	{
		"abbreviation": {
			"en_US": "MC",
			"es_MX": "MC"
		},
		"area_id": 1,
		"coalition_id": "",
		"colors": [
			"ORANGE"
		],
		"fb_urls": [
			"https://www.facebook.com/MovCiudadanoMX"
		],
		"id": 21,
		"ig_urls": [
			"https://www.instagram.com/movciudadanomx"
		],
		"logo_urls": [
			"https://www.ine.mx/wp-content/uploads/2018/01/movimiento-ciudadano.png"
		],
		"name": {
			"en_US": "Movimiento Ciudadano",
			"es_MX": "Movimiento Ciudadano"
		},
		"websites": [
			{
				"note": "official",
				"url": "https://www.movimientociudadano.mx"
			}
		]
	},
	{
		"abbreviation": {
			"en_US": "Morena",
			"es_MX": "Morena"
		},
		"area_id": 1,
		"coalition_id": 7,
		"colors": [
			"RED"
		],
		"fb_urls": [
			"https://www.facebook.com/CENMorenaMX"
		],
		"id": 22,
		"ig_urls": [],
		"logo_urls": [
			"https://www.ine.mx/wp-content/uploads/2018/01/morena.png"
		],
		"name": {
			"en_US": "Movimiento de Regeneración Nacional",
			"es_MX": "Movimiento de Regeneración Nacional"
		},
		"websites": [
			{
				"note": "official",
				"url": "https://www.morena.si"
			}
		]
	},
	{
		"abbreviation": {
			"en_US": "MDZ",
			"es_MX": "MDZ"
		},
		"area_id": 370,
		"coalition_id": "",
		"colors": [
			"RED",
			"GREEN"
		],
		"fb_urls": [
			"https://www.facebook.com/Movimiento-Dignidad-Zacatecas-106598081406051"
		],
		"id": 23,
		"ig_urls": [],
		"logo_urls": [
			"https://www.ine.mx/wp-content/uploads/2021/02/24MovDignidadZac.jpg"
		],
		"name": {
			"en_US": "Movimiento Dignidad Zacatecas",
			"es_MX": "Movimiento Dignidad Zacatecas"
		},
		"websites": []
	},
	{
		"abbreviation": {
			"en_US": "MLN",
			"es_MX": "MLN"
		},
		"area_id": 237,
		"coalition_id": "",
		"colors": [
			"PINK",
			"YELLOW"
		],
		"fb_urls": [],
		"id": 24,
		"ig_urls": [],
		"logo_urls": [],
		"name": {
			"en_US": "Movimiento Levántate para Nayarit",
			"es_MX": "Movimiento Levántate para Nayarit"
		},
		"websites": []
	},
	{
		"abbreviation": {
			"en_US": "PANAL",
			"es_MX": "PANAL"
		},
		"area_id": 1,
		"coalition_id": "",
		"colors": [
			"BLUE"
		],
		"fb_urls": [
			"https://www.facebook.com/naedomex"
		],
		"id": 25,
		"ig_urls": [
			"https://www.instagram.com/nuevaalianzaedomexoficial"
		],
		"logo_urls": [],
		"name": {
			"en_US": "Nueva Alianza",
			"es_MX": "Nueva Alianza"
		},
		"websites": []
	},
	{
		"abbreviation": {
			"en_US": "PSI",
			"es_MX": "PSI"
		},
		"area_id": 267,
		"coalition_id": "",
		"colors": [
			"RED",
			"ORANGE"
		],
		"fb_urls": [
			"https://www.facebook.com/PSIOficialPuebla"
		],
		"id": 26,
		"ig_urls": [
			"https://www.instagram.com/psi_puebla"
		],
		"logo_urls": [
			"https://www.ine.mx/wp-content/uploads/2018/08/psi.jpg"
		],
		"name": {
			"en_US": "Pacto Social de Integración",
			"es_MX": "Pacto Social de Integración"
		},
		"websites": []
	},
	{
		"abbreviation": {
			"en_US": "PAN",
			"es_MX": "PAN"
		},
		"area_id": 1,
		"coalition_id": 27,
		"colors": [
			"BLUE",
			"WHITE"
		],
		"fb_urls": [
			"https://www.facebook.com/PartidoAccionNacional"
		],
		"id": 27,
		"ig_urls": [
			"https://www.instagram.com/accionnacional"
		],
		"logo_urls": [
			"https://www.ine.mx/wp-content/uploads/2018/01/pan.png"
		],
		"name": {
			"en_US": "Partido Acción Nacional",
			"es_MX": "Partido Acción Nacional"
		},
		"websites": [
			{
				"note": "official",
				"url": "https://www.pan.org.mx"
			}
		]
	},
	{
		"abbreviation": {
			"en_US": "PAC",
			"es_MX": "PAC"
		},
		"area_id": 333,
		"coalition_id": "",
		"colors": [
			"GREEN",
			"BLUE",
			"WHITE"
		],
		"fb_urls": [
			"https://www.facebook.com/alianzaciudadanatlaxcala"
		],
		"id": 28,
		"ig_urls": [
			"https://www.instagram.com/partidoalianzaciudadanapac"
		],
		"logo_urls": [
			"https://www.ine.mx/wp-content/uploads/2018/08/pac.png"
		],
		"name": {
			"en_US": "Partido Alianza Ciudadana",
			"es_MX": "Partido Alianza Ciudadana"
		},
		"websites": [
			{
				"note": "official",
				"url": "https://www.partidoalianzaciudadanatlax.com"
			}
		]
	},
	{
		"abbreviation": {
			"en_US": "PA",
			"es_MX": "PA"
		},
		"area_id": 231,
		"coalition_id": "",
		"colors": [
			"PURPLE"
		],
		"fb_urls": [
			"https://www.facebook.com/Armon%C3%ADa-por-Morelos-532538333917991"
		],
		"id": 29,
		"ig_urls": [
			"https://www.instagram.com/armoniapormorelos"
		],
		"logo_urls": [
			"https://www.ine.mx/wp-content/uploads/2021/02/15ArmoniaporMorelos.jpg"
		],
		"name": {
			"en_US": "Partido Armonía",
			"es_MX": "Partido Armonía"
		},
		"websites": [
			{
				"note": "official",
				"url": "https://www.armoniapormorelos.com"
			}
		]
	},
	{
		"abbreviation": {
			"en_US": "PBSC",
			"es_MX": "PBSC"
		},
		"area_id": 17,
		"coalition_id": "",
		"colors": [
			"BROWN"
		],
		"fb_urls": [],
		"id": 30,
		"ig_urls": [],
		"logo_urls": [],
		"name": {
			"en_US": "Partido Baja California Sur Coherente",
			"es_MX": "Partido Baja California Sur Coherente"
		},
		"websites": []
	},
	{
		"abbreviation": {
			"en_US": "PBC",
			"es_MX": "PBC"
		},
		"area_id": 231,
		"coalition_id": "",
		"colors": [
			"BLUE",
			"PURPLE"
		],
		"fb_urls": [
			"https://www.facebook.com/Partido-Bienestar-Ciudadano-Morelos-PBC-100255555156196"
		],
		"id": 31,
		"ig_urls": [],
		"logo_urls": [
			"https://www.ine.mx/wp-content/uploads/2021/02/10PartBienestarCiud.jpg"
		],
		"name": {
			"en_US": "Partido Bienestar Ciudadano",
			"es_MX": "Partido Bienestar Ciudadano"
		},
		"websites": []
	},
	{
		"abbreviation": {
			"en_US": "PC",
			"es_MX": "PC"
		},
		"area_id": 343,
		"coalition_id": "",
		"colors": [
			"BLACK",
			"RED"
		],
		"fb_urls": [
			"https://www.facebook.com/PartidoCardenistaVeracruz"
		],
		"id": 32,
		"ig_urls": [],
		"logo_urls": [
			"https://www.ine.mx/wp-content/uploads/2021/02/20PartidoCardenista.jpg"
		],
		"name": {
			"en_US": "Partido Cardenista",
			"es_MX": "Partido Cardenista"
		},
		"websites": []
	},
	{
		"abbreviation": {
			"en_US": "PCU",
			"es_MX": "PCU"
		},
		"area_id": 32,
		"coalition_id": "",
		"colors": [
			"YELLOW",
			"GREEN",
			"RED",
			"BLUE"
		],
		"fb_urls": [
			"https://www.facebook.com/partidochiapasunidooficial"
		],
		"id": 33,
		"ig_urls": [
			"https://www.instagram.com/pchiapasunido"
		],
		"logo_urls": [
			"https://www.ine.mx/wp-content/uploads/2018/08/chiapas-unido.png"
		],
		"name": {
			"en_US": "Partido Chiapas Unido",
			"es_MX": "Partido Chiapas Unido"
		},
		"websites": [
			{
				"note": "official",
				"url": "http://www.partidochiapasunido.com.mx"
			}
		]
	},
	{
		"abbreviation": {
			"en_US": "PCP",
			"es_MX": "PCP"
		},
		"area_id": 295,
		"coalition_id": "",
		"colors": [
			"ORANGE"
		],
		"fb_urls": [
			"https://www.facebook.com/ConcienciaPopularSLP"
		],
		"id": 34,
		"ig_urls": [
			"https://www.instagram.com/concienciapopularslp"
		],
		"logo_urls": [
			"https://www.ine.mx/wp-content/uploads/2018/01/conciencia-popular.png"
		],
		"name": {
			"en_US": "Partido Conciencia Popular",
			"es_MX": "Partido Conciencia Popular"
		},
		"websites": [
			{
				"note": "official",
				"url": "https://www.concienciapopular-slp.org"
			}
		]
	},
	{
		"abbreviation": {
			"en_US": "PBCal",
			"es_MX": "PBCal"
		},
		"area_id": 7,
		"coalition_id": "",
		"colors": [
			"ORANGE",
			"GREEN"
		],
		"fb_urls": [
			"https://www.facebook.com/PartidodeBajaCalifornia"
		],
		"id": 35,
		"ig_urls": [
			"https://www.instagram.com/partidodebc"
		],
		"logo_urls": [
			"https://www.ine.mx/wp-content/uploads/2018/01/baja_california.png"
		],
		"name": {
			"en_US": "Partido de Baja California",
			"es_MX": "Partido de Baja California"
		},
		"websites": [
			{
				"note": "official",
				"url": "https://www.partidodebc.org"
			}
		]
	},
	{
		"abbreviation": {
			"en_US": "PRC",
			"es_MX": "PRC"
		},
		"area_id": 48,
		"coalition_id": "",
		"colors": [
			"PINK",
			"ORANGE"
		],
		"fb_urls": [],
		"id": 36,
		"ig_urls": [
			"https://www.instagram.com/prc_78"
		],
		"logo_urls": [
			"https://www.ine.mx/wp-content/uploads/2020/01/prc-coahuila.jpg"
		],
		"name": {
			"en_US": "Partido de la Revolución Coahuilense",
			"es_MX": "Partido de la Revolución Coahuilense"
		},
		"websites": []
	},
	{
		"abbreviation": {
			"en_US": "PRD",
			"es_MX": "PRD"
		},
		"area_id": 1,
		"coalition_id": 27,
		"colors": [
			"YELLOW",
			"BLACK"
		],
		"fb_urls": [
			"https://www.facebook.com/PartidodelaRevolucionDemocratica"
		],
		"id": 37,
		"ig_urls": [
			"https://www.instagram.com/prdmexico"
		],
		"logo_urls": [
			"https://www.ine.mx/wp-content/uploads/2018/01/prd.png"
		],
		"name": {
			"en_US": "Partido de la Revolución Democrática",
			"es_MX": "Partido de la Revolución Democrática"
		},
		"websites": [
			{
				"note": "official",
				"url": "https://www.prd.org.mx"
			}
		]
	},
	{
		"abbreviation": {
			"en_US": "PRS",
			"es_MX": "PRS"
		},
		"area_id": 17,
		"coalition_id": "",
		"colors": [
			"RED",
			"BLACK"
		],
		"fb_urls": [
			"https://www.facebook.com/renovacion.sudcaliforniana"
		],
		"id": 38,
		"ig_urls": [],
		"logo_urls": [
			"https://www.ine.mx/wp-content/uploads/2018/01/prs.png"
		],
		"name": {
			"en_US": "Partido de Renovación Sudcaliforniana",
			"es_MX": "Partido de Renovación Sudcaliforniana"
		},
		"websites": [
			{
				"note": "official",
				"url": "http://www.prsbcs.org.mx"
			}
		]
	},
	{
		"abbreviation": {
			"en_US": "PPu",
			"es_MX": "PPu"
		},
		"area_id": 370,
		"coalition_id": "",
		"colors": [
			"RED",
			"WHITE",
			"BLACK"
		],
		"fb_urls": [
			"https://www.facebook.com/Partido-del-Pueblo-Zacatecas-101595222062929"
		],
		"id": 39,
		"ig_urls": [],
		"logo_urls": [
			"https://www.ine.mx/wp-content/uploads/2021/02/25PartidodelPueblo-1.jpg"
		],
		"name": {
			"en_US": "Partido del Pueblo",
			"es_MX": "Partido del Pueblo"
		},
		"websites": []
	},
	{
		"abbreviation": {
			"en_US": "PT",
			"es_MX": "PT"
		},
		"area_id": 1,
		"coalition_id": 7,
		"colors": [
			"RED",
			"YELLOW"
		],
		"fb_urls": [
			"https://www.facebook.com/PTNACIONALMX"
		],
		"id": 40,
		"ig_urls": [
			"https://www.instagram.com/ptnacionalmx"
		],
		"logo_urls": [
			"https://www.ine.mx/wp-content/uploads/2018/01/pt.png"
		],
		"name": {
			"en_US": "Partido del Trabajo",
			"es_MX": "Partido del Trabajo"
		},
		"websites": [
			{
				"note": "official",
				"url": "https://www.partidodeltrabajo.org.mx"
			}
		]
	},
	{
		"abbreviation": {
			"en_US": "PD",
			"es_MX": "PD"
		},
		"area_id": 103,
		"coalition_id": "",
		"colors": [
			"PINK",
			"GREEN"
		],
		"fb_urls": [
			"https://www.facebook.com/PartidoDuranguense1"
		],
		"id": 41,
		"ig_urls": [
			"https://www.instagram.com/partidoduranguense1"
		],
		"logo_urls": [
			"https://www.ine.mx/wp-content/uploads/2019/08/durango-pd.png"
		],
		"name": {
			"en_US": "Partido Duranguense",
			"es_MX": "Partido Duranguense"
		},
		"websites": [
			{
				"note": "official",
				"url": "http://www.partidoduranguense.org.mx"
			}
		]
	},
	{
		"abbreviation": {
			"en_US": "PEZ",
			"es_MX": "PEZ"
		},
		"area_id": 48,
		"coalition_id": "",
		"colors": [
			"GREEN"
		],
		"fb_urls": [
			"https://www.facebook.com/PartidoEmilianoZapata"
		],
		"id": 42,
		"ig_urls": [
			"https://www.instagram.com/partido_emiliano_zapata"
		],
		"logo_urls": [
			"https://www.ine.mx/wp-content/uploads/2019/08/coahuila-emiliano-zapata.png"
		],
		"name": {
			"en_US": "Partido Emiliano Zapata",
			"es_MX": "Partido Emiliano Zapata"
		},
		"websites": [
			{
				"note": "official",
				"url": "https://www.partidoemilianozapata.com"
			}
		]
	},
	{
		"abbreviation": {
			"en_US": "PES",
			"es_MX": "PES"
		},
		"area_id": 1,
		"coalition_id": "",
		"colors": [
			"BLUE",
			"WHITE"
		],
		"fb_urls": [
			"https://www.facebook.com/PESnacionalMX"
		],
		"id": 43,
		"ig_urls": [
			"https://www.instagram.com/pesnacionalmx"
		],
		"logo_urls": [
			"https://www.ine.mx/wp-content/uploads/2020/09/peslogo-encuentro-social.png"
		],
		"name": {
			"en_US": "Partido Encuentro Social",
			"es_MX": "Partido Encuentro Social"
		},
		"websites": [
			{
				"note": "official",
				"url": "https://www.pesnacional.org"
			}
		]
	},
	{
		"abbreviation": {
			"en_US": "PESol",
			"es_MX": "PESol"
		},
		"area_id": 1,
		"coalition_id": 7,
		"colors": [
			"PURPLE",
			"WHITE"
		],
		"fb_urls": [],
		"id": 44,
		"ig_urls": [],
		"logo_urls": [],
		"name": {
			"en_US": "Partido Encuentro Solidario",
			"es_MX": "Partido Encuentro Solidario"
		},
		"websites": []
	},
	{
		"abbreviation": {
			"en_US": "PELG",
			"es_MX": "PELG"
		},
		"area_id": 38,
		"coalition_id": "",
		"colors": [
			"PINK",
			"WHITE"
		],
		"fb_urls": [
			"https://www.facebook.com/PartidoELIGE"
		],
		"id": 45,
		"ig_urls": [
			"https://www.instagram.com/partido_elige"
		],
		"logo_urls": [
			"https://www.ine.mx/wp-content/uploads/2021/04/emblema-pelg.png"
		],
		"name": {
			"en_US": "Partido Equidad, Libertad y Género",
			"es_MX": "Partido Equidad, Libertad y Género"
		},
		"websites": [
			{
				"note": "official",
				"url": "https://www.partidoelige.org.mx"
			}
		]
	},
	{
		"abbreviation": {
			"en_US": "PFM",
			"es_MX": "PFM"
		},
		"area_id": 231,
		"coalition_id": "",
		"colors": [
			"RED",
			"BLUE",
			"YELLOW"
		],
		"fb_urls": [
			"https://www.facebook.com/fuerzamorelosoficial"
		],
		"id": 46,
		"ig_urls": [
			"https://www.instagram.com/fuerzamorelos"
		],
		"logo_urls": [
			"https://www.ine.mx/wp-content/uploads/2021/02/12FuerzaMorelosJoven.jpg"
		],
		"name": {
			"en_US": "Partido Fuerza Morelos",
			"es_MX": "Partido Fuerza Morelos"
		},
		"websites": []
	},
	{
		"abbreviation": {
			"en_US": "FxM",
			"es_MX": "FxM"
		},
		"area_id": 1,
		"coalition_id": "",
		"colors": [
			"RED",
			"GREEN",
			"BLUE",
			"YELLOW"
		],
		"fb_urls": [],
		"id": 47,
		"ig_urls": [
			"https://www.instagram.com/fuerzamexico_"
		],
		"logo_urls": [
			"https://www.ine.mx/wp-content/uploads/2021/01/Emblema_FMX2021-1.jpg"
		],
		"name": {
			"en_US": "Partido Fuerza Social por México",
			"es_MX": "Partido Fuerza Social por México"
		},
		"websites": [
			{
				"note": "official",
				"url": "https://www.fuerzapormexico.org.mx"
			}
		]
	},
	{
		"abbreviation": {
			"en_US": "PF",
			"es_MX": "PF"
		},
		"area_id": 231,
		"coalition_id": "",
		"colors": [
			"PURPLE"
		],
		"fb_urls": [
			"https://www.facebook.com/Futuro-Morelos-464182274435467"
		],
		"id": 48,
		"ig_urls": [],
		"logo_urls": [
			"https://www.ine.mx/wp-content/uploads/2021/02/11FuturoFuerzaTrabajoyUnidad.jpg"
		],
		"name": {
			"en_US": "Partido Futuro",
			"es_MX": "Partido Futuro"
		},
		"websites": []
	},
	{
		"abbreviation": {
			"en_US": "H",
			"es_MX": "H"
		},
		"area_id": 196,
		"coalition_id": "",
		"colors": [
			"PURPLE",
			"WHITE"
		],
		"fb_urls": [
			"https://www.facebook.com/HagamosJalisco"
		],
		"id": 49,
		"ig_urls": [
			"https://www.instagram.com/hagamosjalisco"
		],
		"logo_urls": [
			"https://www.ine.mx/wp-content/uploads/2021/04/emblema-hagamos.jpg"
		],
		"name": {
			"en_US": "Partido Hagamos",
			"es_MX": "Partido Hagamos"
		},
		"websites": [
			{
				"note": "official",
				"url": "https://www.hagamosjalisco.mx"
			}
		]
	},
	{
		"abbreviation": {
			"en_US": "PHBCS",
			"es_MX": "PHBCS"
		},
		"area_id": 17,
		"coalition_id": "",
		"colors": [
			"PURPLE"
		],
		"fb_urls": [],
		"id": 50,
		"ig_urls": [],
		"logo_urls": [],
		"name": {
			"en_US": "Partido Humanista",
			"es_MX": "Partido Humanista"
		},
		"websites": []
	},
	{
		"abbreviation": {
			"en_US": "SI",
			"es_MX": "SI"
		},
		"area_id": 333,
		"coalition_id": "",
		"colors": [
			"RED"
		],
		"fb_urls": [
			"https://www.facebook.com/Impacto-Social-Si-Comite-Estatal-376167066349559"
		],
		"id": 51,
		"ig_urls": [],
		"logo_urls": [
			"https://www.ine.mx/wp-content/uploads/2021/02/18ImpactoSocialSi.jpg"
		],
		"name": {
			"en_US": "Partido Impacto Social SI",
			"es_MX": "Partido Impacto Social SI"
		},
		"websites": []
	},
	{
		"abbreviation": {
			"en_US": "PFP",
			"es_MX": "PFP"
		},
		"area_id": 370,
		"coalition_id": "",
		"colors": [
			"GREEN",
			"RED",
			"PURPLE"
		],
		"fb_urls": [
			"https://www.facebook.com/PartidoLFP"
		],
		"id": 52,
		"ig_urls": [
			"https://www.instagram.com/partidopoliticolfp"
		],
		"logo_urls": [
			"https://www.ine.mx/wp-content/uploads/2021/02/26LaFamiliaPrimero.jpg"
		],
		"name": {
			"en_US": "Partido la Familia Primero",
			"es_MX": "Partido la Familia Primero"
		},
		"websites": []
	},
	{
		"abbreviation": {
			"en_US": "PLA",
			"es_MX": "PLA"
		},
		"area_id": 2,
		"coalition_id": "",
		"colors": [
			"BLUE",
			"GREEN"
		],
		"fb_urls": [
			"https://www.facebook.com/partidolibreags"
		],
		"id": 53,
		"ig_urls": [
			"https://www.instagram.com/partidolibredeaguascalientes"
		],
		"logo_urls": [
			"https://www.ine.mx/wp-content/uploads/2019/08/Aguascalientes-PLA.png"
		],
		"name": {
			"en_US": "Partido Libre de Aguascalientes",
			"es_MX": "Partido Libre de Aguascalientes"
		},
		"websites": [
			{
				"note": "official",
				"url": "https://www.partidolibredeaguascalientes.com"
			}
		]
	},
	{
		"abbreviation": {
			"en_US": "PAS",
			"es_MX": "PAS"
		},
		"area_id": 231,
		"coalition_id": "",
		"colors": [
			"GREEN",
			"YELLOW"
		],
		"fb_urls": [
			"https://www.facebook.com/PartidoApoyoSocial",
			"https://www.facebook.com/PartidoSinaloense"
		],
		"id": 54,
		"ig_urls": [
			"https://www.instagram.com/partidoapoyosoc",
			"https://www.instagram.com/pasmxoficial"
		],
		"logo_urls": [
			"https://www.ine.mx/wp-content/uploads/2021/02/13MasMasApoyoSoc.jpg",
			"https://www.ine.mx/wp-content/uploads/2018/05/pas.png"
		],
		"name": {
			"en_US": "Partido Más Apoyo Social",
			"es_MX": "Partido Más Apoyo Social"
		},
		"websites": [
			{
				"note": "official",
				"url": "https://www.masapoyosocial.com"
			},
			{
				"note": "official",
				"url": "https://www.partidosinaloense.mx"
			}
		]
	},
	{
		"abbreviation": {
			"en_US": "PMH",
			"es_MX": "PMH"
		},
		"area_id": 188,
		"coalition_id": "",
		"colors": [
			"BLACK",
			"PURPLE",
			"BLUE"
		],
		"fb_urls": [
			"https://www.facebook.com/PartidoMasPorHidalgo"
		],
		"id": 55,
		"ig_urls": [
			"https://www.instagram.com/masporhidalgo"
		],
		"logo_urls": [
			"https://www.ine.mx/wp-content/uploads/2019/08/hidalgo-masporhidalgo.png"
		],
		"name": {
			"en_US": "Partido Más por Hidalgo",
			"es_MX": "Partido Más por Hidalgo"
		},
		"websites": [
			{
				"note": "official",
				"url": "https://www.partidomasporhidalgo.mx"
			}
		]
	},
	{
		"abbreviation": {
			"en_US": "PMP",
			"es_MX": "PMP"
		},
		"area_id": 231,
		"coalition_id": "",
		"colors": [
			"PURPLE",
			"GREEN",
			"PINK"
		],
		"fb_urls": [
			"https://www.facebook.com/Morelos-Progresa-1419911618149032"
		],
		"id": 56,
		"ig_urls": [
			"https://www.instagram.com/morelosprogresaoficial"
		],
		"logo_urls": [
			"https://www.ine.mx/wp-content/uploads/2021/02/9MorelosProgresa.jpg"
		],
		"name": {
			"en_US": "Partido Morelos Progresa",
			"es_MX": "Partido Morelos Progresa"
		},
		"websites": []
	},
	{
		"abbreviation": {
			"en_US": "PMAS",
			"es_MX": "PMAS"
		},
		"area_id": 231,
		"coalition_id": "",
		"colors": [
			"PINK",
			"WHITE"
		],
		"fb_urls": [
			"https://www.facebook.com/AlternativaSocial"
		],
		"id": 57,
		"ig_urls": [],
		"logo_urls": [
			"https://www.ine.mx/wp-content/uploads/2021/02/7MovAltSoc.jpg"
		],
		"name": {
			"en_US": "Partido Movimiento Alternativa Social",
			"es_MX": "Partido Movimiento Alternativa Social"
		},
		"websites": []
	},
	{
		"abbreviation": {
			"en_US": "PAZ",
			"es_MX": "PAZ"
		},
		"area_id": 370,
		"coalition_id": "",
		"colors": [
			"PINK",
			"WHITE"
		],
		"fb_urls": [
			"https://www.facebook.com/pazacatecas"
		],
		"id": 58,
		"ig_urls": [
			"https://www.instagram.com/partido_paz"
		],
		"logo_urls": [
			"https://www.ine.mx/wp-content/uploads/2021/02/23PAZparadesarrollarZac.jpg"
		],
		"name": {
			"en_US": "Partido para Desarrollar Zacatecas",
			"es_MX": "Partido para Desarrollar Zacatecas"
		},
		"websites": []
	},
	{
		"abbreviation": {
			"en_US": "PP",
			"es_MX": "PP"
		},
		"area_id": 103,
		"coalition_id": "",
		"colors": [
			"PURPLE"
		],
		"fb_urls": [
			"https://www.facebook.com/podemosmorelos"
		],
		"id": 59,
		"ig_urls": [],
		"logo_urls": [
			"https://www.ine.mx/wp-content/uploads/2021/02/8PodemosporlademenMor.jpg"
		],
		"name": {
			"en_US": "Partido Podemos",
			"es_MX": "Partido Podemos"
		},
		"websites": [
			{
				"note": "official",
				"url": "http://www.podemosmorelos.org.mx"
			}
		]
	},
	{
		"abbreviation": {
			"en_US": "RSP",
			"es_MX": "RSP"
		},
		"area_id": 1,
		"coalition_id": "",
		"colors": [
			"RED",
			"GRAY",
			"Gray Black"
		],
		"fb_urls": [
			"https://www.facebook.com/RSP.org.mx"
		],
		"id": 60,
		"ig_urls": [
			"https://www.instagram.com/oficialrsp"
		],
		"logo_urls": [
			"https://www.ine.mx/wp-content/uploads/2021/01/RSP-emblema.jpg"
		],
		"name": {
			"en_US": "Partido Redes Sociales Progresistas",
			"es_MX": "Partido Redes Sociales Progresistas"
		},
		"websites": [
			{
				"note": "official",
				"url": "https://www.redessocialesprogresistas.org"
			}
		]
	},
	{
		"abbreviation": {
			"en_US": "PRI",
			"es_MX": "PRI"
		},
		"area_id": 1,
		"coalition_id": 27,
		"colors": [
			"RED",
			"WHITE",
			"GREEN"
		],
		"fb_urls": [
			"https://www.facebook.com/PRIoficial"
		],
		"id": 61,
		"ig_urls": [
			"https://www.instagram.com/pri_nacional/"
		],
		"logo_urls": [
			"https://www.ine.mx/wp-content/uploads/2018/01/pri.png"
		],
		"name": {
			"en_US": "Partido Revolucionario Institucional",
			"es_MX": "Partido Revolucionario Institucional"
		},
		"websites": [
			{
				"note": "official",
				"url": "https://www.pri.org.mx"
			}
		]
	},
	{
		"abbreviation": {
			"en_US": "PAS",
			"es_MX": "PAS"
		},
		"area_id": 304,
		"coalition_id": "",
		"colors": [
			"PURPLE"
		],
		"fb_urls": [],
		"id": 62,
		"ig_urls": [],
		"logo_urls": [],
		"name": {
			"en_US": "Partido Sinaloense",
			"es_MX": "Partido Sinaloense"
		},
		"websites": []
	},
	{
		"abbreviation": {
			"en_US": "PSD",
			"es_MX": "PSD"
		},
		"area_id": 231,
		"coalition_id": "",
		"colors": [
			"ORANGE"
		],
		"fb_urls": [
			"https://www.facebook.com/PSDMORELOS"
		],
		"id": 63,
		"ig_urls": [
			"https://www.instagram.com/psdmorelos"
		],
		"logo_urls": [
			"https://www.ine.mx/wp-content/uploads/2020/01/psd-morelos.jpg"
		],
		"name": {
			"en_US": "Partido Socialdemócrata de Morelos",
			"es_MX": "Partido Socialdemócrata de Morelos"
		},
		"websites": [
			{
				"note": "official",
				"url": "http://www.psd.org.mx"
			}
		]
	},
	{
		"abbreviation": {
			"en_US": "PS",
			"es_MX": "PS"
		},
		"area_id": 333,
		"coalition_id": "",
		"colors": [
			"RED"
		],
		"fb_urls": [
			"https://www.facebook.com/JALISCOSOMOS",
			"https://www.facebook.com/partidosocialsita"
		],
		"id": 64,
		"ig_urls": [],
		"logo_urls": [
			"https://www.ine.mx/wp-content/uploads/2021/04/emblema-pjalisco.jpg",
			"https://www.ine.mx/wp-content/uploads/2018/08/ps.png"
		],
		"name": {
			"en_US": "Partido Socialista",
			"es_MX": "Partido Socialista"
		},
		"websites": [
			{
				"note": "official",
				"url": "https://www.somosjalisco.org.mx"
			},
			{
				"note": "official",
				"url": "https://www.partidosocialista-tlax.com"
			}
		]
	},
	{
		"abbreviation": {
			"en_US": "PS",
			"es_MX": "PS"
		},
		"area_id": 196,
		"coalition_id": "",
		"colors": [
			"YELLOW",
			"PINK",
			"BLUE"
		],
		"fb_urls": [],
		"id": 65,
		"ig_urls": [],
		"logo_urls": [],
		"name": {
			"en_US": "Partido Somos",
			"es_MX": "Partido Somos"
		},
		"websites": []
	},
	{
		"abbreviation": {
			"en_US": "PUP",
			"es_MX": "PUP"
		},
		"area_id": 256,
		"coalition_id": "",
		"colors": [
			"GREEN",
			"RED"
		],
		"fb_urls": [
			"https://www.facebook.com/PartidoUnidadPopularOficial"
		],
		"id": 66,
		"ig_urls": [
			"https://www.instagram.com/partidounidadpopularoficial"
		],
		"logo_urls": [
			"https://www.ine.mx/wp-content/uploads/2018/01/unidad-popular.png"
		],
		"name": {
			"en_US": "Partido Unidad Popular",
			"es_MX": "Partido Unidad Popular"
		},
		"websites": [
			{
				"note": "official",
				"url": "https://www.partidounidadpopular.org.mx"
			}
		]
	},
	{
		"abbreviation": {
			"en_US": "PU",
			"es_MX": "PU"
		},
		"area_id": 48,
		"coalition_id": "",
		"colors": [
			"PURPLE",
			"YELLOW",
			""
		],
		"fb_urls": [
			"https://www.facebook.com/UNIDOS-1770991923195896"
		],
		"id": 67,
		"ig_urls": [],
		"logo_urls": [
			"https://www.ine.mx/wp-content/uploads/2021/02/3UNIDOS.jpg"
		],
		"name": {
			"en_US": "Partido Unido",
			"es_MX": "Partido Unido"
		},
		"websites": [
			{
				"note": "official",
				"url": "https://www.unidoscoahuila.org"
			}
		]
	},
	{
		"abbreviation": {
			"en_US": "UP",
			"es_MX": "UP"
		},
		"area_id": 2,
		"coalition_id": "",
		"colors": [
			"YELLOW",
			"BLACK",
			"BLUE",
			"RED"
		],
		"fb_urls": [
			"https://www.facebook.com/Partido-Unidos-Podemos-Mas-2001805749934453"
		],
		"id": 68,
		"ig_urls": [
			"https://www.instagram.com/unidospodemosmasags"
		],
		"logo_urls": [
			"https://www.ine.mx/wp-content/uploads/2019/08/Aguascalientes-UPA.jpg"
		],
		"name": {
			"en_US": "Partido Unidos Podemos Más",
			"es_MX": "Partido Unidos Podemos Más"
		},
		"websites": []
	},
	{
		"abbreviation": {
			"en_US": "PVEM",
			"es_MX": "PVEM"
		},
		"area_id": 1,
		"coalition_id": "",
		"colors": [
			"GREEN"
		],
		"fb_urls": [
			"https://www.facebook.com/PartidoVerdeEcologistaMex"
		],
		"id": 69,
		"ig_urls": [
			"https://www.instagram.com/partidoverdemex"
		],
		"logo_urls": [
			"https://www.ine.mx/wp-content/uploads/2018/01/pvem.png"
		],
		"name": {
			"en_US": "Partido Verde Ecologista de México",
			"es_MX": "Partido Verde Ecologista de México"
		},
		"websites": [
			{
				"note": "official",
				"url": "https://www.partidoverde.org.mx"
			}
		]
	},
	{
		"abbreviation": {
			"en_US": "PMC",
			"es_MX": "PMC"
		},
		"area_id": 32,
		"coalition_id": "",
		"colors": [
			"PURPLE",
			"YELLOW",
			""
		],
		"fb_urls": [],
		"id": 70,
		"ig_urls": [],
		"logo_urls": [
			"https://www.ine.mx/wp-content/uploads/2020/01/podemos-mover-chiapas.jpg"
		],
		"name": {
			"en_US": "Podemos Mover a Chiapas",
			"es_MX": "Podemos Mover a Chiapas"
		},
		"websites": []
	},
	{
		"abbreviation": {
			"en_US": "PPCH",
			"es_MX": "PPCH"
		},
		"area_id": 32,
		"coalition_id": "",
		"colors": [
			"RED",
			"YELLOW"
		],
		"fb_urls": [
			"https://www.facebook.com/PensemosEnChiapasAC"
		],
		"id": 71,
		"ig_urls": [
			"https://www.instagram.com/partidopopularch"
		],
		"logo_urls": [
			"https://www.ine.mx/wp-content/uploads/2021/02/1PartidoPopularChiapaneco.jpg"
		],
		"name": {
			"en_US": "Popular Chiapaneco",
			"es_MX": "Popular Chiapaneco"
		},
		"websites": []
	},
	{
		"abbreviation": {
			"en_US": "QI",
			"es_MX": "QI"
		},
		"area_id": 283,
		"coalition_id": 2,
		"colors": [
			"PURPLE"
		],
		"fb_urls": [
			"https://www.facebook.com/QueretaroIndependienteCH"
		],
		"id": 72,
		"ig_urls": [
			"https://www.instagram.com/queretaro_independiente"
		],
		"logo_urls": [
			"https://www.ine.mx/wp-content/uploads/2018/08/qi.png"
		],
		"name": {
			"en_US": "Querétaro Independiente",
			"es_MX": "Querétaro Independiente"
		},
		"websites": [
			{
				"note": "official",
				"url": "http://www.queretaroindependiente.org"
			}
		]
	},
	{
		"abbreviation": {
			"en_US": "RPM",
			"es_MX": "RPM"
		},
		"area_id": 231,
		"coalition_id": "",
		"colors": [
			"GREEN",
			"YELLOW"
		],
		"fb_urls": [
			"https://www.facebook.com/renovacionpoliticamorelenseoficial"
		],
		"id": 73,
		"ig_urls": [
			"https://www.instagram.com/rpm_renovacion"
		],
		"logo_urls": [
			"https://www.ine.mx/wp-content/uploads/2021/02/14RenovPolMorelense.jpg"
		],
		"name": {
			"en_US": "Renovación Política Morelense",
			"es_MX": "Renovación Política Morelense"
		},
		"websites": [
			{
				"note": "official",
				"url": "https://www.renovacionpoliticamorelense.org"
			}
		]
	},
	{
		"abbreviation": {
			"en_US": "TV",
			"es_MX": "TV"
		},
		"area_id": 343,
		"coalition_id": "",
		"colors": [
			"PURPLE",
			"PINK"
		],
		"fb_urls": [
			"https://www.facebook.com/TodosPorVeracruz"
		],
		"id": 74,
		"ig_urls": [
			"https://www.instagram.com/todosporveracruz"
		],
		"logo_urls": [
			"https://www.ine.mx/wp-content/uploads/2021/02/19TodosporVeracruz.jpg"
		],
		"name": {
			"en_US": "Todos por Veracruz",
			"es_MX": "Todos por Veracruz"
		},
		"websites": [
			{
				"note": "official",
				"url": "https://www.todosporveracruz.org"
			}
		]
	},
	{
		"abbreviation": {
			"en_US": "UC",
			"es_MX": "UC"
		},
		"area_id": 343,
		"coalition_id": "",
		"colors": [
			"PURPLE",
			"PINK"
		],
		"fb_urls": [
			"https://www.facebook.com/UnidadCiudadanaVer"
		],
		"id": 75,
		"ig_urls": [
			"https://www.instagram.com/partidounidadciudadana"
		],
		"logo_urls": [
			"https://www.ine.mx/wp-content/uploads/2021/02/22UnidadCiudadana.jpg"
		],
		"name": {
			"en_US": "Unidad Ciudadana",
			"es_MX": "Unidad Ciudadana"
		},
		"websites": [
			{
				"note": "official",
				"url": "https://www.partidounidadciudadana.org"
			}
		]
	},
	{
		"abbreviation": {
			"en_US": "UDC",
			"es_MX": "UDC"
		},
		"area_id": 48,
		"coalition_id": "",
		"colors": [
			"ORANGE"
		],
		"fb_urls": [
			"https://www.facebook.com/UDCCOAH"
		],
		"id": 76,
		"ig_urls": [
			"https://www.instagram.com/udccoah"
		],
		"logo_urls": [
			"https://www.ine.mx/wp-content/uploads/2019/10/udc-coahuila.png"
		],
		"name": {
			"en_US": "Unidad Democrática de Coahuila",
			"es_MX": "Unidad Democrática de Coahuila"
		},
		"websites": [
			{
				"note": "official",
				"url": "https://www.udc.org.mx"
			}
		]
	},
	{
		"abbreviation": {
			"en_US": "VIVA",
			"es_MX": "VIVA"
		},
		"area_id": 237,
		"coalition_id": "",
		"colors": [
			"YELLOW"
		],
		"fb_urls": [
			"https://www.facebook.com/VIVApartidopolitico"
		],
		"id": 77,
		"ig_urls": [],
		"logo_urls": [
			"https://www.ine.mx/wp-content/uploads/2019/08/nayarit-viva.png"
		],
		"name": {
			"en_US": "Visión y Valores en Acción",
			"es_MX": "Visión y Valores en Acción"
		},
		"websites": [
			{
				"note": "official",
				"url": "https://www.visionyvalores.org"
			}
		]
	},
	{
		"abbreviation": {
			"en_US": "PH",
			"es_MX": "PH"
		},
		"area_id": 232,
		"coalition_id": "",
		"colors": [
			"Purple"
		],
		"fb_urls": [
			"https://www.facebook.com/partidohumanista.mx"
		],
		"id": 78,
		"ig_urls": [],
		"logo_urls": [],
		"name": {
			"en_US": "Partido Humanista de Morelos",
			"es_MX": "Partido Humanista de Morelos"
		},
		"websites": []
	}
]