person_id,profession_id
1,50,
1,43,
1,2,
2,43,
2,41,
2,31,
2,13,
3,22,
3,41,
3,25,
4,50,
4,33,
4,1,
5,67,
5,41,
5,31,
6,50,
6,31,
6,43,
7,49,
8,3,
8,31,
8,43,
8,33,
9,43,
9,31,
10,43,
10,31,
10,50,
11,1,
11,53,
11,50,
12,74,
12,3,
13,32,
13,38,
14,50,
15,41,
16,111,
16,33,
16,43,
17,43,
17,31,
18,43,
18,31,
19,44,
19,31,
19,47,
20,31,
21,43,
21,31,
22,33,
24,43,
24,31,
24,41,
25,43,
25,31,
26,65,
26,75,
26,43,
27,41,
27,33,
27,43,
28,96,
28,33,
29,31,
29,43,
30,41,
30,31,
30,61,
31,31,
31,41,
32,43,
32,31,
33,2,
34,43,
34,31,
35,31,
35,41,
35,40,
36,31,
36,43,
37,74,
38,29,
38,41,
38,31,
39,31,
39,43,
40,43,
40,31,
41,41,
41,33,
42,43,
42,2,
42,31,
42,35,
43,43,
43,31,
44,31,
45,111,
45,43,
45,31,
46,74,
46,43,
46,41,
46,31,
47,50,
48,32,
48,34,
48,31,
49,33,
49,75,
49,116,
50,50,
50,43,
50,31,
51,31,
52,43,
52,81,
52,31,
53,41,
53,75,
54,50,
54,43,
55,50,
55,43,
57,33,
57,31,
58,92,
58,41,
58,109,
59,43,
59,31,
60,50,
60,31,
60,43,
61,31,
62,31,
62,41,
65,81,
65,109,
65,10,
66,50,
67,43,
67,31,
69,50,
69,43,
69,31,
70,43,
70,41,
71,43,
72,50,
72,10,
73,43,
74,50,
75,41,
76,43,
76,49,
76,31,
77,41,
77,50,
77,31,
78,43,
78,49,
80,81,
80,109,
80,43,
81,41,
81,33,
81,109,
82,41,
82,43,
83,73,
83,41,
84,50,
85,43,
85,49,
86,50,
86,31,
87,10,
88,50,
88,40,
88,31,
89,43,
89,10,
89,31,
90,50,
91,29,
91,43,
91,10,
92,50,
92,31,
93,50,
93,41,
93,31,
94,43,
94,49,
94,31,
95,41,
95,31,
96,50,
96,43,
96,31,
97,73,
97,31,
98,32,
98,31,
99,50,
99,43,
99,31,
100,31,
101,105,
101,43,
101,10,
101,33,
102,50,
102,43,
103,74,
103,41,
103,33,
104,50,
104,43,
105,50,
105,31,
106,43,
106,31,
106,33,
107,43,
107,31,
108,43,
108,31,
108,2,
108,42,
108,3,
109,3,
109,33,
109,31,
110,31,
111,44,
112,44,
113,31,
113,41,
115,50,
115,3,
115,43,
115,31,
116,3,
116,41,
116,43,
116,31,
117,41,
118,41,
118,34,
118,43,
119,43,
119,41,
120,50,
120,5,
120,31,
121,43,
122,50,
122,43,
122,3,
124,43,
124,31,
124,41,
125,31,
125,43,
126,3,
128,22,
128,43,
129,41,
130,18,
130,19,
130,22,
130,33,
131,50,
131,43,
132,43,
132,38,
133,31,
133,34,
133,43,
135,50,
135,33,
135,41,
137,43,
138,34,
138,33,
138,32,
139,38,
139,41,
140,43,
140,31,
141,41,
143,34,
143,33,
144,41,
144,31,
145,38,
145,35,
145,41,
146,41,
147,33,
148,41,
148,43,
148,31,
148,50,
149,43,
150,41,
150,43,
150,19,
150,31,
151,27,
151,10,
152,50,
152,31,
152,43,
153,52,
154,32,
154,43,
154,31,
154,33,
155,41,
155,31,
156,32,
156,31,
156,43,
156,7,
156,10,
157,41,
157,33,
158,41,
158,33,
158,43,
159,41,
160,41,
160,22,
160,33,
161,35,
161,38,
161,33,
161,23,
161,31,
162,50,
162,43,
162,33,
163,43,
163,31,
164,31,
165,32,
165,64,
165,31,
166,50,
166,33,
167,41,
167,34,
167,68,
167,33,
167,24,
168,20,
168,19,
168,35,
168,113,
168,41,
169,50,
169,43,
170,81,
170,31,
172,50,
172,43,
173,31,
173,43,
174,50,
174,31,
174,43,
175,111,
176,32,
176,31,
176,43,
177,32,
177,92,
180,41,
180,33,
183,50,
183,31,
183,43,
184,32,
184,43,
184,31,
185,43,
185,31,
186,18,
187,80,
188,81,
188,43,
190,43,
190,31,
191,50,
194,43,
194,31,
195,32,
195,43,
195,49,
196,35,
197,32,
197,43,
199,33,
200,41,
202,43,
202,31,
203,61,
203,43,
205,80,
205,31,
205,43,
205,7,
206,81,
206,43,
210,30,
210,114,
211,40,
211,114,
212,41,
213,6,
214,40,
214,43,
215,50,
215,31,
216,31,
217,104,
217,33,
217,43,
220,43,
220,31,
221,31,
222,31,
222,43,
222,33,
222,28,
223,31,
223,33,
223,43,
224,65,
224,33,
225,40,
225,50,
225,10,
226,43,
226,31,
228,50,
228,19,
229,33,
230,50,
230,31,
231,50,
232,18,
232,25,
232,111,
233,51,
234,31,
235,28,
236,31,
236,50,
236,43,
237,67,
237,31,
238,43,
238,31,
242,50,
243,31,
244,43,
244,31,
245,43,
245,31,
246,43,
246,31,
248,30,
248,33,
248,10,
248,43,
249,41,
249,33,
249,43,
251,43,
251,41,
251,16,
252,43,
252,31,
252,34,
253,50,
253,35,
253,41,
254,50,
255,43,
255,8,
256,50,
256,16,
257,18,
258,50,
258,43,
258,35,
260,33,
260,35,
261,50,
261,40,
261,41,
261,43,
265,73,
265,43,
265,31,
266,81,
266,31,
267,41,
267,31,
268,41,
268,43,
269,41,
271,45,
271,41,
271,33,
272,41,
272,10,
272,43,
272,31,
273,50,
273,10,
273,33,
274,47,
274,43,
274,33,
274,50,
275,50,
276,43,
277,19,
278,41,
278,45,
278,43,
279,33,
281,50,
281,43,
282,50,
282,43,
282,33,
283,50,
283,41,
283,10,
284,31,
284,41,
285,111,
286,50,
286,43,
286,10,
286,19,
286,33,
287,114,
287,50,
287,31,
288,43,
288,41,
288,31,
288,33,
289,40,
289,43,
289,31,
290,43,
291,41,
292,57,
292,43,
292,33,
293,41,
293,43,
294,16,
294,2,
294,41,
295,50,
295,43,
296,43,
297,2,
300,50,
300,10,
301,104,
302,110,
302,50,
302,41,
303,10,
303,50,
303,43,
305,50,
307,29,
307,43,
307,31,
308,16,
308,42,
309,33,
310,50,
312,50,
313,29,
313,46,
313,16,
314,1,
314,41,
314,16,
314,31,
315,50,
315,10,
315,43,
315,111,
316,114,
316,43,
317,73,
317,35,
317,25,
317,31,
317,43,
318,73,
318,111,
318,31,
319,41,
319,43,
320,10,
320,40,
320,50,
320,43,
321,31,
322,43,
323,31,
325,33,
325,43,
325,31,
326,40,
326,41,
326,10,
327,50,
327,31,
328,43,
328,31,
329,43,
330,50,
332,50,
332,10,
332,41,
333,50,
333,43,
334,50,
334,40,
334,43,
335,50,
335,31,
335,60,
336,34,
336,10,
336,43,
336,31,
337,50,
337,43,
338,41,
339,43,
339,31,
340,43,
340,31,
341,61,
341,41,
341,43,
342,41,
342,43,
343,50,
343,43,
343,31,
344,81,
344,9,
344,31,
345,43,
345,10,
345,33,
346,41,
346,43,
346,79,
347,43,
347,16,
347,29,
347,31,
350,50,
350,35,
351,43,
351,31,
352,49,
352,31,
353,41,
354,20,
354,31,
354,43,
355,74,
355,41,
355,43,
355,10,
357,31,
357,45,
357,33,
358,50,
358,42,
358,115,
359,50,
359,9,
359,31,
360,40,
360,50,
360,39,
361,33,
362,1,
363,25,
363,33,
363,31,
363,7,
363,1,
364,114,
364,41,
364,38,
364,42,
365,104,
365,43,
365,33,
365,109,
366,19,
366,33,
366,41,
366,9,
367,50,
367,10,
367,43,
367,31,
368,104,
368,33,
369,43,
369,31,
370,29,
370,33,
370,9,
371,35,
371,33,
372,50,
372,31,
372,43,
373,30,
373,31,
374,79,
374,43,
374,31,
375,41,
376,33,
376,43,
377,33,
378,43,
379,23,
380,41,
380,108,
380,33,
380,23,
381,50,
381,31,
381,43,
381,9,
381,10,
382,50,
382,43,
382,31,
383,31,
383,43,
383,35,
384,50,
384,43,
384,41,
385,104,
385,9,
385,43,
386,31,
386,43,
387,40,
387,43,
388,31,
389,40,
389,33,
389,50,
389,2,
390,31,
390,29,
390,1,
390,104,
390,7,
391,43,
392,115,
393,33,
393,109,
393,35,
394,38,
394,19,
394,35,
394,41,
395,1,
396,40,
396,43,
397,115,
397,41,
398,35,
399,43,
399,7,
399,10,
399,40,
399,33,
400,43,
400,23,
403,31,
403,33,
405,50,
405,10,
405,43,
406,55,
407,74,
410,40,
411,80,
411,75,
411,45,
412,34,
412,50,
412,7,
412,31,
412,43,
413,114,
414,43,
414,35,
414,42,
415,33,
415,114,
416,40,
416,41,
416,43,
416,31,
417,31,
417,43,
417,45,
418,31,
418,43,
419,40,
419,41,
419,50,
419,31,
419,9,
420,7,
420,43,
420,31,
423,35,
423,50,
423,43,
424,31,
425,32,
425,10,
425,39,
425,43,
425,31,
426,50,
426,43,
426,9,
427,31,
427,43,
428,50,
428,43,
429,31,
429,43,
430,50,
430,43,
430,31,
431,43,
431,31,
431,33,
432,43,
432,31,
433,50,
433,43,
433,31,
434,39,
434,43,
434,19,
434,31,
435,67,
435,41,
435,43,
436,41,
436,43,
436,31,
437,40,
437,43,
443,8,
443,67,
444,8,
444,29,
445,32,
445,41,
445,43,
446,31,
446,43,
447,37,
447,8,
447,43,
447,33,
448,41,
449,33,
449,41,
450,50,
450,35,
450,41,
450,10,
451,49,
451,33,
451,40,
452,60,
452,41,
453,18,
454,39,
454,49,
454,41,
455,17,
455,41,
455,43,
455,35,
455,31,
456,5,
456,22,
457,19,
457,35,
457,43,
457,3,
458,41,
458,43,
458,33,
459,10,
459,41,
459,5,
459,35,
460,116,
461,50,
461,44,
461,43,
463,50,
463,33,
463,109,
463,31,
465,50,
465,41,
467,41,
467,34,
467,33,
469,50,
470,40,
470,35,
470,19,
470,41,
472,43,
473,29,
483,41,
483,40,
483,31,
483,35,
483,43,
486,31,
486,43,
487,31,
487,43,
487,10,
487,41,
488,50,
488,31,
488,43,
488,41,
489,5,
489,6,
489,41,
489,43,
490,50,
490,35,
490,49,
490,43,
492,29,
492,26,
492,7,
494,31,
494,75,
494,33,
495,50,
495,43,
495,41,
498,50,
500,43,
500,33,
501,50,
501,10,
503,6,
503,42,
504,111,
505,105,
505,42,
506,74,
507,26,
507,42,
507,10,
508,116,
509,104,
509,109,
510,41,
511,43,
512,111,
512,43,
512,31,
513,41,
513,50,
513,113,
514,43,
515,50,
515,31,
515,43,
516,41,
517,43,
517,50,
518,109,
518,50,
518,31,
519,33,
520,49,
521,8,
523,39,
523,79,
524,37,
526,104,
527,50,
527,43,
528,43,
531,60,
532,28,
533,104,
533,109,
533,43,
534,25,
534,43,
535,32,
535,43,
536,33,
536,43,
538,109,
538,43,
539,17,
539,43,
539,33,
540,43,
542,43,
542,31,
543,31,
543,10,
544,111,
544,43,
545,31,
546,32,
546,30,
546,43,
547,30,
547,33,
548,50,
548,31,
549,18,
549,31,
550,50,
551,50,
551,31,
552,33,
552,50,
553,43,
554,30,
554,50,
555,33,
556,50,
556,31,
557,43,
557,31,
558,43,
559,41,
559,105,
560,50,
561,43,
562,50,
562,43,
563,43,
564,40,
564,41,
565,50,
566,43,
568,18,
569,22,
571,41,
573,26,
574,43,
575,114,
576,40,
576,33,
577,41,
578,81,
578,43,
580,50,
580,74,
581,43,
583,43,
584,43,
585,32,
585,43,
586,32,
587,55,
587,43,
588,49,
588,74,
589,43,
589,50,
590,17,
591,33,
592,50,
592,31,
593,43,
594,43,
595,12,
595,30,
595,31,
596,43,
596,30,
597,43,
599,43,
600,43,
600,74,
601,74,
602,43,
602,12,
602,10,
603,41,
604,50,
605,50,
605,43,
606,43,
609,75,
610,43,
611,50,
611,116,
612,43,
612,114,
614,41,
614,43,
615,104,
615,46,
616,104,
617,83,
617,10,
618,115,
620,40,
621,43,
621,50,
622,67,
622,8,
622,43,
623,50,
623,40,
624,43,
624,39,
625,18,
625,115,
626,43,
626,10,
627,41,
627,43,
628,115,
628,43,
629,114,
629,43,
630,43,
631,33,
632,41,
633,104,
634,50,
634,43,
635,116,
637,115,
638,50,
639,74,
640,50,
641,35,
641,31,
642,41,
643,43,
643,31,
643,10,
645,50,
645,10,
645,43,
645,31,
646,43,
646,41,
646,64,
647,22,
647,43,
647,33,
648,43,
649,19,
649,18,
650,43,
650,31,
651,41,
651,10,
652,31,
652,41,
653,43,
654,50,
654,43,
655,43,
655,33,
656,50,
656,43,
657,31,
658,41,
659,50,
659,43,
661,43,
661,33,
662,33,
662,31,
663,31,
663,43,
664,33,
664,31,
665,73,
665,43,
665,31,
666,43,
666,31,
667,2,
667,33,
668,31,
668,43,
669,43,
669,33,
670,113,
670,43,
671,32,
671,10,
671,31,
671,35,
673,118,
673,41,
673,43,
674,81,
674,16,
674,43,
675,74,
675,43,
675,31,
676,50,
676,31,
676,35,
676,43,
676,10,
677,50,
677,41,
677,39,
677,43,
677,31,
678,41,
678,29,
678,16,
678,33,
678,31,
679,115,
679,41,
679,31,
679,43,
679,33,
680,43,
680,31,
681,50,
681,43,
681,41,
681,31,
682,39,
682,43,
682,31,
683,41,
683,40,
683,31,
683,43,
683,33,
684,40,
684,41,
684,115,
684,37,
684,43,
685,50,
685,31,
685,33,
685,43,
686,61,
686,67,
686,43,
686,41,
686,31,
687,31,
687,43,
689,50,
690,105,
690,18,
691,50,
691,41,
692,74,
693,45,
693,31,
694,50,
694,51,
694,114,
694,31,
695,40,
695,3,
695,31,
695,43,
696,41,
696,33,
697,104,
697,35,
697,43,
697,33,
698,50,
698,10,
698,33,
698,43,
698,31,
699,67,
699,41,
699,33,
699,43,
700,75,
700,41,
700,31,
700,43,
700,50,
701,12,
701,114,
701,43,
701,33,
702,35,
702,113,
702,33,
703,50,
703,10,
703,31,
704,40,
704,41,
704,12,
704,39,
704,31,
705,33,
705,59,
705,70,
705,45,
705,31,
706,50,
706,9,
706,31,
707,43,
707,41,
707,33,
707,25,
708,111,
709,38,
709,107,
709,43,
709,41,
709,33,
710,16,
710,26,
710,33,
710,31,
710,43,
711,41,
711,39,
712,38,
715,41,
715,10,
718,50,
718,10,
719,6,
720,50,
720,41,
720,113,
720,33,
721,50,
721,46,
722,29,
725,80,
725,42,
725,43,
725,31,
726,40,
726,41,
726,115,
726,31,
727,52,
727,108,
727,109,
727,43,
727,31,
728,79,
728,53,
728,43,
728,31,
729,31,
729,35,
729,46,
729,43,
729,33,
730,43,
731,50,
731,43,
732,41,
732,48,
733,43,
733,31,
734,74,
734,43,
734,31,
735,50,
735,31,
735,79,
736,50,
736,31,
737,40,
737,41,
738,31,
738,50,
739,114,
740,31,
740,4,
741,29,
742,41,
742,105,
743,2,
743,111,
744,50,
744,31,
745,52,
745,79,
746,44,
746,43,
746,74,
747,81,
751,43,
752,43,
752,35,
755,61,
755,31,
756,38,
757,31,
758,31,
763,50,
763,44,
763,3,
766,16,
768,16,
769,50,
769,2,
773,47,
773,41,
774,50,
774,43,
774,31,
774,45,
775,38,
775,31,
775,43,
777,50,
777,43,
777,31,
778,2,
778,31,
778,43,
779,83,
779,3,
779,34,
779,43,
779,31,
780,31,
780,43,
781,43,
781,31,
782,43,
782,31,
783,34,
783,3,
783,43,
783,31,
784,3,
784,43,
785,43,
786,43,
786,44,
787,43,
787,38,
788,50,
788,10,
788,31,
788,43,
789,16,
789,114,
789,33,
790,16,
790,43,
790,31,
791,50,
791,41,
791,43,
792,114,
792,43,
792,31,
792,41,
793,81,
793,43,
793,31,
794,45,
794,74,
795,39,
796,50,
796,10,
796,41,
797,74,
797,10,
801,44,
801,43,
801,41,
804,7,
805,41,
806,50,
807,50,
807,19,
808,41,
809,81,
810,118,
811,16,
812,41,
813,41,
813,16,
814,33,
815,41,
816,43,
816,41,
817,16,
817,43,
818,41,
819,50,
819,16,
819,43,
820,10,
820,43,
820,81,
821,43,
822,41,
822,43,
822,33,
823,41,
823,43,
824,50,
825,6,
825,33,
826,41,
827,43,
827,41,
828,31,
828,43,
829,50,
829,43,
830,41,
830,43,
831,41,
832,40,
832,43,
832,31,
833,43,
834,34,
834,43,
834,33,
835,43,
836,31,
837,19,
837,38,
837,43,
838,67,
838,46,
838,31,
839,43,
839,35,
839,31,
841,79,
841,45,
841,43,
843,10,
843,43,
843,81,
844,40,
845,50,
845,43,
846,50,
848,41,
850,33,
851,50,
851,10,
854,41,
855,47,
855,43,
856,50,
864,47,
864,41,
866,41,
866,43,
867,33,
868,43,
868,41,
869,33,
870,43,
870,8,
870,41,
871,16,
872,41,
872,43,
873,33,
874,114,
874,33,
875,32,
875,41,
875,31,
879,33,
879,43,
880,43,
881,43,
882,46,
883,42,
883,43,
884,50,
884,43,
885,43,
885,110,
887,31,
888,7,
888,31,
889,43,
889,31,
890,81,
890,31,
890,43,
890,10,
892,19,
893,41,
894,50,
894,2,
894,43,
895,8,
896,67,
896,41,
896,33,
897,29,
897,16,
897,43,
897,31,
897,41,
898,74,
898,43,
899,50,
900,34,
900,60,
900,41,
901,41,
901,43,
901,50,
902,32,
902,31,
902,43,
902,35,
903,50,
903,7,
903,31,
904,43,
905,50,
905,43,
906,43,
906,41,
906,32,
907,43,
908,50,
908,31,
909,73,
909,31,
909,43,
910,43,
911,16,
911,43,
911,31,
912,16,
912,43,
913,50,
913,104,
913,43,
913,31,
914,50,
914,43,
915,43,
915,61,
915,31,
916,81,
916,43,
916,31,
917,47,
917,41,
917,43,
918,41,
918,43,
919,32,
919,16,
919,43,
919,31,
920,43,
920,31,
921,50,
922,16,
922,47,
922,41,
923,50,
923,43,
924,33,
926,104,
927,60,
928,29,
928,10,
928,33,
931,31,
931,53,
932,41,
932,31,
933,50,
933,40,
934,50,
935,74,
935,44,
935,43,
936,31,
936,38,
937,81,
937,50,
938,33,
938,16,
939,114,
939,31,
940,35,
940,38,
941,35,
941,31,
942,35,
943,33,
943,40,
943,114,
944,33,
944,31,
944,37,
945,50,
946,40,
947,31,
948,114,
950,41,
950,8,
950,9,
952,64,
952,41,
952,33,
953,115,
953,35,
953,31,
953,50,
953,79,
954,114,
954,75,
955,43,
955,49,
956,61,
956,43,
956,41,
956,111,
956,10,
957,41,
957,43,
957,31,
958,43,
958,50,
958,33,
959,33,
959,31,
960,35,
960,43,
960,42,
960,114,
960,3,
961,39,
961,43,
961,49,
962,31,
963,43,
964,50,
965,74,
965,41,
965,43,
965,44,
966,31,
966,74,
967,79,
967,45,
968,113,
969,31,
970,74,
970,39,
970,31,
971,43,
971,50,
972,31,
974,29,
974,41,
975,43,
975,49,
976,81,
977,81,
977,43,
979,41,
979,43,
981,41,
981,50,
982,33,
990,41,
992,50,
992,39,
992,43,
996,50,
996,43,
997,50,
1015,43,
1015,9,
1018,31,
1018,43,
1018,50,
1020,41,
1021,81,
1022,41,
1023,50,
1023,31,
1023,43,
1024,43,
1024,31,
1025,31,
1025,43,
1025,33,
1026,43,
1026,50,
1028,9,
1030,31,
1030,43,
1032,43,
1033,41,
1033,50,
1033,43,
1034,81,
1034,43,
1035,43,
1035,31,
1036,81,
1036,43,
1036,10,
1037,41,
1037,42,
1037,43,
1038,42,
1038,41,
1038,43,
1038,31,
1039,41,
1039,49,
1040,50,
1040,33,
1040,43,
1041,50,
1041,43,
1042,41,
1043,43,
1043,31,
1044,43,
1044,41,
1044,35,
1045,6,
1045,7,
1045,8,
1045,43,
1045,31,
1046,43,
1047,41,
1047,43,
1047,31,
1048,43,
1048,31,
1049,43,
1049,10,
1051,31,
1051,43,
1051,57,
1052,40,
1053,43,
1055,111,
1056,50,
1056,41,
1056,33,
1057,40,
1057,43,
1058,49,
1058,39,
1058,75,
1058,61,
1058,10,
1059,43,
1060,67,
1060,41,
1061,50,
1061,41,
1061,38,
1062,50,
1062,114,
1063,20,
1063,41,
1064,43,
1065,41,
1066,50,
1066,41,
1067,41,
1067,10,
1068,41,
1068,109,
1068,9,
1070,50,
1072,43,
1072,31,
1072,41,
1076,43,
1076,31,
1077,31,
1077,43,
1077,41,
1078,81,
1078,109,
1079,29,
1079,50,
1080,41,
1080,114,
1081,41,
1082,31,
1082,43,
1085,43,
1085,50,
1085,37,
1086,41,
1087,50,
1087,39,
1087,43,
1088,43,
1088,31,
1089,43,
1090,43,
1090,31,
1092,43,
1093,114,
1094,43,
1095,10,
1096,73,
1096,74,
1097,43,
1101,43,
1101,50,
1102,31,
1102,43,
1103,50,
1103,31,
1105,44,
1106,50,
1106,43,
1107,43,
1107,39,
1108,40,
1111,43,
1111,41,
1112,114,
1112,43,
1114,116,
1114,50,
1115,6,
1116,48,
1117,33,
1117,50,
1118,41,
1120,41,
1120,52,
1121,31,
1121,43,
1122,37,
1123,50,
1125,25,
1126,114,
1126,31,
1126,43,
1127,74,
1128,29,
1128,34,
1129,50,
1129,43,
1129,31,
1130,50,
1131,50,
1131,43,
1131,31,
1131,41,
1133,29,
1133,25,
1134,41,
1134,33,
1135,10,
1135,31,
1137,31,
1137,43,
1138,22,
1138,41,
1139,43,
1139,31,
1140,43,
1140,50,
1141,43,
1142,43,
1142,116,
1143,43,
1144,41,
1144,31,
1144,43,
1145,31,
1146,41,
1146,31,
1147,41,
1147,50,
1147,9,
1147,10,
1148,31,
1149,31,
1150,35,
1150,41,
1150,31,
1151,50,
1151,31,
1151,43,
1151,8,
1152,43,
1153,31,
1153,9,
1154,38,
1154,43,
1154,41,
1155,18,
1155,33,
1156,43,
1157,9,
1157,3,
1158,43,
1159,40,
1159,42,
1162,8,
1162,42,
1167,8,
1169,43,
1171,50,
1174,73,
1174,111,
1176,41,
1177,41,
1177,21,
1178,50,
1179,43,
1180,33,
1180,41,
1181,37,
1181,40,
1182,70,
1184,38,
1185,21,
1188,43,
1189,50,
1189,43,
1190,34,
1191,31,
1191,43,
1191,111,
1192,38,
1192,48,
1192,43,
1194,50,
1194,43,
1195,64,
1195,43,
1195,41,
1196,43,
1196,31,
1196,50,
1196,41,
1197,50,
1198,50,
1199,50,
1199,38,
1199,41,
1200,43,
1201,79,
1202,33,
1203,43,
1204,38,
1204,43,
1205,26,
1205,35,
1206,12,
1207,50,
1210,29,
1212,31,
1213,51,
1213,50,
1214,109,
1215,29,
1215,28,
1215,10,
1218,43,
1219,35,
1222,41,
1222,43,
1223,116,
1223,50,
1223,43,
1224,74,
1224,41,
1225,41,
1227,50,
1227,43,
1231,3,
1231,25,
1232,50,
1233,12,
1233,21,
1234,2,
1236,65,
1236,41,
1236,31,
1237,114,
1237,42,
1246,41,
1247,75,
1248,10,
1248,34,
1250,42,
1251,63,
1253,114,
1255,50,
1257,105,
1257,41,
1258,50,
1258,10,
1260,7,
1260,9,
1260,42,
1261,7,
1262,39,
1262,43,
1262,40,
1263,31,
1263,43,
1263,28,
1266,41,
1266,43,
1266,116,
1267,10,
1267,50,
1269,50,
1270,43,
1271,33,
1271,29,
1272,50,
1272,104,
1272,9,
1276,60,
1276,43,
1277,50,
1277,43,
1277,39,
1278,43,
1278,73,
1280,50,
1281,41,
1283,3,
1287,44,
1288,81,
1292,44,
1292,33,
1294,50,
1294,10,
1294,3,
1295,10,
1295,50,
1297,39,
1298,10,
1298,43,
1298,31,
1299,50,
1299,43,
1300,37,
1303,43,
1306,32,
1306,111,
1306,8,
1307,111,
1307,43,
1308,22,
1308,31,
1308,43,
1309,114,
1310,43,
1312,43,
1313,31,
1313,10,
1313,22,
1315,43,
1315,50,
1316,43,
1317,44,
1319,43,
1319,39,
1319,116,
1320,42,
1320,31,
1321,104,
1321,42,
1321,31,
1322,42,
1323,50,
1323,42,
1324,42,
1325,31,
1325,42,
1326,30,
1326,10,
1327,115,
1328,44,
1328,42,
1332,63,
1333,118,
1333,116,
1336,60,
1336,111,
1337,114,
1338,55,
1339,50,
1340,38,
1343,33,
1343,50,
1344,50,
1345,60,
1345,50,
1345,118,
1345,116,
1346,50,
1347,114,
1348,50,
1349,41,
1351,50,
1351,33,
1352,118,
1353,50,
1353,10,
1354,113,
1355,50,
1355,10,
1355,42,
1356,50,
1356,43,
1357,50,
1357,43,
1357,114,
1358,50,
1360,116,
1362,50,
1364,74,
1364,43,
1364,50,
1365,6,
1365,114,
1365,48,
1367,39,
1369,40,
1383,37,
1384,111,
1384,40,
1386,50,
1386,41,
1387,33,
1387,50,
1389,43,
1390,43,
1392,50,
1392,43,
1392,114,
1407,43,
1407,10,
1407,42,
1423,5,
1423,35,
1430,42,
1430,43,
1434,5,
1435,32,
1437,104,
1441,50,
1441,51,
1443,7,
1444,33,
1444,43,
1445,67,
1445,8,
1446,50,
1446,10,
1448,7,
1449,50,
1449,33,
1450,50,
1450,41,
1451,7,
1452,41,
1453,43,
1453,10,
1454,35,
1455,33,
1456,31,
1457,50,
1457,51,
1457,10,
1458,31,
1458,50,
1458,10,
1459,43,
1460,38,
1461,50,
1461,51,
1461,31,
1462,81,
1462,31,
1462,9,
1463,40,
1464,40,
1464,43,
1464,31,
1465,50,
1465,31,
1466,31,
1467,35,
1467,1,
1468,31,
1468,43,
1468,33,
1469,32,
1469,30,
1469,31,
1469,10,
1470,41,
1470,12,
1470,31,
1472,35,
1472,51,
1473,50,
1473,38,
1473,51,
1474,67,
1475,81,
1476,43,
1477,38,
1477,111,
1478,67,
1478,33,
1480,49,
1481,81,
1482,3,
1483,50,
1484,8,
1485,7,
1486,50,
1487,50,
1488,50,
1490,61,
1492,50,
1493,50,
1494,105,
1496,32,
1496,34,
1497,41,
1498,80,
1499,33,
1500,49,
1500,33,
1501,50,
1501,31,
1502,73,
1503,41,
1504,41,
1505,41,
1506,49,
1507,50,
1507,31,
1508,29,
1508,111,
1509,40,
1510,40,
1510,41,
1512,50,
1513,1,
1514,37,
1515,50,
1515,43,
1515,10,
1516,73,
1516,43,
1516,31,
1516,41,
1517,79,
1517,43,
1518,43,
1518,31,
1518,75,
1519,50,
1520,41,
1520,40,
1520,46,
1521,32,
1521,43,
1521,46,
1521,31,
1522,6,
1522,7,
1522,8,
1522,43,
1523,118,
1523,65,
1527,43,
1527,31,
1528,43,
1529,32,
1530,43,
1531,43,
1531,31,
1532,43,
1532,31,
1533,43,
1533,59,
1534,111,
1535,41,
1535,79,
1536,104,
1536,41,
1536,109,
1537,41,
1537,114,
1537,39,
1538,81,
1539,43,
1539,31,
1540,31,
1541,35,
1541,41,
1542,31,
1542,43,
1542,8,
1543,105,
1545,50,
1545,43,
1546,50,
1549,50,
1552,50,
1553,50,
1554,41,
1559,50,
1562,67,
1562,50,
1563,50,
1564,35,
1564,10,
1564,33,
1565,41,
1566,33,
1567,50,
1568,29,
1568,41,
1568,1,
1569,64,
1570,81,
1570,10,
1571,80,
1571,43,
1572,73,
1573,50,
1573,41,
1573,43,
1574,41,
1575,19,
1576,33,
1576,1,
1577,50,
1577,31,
1578,50,
1579,111,
1580,50,
1581,40,
1581,41,
1582,81,
1582,35,
1583,50,
1584,81,
1586,37,
1587,40,
1590,41,
1591,73,
1592,50,
1593,111,
1594,50,
1594,35,
1594,33,
1595,18,
1596,50,
1596,33,
1597,33,
1597,31,
1599,37,
1599,49,
1600,41,
1601,35,
1601,50,
1602,43,
1603,41,
1604,38,
1604,19,
1605,50,
1606,40,
1607,50,
1607,51,
1607,49,
1608,38,
1608,49,
1609,31,
1609,43,
1610,50,
1610,43,
1611,41,
1611,111,
1612,1,
1613,40,
1613,43,
1614,41,
1615,38,
1615,19,
1616,50,
1616,31,
1616,37,
1617,31,
1619,41,
1619,20,
1619,33,
1620,35,
1620,33,
1622,31,
1622,33,
1622,41,
1623,35,
1623,20,
1624,50,
1624,51,
1625,50,
1626,66,
1627,50,
1629,8,
1632,81,
1634,41,
1635,43,
1636,41,
1638,34,
1638,33,
1640,43,
1645,34,
1646,5,
1656,31,
1656,43,
1656,41,
1660,44,
1660,18,
1661,49,
1662,41,
1663,43,
1663,79,
1664,43,
1664,50,
1665,43,
1666,1,
1666,59,
1667,31,
1667,43,
1668,118,
1668,43,
1669,7,
1669,31,
1669,43,
1670,43,
1672,109,
1672,43,
1673,37,
1673,49,
1674,41,
1674,33,
1675,16,
1675,118,
1675,41,
1675,49,
1676,50,
1676,43,
1677,41,
1677,43,
1678,52,
1678,31,
1678,43,
1678,38,
1679,50,
1679,116,
1680,40,
1680,43,
1681,61,
1681,41,
1681,43,
1682,43,
1682,49,
1683,50,
1683,33,
1686,50,
1686,43,
1686,31,
1686,41,
1687,29,
1687,10,
1688,43,
1688,31,
1689,50,
1689,43,
1689,31,
1691,33,
1692,7,
1692,8,
1693,39,
1694,43,
1694,31,
1696,50,
1697,6,
1699,35,
1701,31,
1702,50,
1706,52,
1709,114,
1710,50,
1711,114,
1711,33,
1712,49,
1713,50,
1714,41,
1715,81,
1716,19,
1717,50,
1718,37,
1718,41,
1719,50,
1720,38,
1720,35,
1721,50,
1721,51,
1722,32,
1722,10,
1722,31,
1722,33,
1723,12,
1723,33,
1724,50,
1725,50,
1726,33,
1727,33,
1727,31,
1728,50,
1728,41,
1728,33,
1729,31,
1729,104,
1730,6,
1730,14,
1731,33,
1732,50,
1733,40,
1734,38,
1735,5,
1735,34,
1736,74,
1737,79,
1738,50,
1738,33,
1739,81,
1740,50,
1740,33,
1741,50,
1741,32,
1741,33,
1742,66,
1743,41,
1743,18,
1743,33,
1744,50,
1745,41,
1747,31,
1748,50,
1748,33,
1752,24,
1757,31,
1758,41,
1758,31,
1759,50,
1759,31,
1760,11,
1760,31,
1760,33,
1761,50,
1762,31,
1763,50,
1763,114,
1763,31,
1764,67,
1765,31,
1766,31,
1767,50,
1767,31,
1768,31,
1769,5,
1769,31,
1770,79,
1771,41,
1772,49,
1773,50,
1774,31,
1775,42,
1775,60,
1775,12,
1776,31,
1776,33,
1777,50,
1777,33,
1778,43,
1778,31,
1779,24,
1779,35,
1779,33,
1780,35,
1780,19,
1781,50,
1781,31,
1781,38,
1782,53,
1782,66,
1783,37,
1783,31,
1784,114,
1786,33,
1786,19,
1789,35,
1789,43,
1790,105,
1792,29,
1792,43,
1793,68,
1793,16,
1793,41,
1793,31,
1794,50,
1794,43,
1794,31,
1795,41,
1797,41,
1797,43,
1798,43,
1800,9,
1800,43,
1801,111,
1801,113,
1801,12,
1802,50,
1802,43,
1802,41,
1803,43,
1804,50,
1804,39,
1804,41,
1804,33,
1805,41,
1805,43,
1805,44,
1805,116,
1805,33,
1806,50,
1806,35,
1806,43,
1806,31,
1806,33,
1807,35,
1807,19,
1807,25,
1807,33,
1808,43,
1808,33,
1808,104,
1808,41,
1809,41,
1809,31,
1810,75,
1810,41,
1810,31,
1810,35,
1810,18,
1811,50,
1811,39,
1811,35,
1811,10,
1812,43,
1813,43,
1813,10,
1813,42,
1814,40,
1815,31,
1815,48,
1815,33,
1815,41,
1815,43,
1816,50,
1816,31,
1817,50,
1817,41,
1817,31,
1818,111,
1818,63,
1818,41,
1818,43,
1819,50,
1819,41,
1819,46,
1820,40,
1820,43,
1820,31,
1821,40,
1821,41,
1821,43,
1822,41,
1822,35,
1823,50,
1823,31,
1823,43,
1824,29,
1824,43,
1824,1,
1825,50,
1825,41,
1825,43,
1825,31,
1826,38,
1826,43,
1826,31,
1827,43,
1828,41,
1829,111,
1830,109,
1830,104,
1831,109,
1832,40,
1833,50,
1835,55,
1835,10,
1835,43,
1836,109,
1836,43,
1842,43,
1842,40,
1843,50,
1843,10,
1843,43,
1843,31,
1844,41,
1844,115,
1844,74,
1844,70,
1845,50,
1846,43,
1847,40,
1847,43,
1847,31,
1848,50,
1848,74,
1848,41,
1849,41,
1849,43,
1849,38,
1850,33,
1850,16,
1850,43,
1851,50,
1851,8,
1851,43,
1852,29,
1853,63,
1854,81,
1854,41,
1854,109,
1855,50,
1855,40,
1855,10,
1857,35,
1857,33,
1857,31,
1857,43,
1857,47,
1858,50,
1858,43,
1859,29,
1859,5,
1860,9,
1860,31,
1860,75,
1860,41,
1862,40,
1863,50,
1863,43,
1864,41,
1864,31,
1864,33,
1865,50,
1865,49,
1865,33,
1866,81,
1866,46,
1866,42,
1866,33,
1866,31,
1867,43,
1867,41,
1868,79,
1868,43,
1868,31,
1872,50,
1872,43,
1874,7,
1876,10,
1876,50,
1877,41,
1877,44,
1878,50,
1881,50,
1881,43,
1882,43,
1883,43,
1884,41,
1885,43,
1886,31,
1886,9,
1886,41,
1886,75,
1887,104,
1887,10,
1888,43,
1888,31,
1889,43,
1890,28,
1890,43,
1891,50,
1891,10,
1891,31,
1891,43,
1892,40,
1892,43,
1893,50,
1894,43,
1894,10,
1895,8,
1896,41,
1897,38,
1897,35,
1898,41,
1899,50,
1900,31,
1901,41,
1901,37,
1902,114,
1902,28,
1903,33,
1903,49,
1904,81,
1904,41,
1905,75,
1906,41,
1906,31,
1907,31,
1908,43,
1908,45,
1908,41,
1909,50,
1909,31,
1909,43,
1909,41,
1909,45,
1910,67,
1910,10,
1910,43,
1910,31,
1910,42,
1911,31,
1912,43,
1913,16,
1913,31,
1913,43,
1914,41,
1915,104,
1915,31,
1917,41,
1918,81,
1918,10,
1918,35,
1919,6,
1919,7,
1919,8,
1920,81,
1920,31,
1920,109,
1920,43,
1920,41,
1921,12,
1921,43,
1921,24,
1925,75,
1925,43,
1925,31,
1929,43,
1929,33,
1937,43,
1937,31,
1938,41,
1940,50,
1941,43,
1941,75,
1943,43,
1943,31,
1945,35,
1945,19,
1946,7,
1946,43,
1947,7,
1947,43,
1947,33,
1948,41,
1948,49,
1949,43,
1949,31,
1950,41,
1951,68,
1951,41,
1952,41,
1952,43,
1953,41,
1953,75,
1953,45,
1954,44,
1954,41,
1954,43,
1955,10,
1955,40,
1955,41,
1957,41,
1957,39,
1958,43,
1958,39,
1958,41,
1959,35,
1959,43,
1960,30,
1961,38,
1961,43,
1962,43,
1963,43,
1963,7,
1964,39,
1964,43,
1964,33,
1965,50,
1965,31,
1965,10,
1965,35,
1965,43,
1966,49,
1966,31,
1968,16,
1969,79,
1970,73,
1970,33,
1970,43,
1971,43,
1971,31,
1972,38,
1972,43,
1972,31,
1972,33,
1972,41,
1973,31,
1973,42,
1973,43,
1974,23,
1974,43,
1974,33,
1975,50,
1975,43,
1975,41,
1975,39,
1975,31,
1976,50,
1976,10,
1976,31,
1977,50,
1977,33,
1977,43,
1978,38,
1978,114,
1978,33,
1978,43,
1979,61,
1979,60,
1979,41,
1979,43,
1979,18,
1980,43,
1980,31,
1981,42,
1981,8,
1981,43,
1981,31,
1982,35,
1982,31,
1983,43,
1983,41,
1984,43,
1984,41,
1984,33,
1985,79,
1985,23,
1985,43,
1986,31,
1986,41,
1986,43,
1987,26,
1987,34,
1987,8,
1987,43,
1987,31,
1988,107,
1988,113,
1988,41,
1988,35,
1988,33,
1989,50,
1989,35,
1989,39,
1989,31,
1990,5,
1990,8,
1990,31,
1990,43,
1991,50,
1991,31,
1991,33,
1991,43,
1992,40,
1992,31,
1993,50,
1993,43,
1993,31,
1994,113,
1994,33,
1995,81,
1995,109,
1995,46,
1996,10,
1996,32,
1996,31,
1997,43,
1998,42,
1998,33,
1998,31,
1999,43,
1999,79,
2000,41,
2000,31,
2001,113,
2002,31,
2002,41,
2002,42,
2002,10,
2002,33,
2003,7,
2003,33,
2003,31,
2004,50,
2005,41,
2005,35,
2005,43,
2005,113,
2007,47,
2007,33,
2007,43,
2009,35,
2009,10,
2009,43,
2009,31,
2010,43,
2010,31,
2011,50,
2011,31,
2011,41,
2011,43,
2011,59,
2012,79,
2012,41,
2012,43,
2012,39,
2013,79,
2013,41,
2013,43,
2013,39,
2014,41,
2014,40,
2014,50,
2015,50,
2018,37,
2018,41,
2018,31,
2018,43,
2019,60,
2019,41,
2019,31,
2020,40,
2020,41,
2020,31,
2020,50,
2021,40,
2021,31,
2022,79,
2022,45,
2022,31,
2023,80,
2023,41,
2023,31,
2024,35,
2024,41,
2024,31,
2025,50,
2025,41,
2025,43,
2025,31,
2025,39,
2026,41,
2026,43,
2027,46,
2027,31,
2027,43,
2028,43,
2028,31,
2028,50,
2029,50,
2029,31,
2029,43,
2030,39,
2030,43,
2030,31,
2030,75,
2031,47,
2031,43,
2032,50,
2032,43,
2033,43,
2033,114,
2034,43,
2034,33,
2035,50,
2035,41,
2036,16,
2036,33,
2038,73,
2038,43,
2039,115,
2039,33,
2039,111,
2041,39,
2041,31,
2042,62,
2043,40,
2044,7,
2044,42,
2045,75,
2046,41,
2047,33,
2047,23,
2047,40,
2047,114,
2048,43,
2048,49,
2048,33,
2048,79,
2049,81,
2049,113,
2049,33,
2050,43,
2050,107,
2050,33,
2052,79,
2052,41,
2052,43,
2052,42,
2052,33,
2053,50,
2053,10,
2053,43,
2054,43,
2054,31,
2054,33,
2055,8,
2055,42,
2055,31,
2056,50,
2057,50,
2057,33,
2058,35,
2058,41,
2059,35,
2059,33,
2060,50,
2060,33,
2061,31,
2061,43,
2062,64,
2062,31,
2063,74,
2063,43,
2063,33,
2064,7,
2065,6,
2065,3,
2066,43,
2066,45,
2067,50,
2068,7,
2068,8,
2068,43,
2068,31,
2069,43,
2069,39,
2070,41,
2070,108,
2071,9,
2071,55,
2071,43,
2071,33,
2072,35,
2072,19,
2073,29,
2074,43,
2074,35,
2074,31,
2074,41,
2075,40,
2075,41,
2076,43,
2076,33,
2077,41,
2079,41,
2079,75,
2079,40,
2079,43,
2079,31,
2080,40,
2080,43,
2080,41,
2080,31,
2081,50,
2081,113,
2081,40,
2081,43,
2081,31,
2082,41,
2082,39,
2083,40,
2083,41,
2083,43,
2083,31,
2084,41,
2084,31,
2085,50,
2085,31,
2085,43,
2085,49,
2086,40,
2086,37,
2086,41,
2088,43,
2088,33,
2090,41,
2090,43,
2090,31,
2091,31,
2092,43,
2093,74,
2093,41,
2093,31,
2094,41,
2094,43,
2094,31,
2095,114,
2095,31,
2096,114,
2098,8,
2099,114,
2099,40,
2100,33,
2104,31,
2104,38,
2105,41,
2105,33,
2105,53,
2106,63,
2106,9,
2107,50,
2107,31,
2108,31,
2109,67,
2110,50,
2110,1,
2110,29,
2111,7,
2113,114,
2113,42,
2114,50,
2116,62,
2117,74,
2117,41,
2118,114,
2118,111,
2119,25,
2119,33,
2123,1,
2123,7,
2123,9,
2125,7,
2126,114,
2126,31,
2126,33,
2127,114,
2128,41,
2129,11,
2129,81,
2130,114,
2132,114,
2133,7,
2134,49,
2135,50,
2136,50,
2136,31,
2137,10,
2138,67,
2138,114,
2138,21,
2139,33,
2140,41,
2140,49,
2141,41,
2141,111,
2142,41,
2142,33,
2142,38,
2143,41,
2144,6,
2145,41,
2145,33,
2146,79,
2147,33,
2148,41,
2149,74,
2149,43,
2150,1,
2151,41,
2151,31,
2152,50,
2153,6,
2153,7,
2153,9,
2154,12,
2154,33,
2155,114,
2155,31,
2156,81,
2156,43,
2156,31,
2157,50,
2158,43,
2159,114,
2160,114,
2160,50,
2160,33,
2160,10,
2161,63,
2162,31,
2162,8,
2163,40,
2163,33,
2163,34,
2164,33,
2165,41,
2166,49,
2167,114,
2167,19,
2168,104,
2169,40,
2170,33,
2171,7,
2172,50,
2172,10,
2172,51,
2173,60,
2173,41,
2174,33,
2175,41,
2175,33,
2176,74,
2177,40,
2179,50,
2180,50,
2180,114,
2181,41,
2183,50,
2184,2,
2184,9,
2185,73,
2186,50,
2186,33,
2187,16,
2188,43,
2189,32,
2190,81,
2191,50,
2191,10,
2191,33,
2194,21,
2197,7,
2198,61,
2198,31,
2199,43,
2199,40,
2200,73,
2201,61,
2201,44,
2202,45,
2203,41,
2204,32,
2204,31,
2205,31,
2206,31,
2206,50,
2207,110,
2208,35,
2209,41,
2210,50,
2211,60,
2212,50,
2212,41,
2213,33,
2213,116,
2214,50,
2214,43,
2215,81,
2216,50,
2216,31,
2217,31,
2218,41,
2219,9,
2219,35,
2220,111,
2221,30,
2221,8,
2222,29,
2222,33,
2222,31,
2223,114,
2224,1,
2224,8,
2224,7,
2225,31,
2226,7,
2227,31,
2227,33,
2228,33,
2228,31,
2229,31,
2230,41,
2231,5,
2232,41,
2232,31,
2233,43,
2234,35,
2234,30,
2235,41,
2235,117,
2235,118,
2235,79,
2235,33,
2236,31,
2236,43,
2236,74,
2238,114,
2238,39,
2240,16,
2241,41,
2241,31,
2241,43,
2242,41,
2242,40,
2242,68,
2242,43,
2242,31,
2243,41,
2243,111,
2243,118,
2243,33,
2243,19,
2244,35,
2244,1,
2244,43,
2244,31,
2245,50,
2245,33,
2245,43,
2246,43,
2246,31,
2247,31,
2247,43,
2247,33,
2248,35,
2248,43,
2248,31,
2249,41,
2249,68,
2250,43,
2251,113,
2251,41,
2252,107,
2252,111,
2253,41,
2253,16,
2253,40,
2253,43,
2253,46,
2254,33,
2254,43,
2255,50,
2255,43,
2256,35,
2256,31,
2257,41,
2257,43,
2257,33,
2258,43,
2258,41,
2258,33,
2258,74,
2259,35,
2259,41,
2259,19,
2259,33,
2260,50,
2260,43,
2260,24,
2260,33,
2261,7,
2261,31,
2261,43,
2262,50,
2262,43,
2262,33,
2263,35,
2263,41,
2263,10,
2264,79,
2264,43,
2265,107,
2265,10,
2265,100,
2265,114,
2265,33,
2266,41,
2266,115,
2266,43,
2266,42,
2267,51,
2267,37,
2268,50,
2268,31,
2268,43,
2269,41,
2269,40,
2269,39,
2270,50,
2270,33,
2270,10,
2270,41,
2271,42,
2271,7,
2271,43,
2271,33,
2272,31,
2273,107,
2273,96,
2273,41,
2274,41,
2275,50,
2275,9,
2275,31,
2276,37,
2276,43,
2276,31,
2277,41,
2277,114,
2277,39,
2280,38,
2280,31,
2280,43,
2281,50,
2281,43,
2282,50,
2282,104,
2283,104,
2283,114,
2283,43,
2283,31,
2284,31,
2285,43,
2285,31,
2285,3,
2286,50,
2286,6,
2286,43,
2286,31,
2287,43,
2287,33,
2287,31,
2288,43,
2288,31,
2288,8,
2289,32,
2289,10,
2289,31,
2290,41,
2290,33,
2291,61,
2291,10,
2291,43,
2291,31,
2291,41,
2292,31,
2292,50,
2292,16,
2293,50,
2293,31,
2294,19,
2294,31,
2294,50,
2295,19,
2296,43,
2297,50,
2297,31,
2297,41,
2298,50,
2298,31,
2299,37,
2299,41,
2300,41,
2300,33,
2300,111,
2302,114,
2303,105,
2303,43,
2304,35,
2305,50,
2305,79,
2305,31,
2306,67,
2306,118,
2307,40,
2308,41,
2308,111,
2308,31,
2309,81,
2309,90,
2309,31,
2310,81,
2310,109,
2311,19,
2311,33,
2312,50,
2312,10,
2313,50,
2313,43,
2314,40,
2315,31,
2315,40,
2316,31,
2317,31,
2318,31,
2318,43,
2319,32,
2319,43,
2319,31,
2319,42,
2319,44,
2320,50,
2320,31,
2320,43,
2320,35,
2320,10,
2321,50,
2322,50,
2322,118,
2322,35,
2322,31,
2322,43,
2323,41,
2323,42,
2323,43,
2323,31,
2323,10,
2324,50,
2324,31,
2324,35,
2325,41,
2325,33,
2326,33,
2327,40,
2327,39,
2327,43,
2327,42,
2328,31,
2328,43,
2329,41,
2329,39,
2329,42,
2330,50,
2330,41,
2330,31,
2330,43,
2331,50,
2333,50,
2333,33,
2334,79,
2334,31,
2334,43,
2335,31,
2335,43,
2335,38,
2336,41,
2336,10,
2336,43,
2336,31,
2337,32,
2337,35,
2337,7,
2337,43,
2337,42,
2338,43,
2339,7,
2339,9,
2340,50,
2340,41,
2340,43,
2341,30,
2341,50,
2341,31,
2341,42,
2342,50,
2342,27,
2342,10,
2342,75,
2342,31,
2343,50,
2343,43,
2343,116,
2344,32,
2344,27,
2344,41,
2344,43,
2344,31,
2345,81,
2345,96,
2345,46,
2345,43,
2345,118,
2346,43,
2347,81,
2347,90,
2347,43,
2347,46,
2347,118,
2348,31,
2348,43,
2348,116,
2349,73,
2349,41,
2349,31,
2350,35,
2350,39,
2351,31,
2351,9,
2351,43,
2352,33,
2353,50,
2353,43,
2356,33,
2356,41,
2358,114,
2358,43,
2358,31,
2359,50,
2359,43,
2359,41,
2360,50,
2360,43,
2360,49,
2360,114,
2361,31,
2361,43,
2361,41,
2362,27,
2362,42,
2362,10,
2362,43,
2362,41,
2363,50,
2363,41,
2364,50,
2364,31,
2364,43,
2365,31,
2365,43,
2365,9,
2365,10,
2366,50,
2366,41,
2367,50,
2367,41,
2367,43,
2367,33,
2368,39,
2368,33,
2368,35,
2368,41,
2369,33,
2369,114,
2369,31,
2370,33,
2370,38,
2370,41,
2371,50,
2371,31,
2372,31,
2372,19,
2373,41,
2373,31,
2373,40,
2374,43,
2374,31,
2375,31,
2376,50,
2377,50,
2378,33,
2380,50,
2380,33,
2381,31,
2383,43,
2383,50,
2383,31,
2390,41,
2390,31,
2391,50,
2391,9,
2391,31,
2392,41,
2392,31,
2393,33,
2393,50,
2393,41,
2393,43,
2395,41,
2395,37,
2395,33,
2396,41,
2396,31,
2397,47,
2397,43,
2397,49,
2397,31,
2398,50,
2399,35,
2399,43,
2399,31,
2400,31,
2401,50,
2401,31,
2401,10,
2402,33,
2402,50,
2402,31,
2403,50,
2403,51,
2404,50,
2406,30,
2406,29,
2406,7,
2407,50,
2407,31,
2407,33,
2408,31,
2409,31,
2410,43,
2410,50,
2410,31,
2410,38,
2411,50,
2411,43,
2411,31,
2411,114,
2412,50,
2412,33,
2412,116,
2413,50,
2413,33,
2414,31,
2415,29,
2415,33,
2416,50,
2416,31,
2417,50,
2417,43,
2418,31,
2418,43,
2418,33,
2419,81,
2419,99,
2420,50,
2420,43,
2420,31,
2421,50,
2421,31,
2421,33,
2421,41,
2421,116,
2423,39,
2423,41,
2423,43,
2423,31,
2423,45,
2424,81,
2424,90,
2425,50,
2425,43,
2426,41,
2426,31,
2426,38,
2427,50,
2427,31,
2427,38,
2428,111,
2429,41,
2429,10,
