[
	{
		"city": "",
		"country": "CO",
		"district_type": "NATIONAL_EXEC",
		"id": 1,
		"name": {
			"en_US": "Presidencia de Colombia",
			"es_CO": "Presidencia de Colombia"
		},
		"ocd_id": "ocd-division/country:co",
		"parent_area_id": "",
		"state": ""
	},
	{
		"city": "",
		"country": "CO",
		"district_type": "NATIONAL_UPPER",
		"id": 2,
		"name": {
			"en_US": "Senador de la República de Colombia",
			"es_CO": "Senador de la República de Colombia"
		},
		"ocd_id": "ocd-division/country:co/federal_election:b",
		"parent_area_id": "",
		"state": ""
	},
	{
		"city": "",
		"country": "CO",
		"district_type": "NATIONAL_UPPER",
		"id": 4,
		"name": {
			"en_US": "Senador de la República Curules de Paz",
			"es_CO": "Senador de la República Curules de Paz"
		},
		"ocd_id": "ocd-division/country:co/federal_election:c",
		"parent_area_id": "",
		"state": ""
	},
	{
		"city": "",
		"country": "CO",
		"district_type": "NATIONAL_UPPER",
		"id": 5,
		"name": {
			"en_US": "Senador de la República Comunidades Indígenas",
			"es_CO": "Senador de la República Comunidades Indígenas"
		},
		"ocd_id": "ocd-division/country:co/special:indigenous",
		"parent_area_id": "",
		"state": ""
	},
	{
		"city": "Abejorral , Abriaquí, Alejandria, Amagá, Amalfi, Andes, Angelópolis, Angostura, Anorí, Anzá, Apartadó, Arboletes, Argelia, Armenia, Barbosa, Bello, Belmira, Betania, Betulia, Bolívar, Briceño, Burítica, Cáceres, Caicedo, Caldas, Campamento, Cañasgordas, Caracolí, Caramanta, Carepa, Carmen de Viboral, Carolina, Caucasia, Chigorodó, Cisneros, Cocorná, Concepción, Concordia, Copacabana, Dabeiba, Don Matías, Ebéjico, El Bagre, Entrerríos, Envigado, Fredonia, Frontino, Giraldo, Girardota, Gómez Plata, Granada, Guadalupe, Guarne, Guatapé, Heliconia, Hispania, Itagüí, Ituango, Jardín, Jericó, La Ceja, La Estrella, La Pintada, La Unión, Liborina, Maceo, Marinilla, Medellín, Montebello, Murindó, Mutatá, Nariño, Nechí, Necoclí, Olaya, Peñol, Peque, Pueblorrico, Puerto Berrío, Puerto Nare, Puerto Triunfo, Remedios, Retiro, Rionegro, Sabanalarga, Sabaneta, Salgar, San Andrés de Cuerquía, San Carlos, San Francisco, San Jerónimo, San José de Montaña, San Juan de Urabá, San Luís, San Pedro los Milagros, San Pedro de Urabá, San Rafael, San Roque, San Vicente Ferrer, Santa Bárbara, Santa Fé de Antioquia, Santa Rosa de Osos, Santo Domingo, Santuario, Segovia, Sonsón, Sopetrán, Támesis, Tarazá, Tarso, Titiribí, Toledo, Turbo, Uramita, Urrao, Valdivia, Valparaiso, Vegachí, Venecia, Vigía del Fuerte, Yalí, Yarumal, Yolombó, Yondó,  Zaragoza",
		"country": "CO",
		"district_type": "NATIONAL_LOWER",
		"id": 6,
		"name": {
			"en_US": "Representante a la Cámara por el departamento de Antioquia",
			"es_CO": "Representante a la Cámara por el departamento de Antioquia"
		},
		"ocd_id": "ocd-division/country:co/department:an",
		"parent_area_id": "",
		"state": "AN"
	},
	{
		"city": "",
		"country": "CO",
		"district_type": "NATIONAL_LOWER",
		"id": 9,
		"name": {
			"en_US": "Representante a la Cámara Colombianos en el Exterior",
			"es_CO": "Representante a la Cámara Colombianos en el Exterior"
		},
		"ocd_id": "ocd-division/country:co/special:diaspora",
		"parent_area_id": "",
		"state": ""
	},
	{
		"city": "",
		"country": "CO",
		"district_type": "NATIONAL_LOWER",
		"id": 11,
		"name": {
			"en_US": "Representante a la Cámara Comunidades Afrodescendientes",
			"es_CO": "Representante a la Cámara Comunidades Afrodescendientes"
		},
		"ocd_id": "ocd-division/country:co/special:afro-colombian",
		"parent_area_id": "",
		"state": ""
	},
	{
		"city": "",
		"country": "CO",
		"district_type": "NATIONAL_LOWER",
		"id": 12,
		"name": {
			"en_US": "Representante a la Cámara Comunidades Indígenas",
			"es_CO": "Representante a la Cámara Comunidades Indígenas"
		},
		"ocd_id": "ocd-division/country:co/special:indigenous",
		"parent_area_id": "",
		"state": ""
	},
	{
		"city": "La Chorrera,\tLa Pedrera, Leticia, Puerto Nariño, Puerto Santander, Tarapacá",
		"country": "CO",
		"district_type": "NATIONAL_LOWER",
		"id": 13,
		"name": {
			"en_US": "Representante a la Cámara por el departamento de Amazonas",
			"es_CO": "Representante a la Cámara por el departamento de Amazonas"
		},
		"ocd_id": "ocd-division/country:co/department:am",
		"parent_area_id": "",
		"state": "AM"
	},
	{
		"city": "Arauca, Arauquita, Cravo Norte, Fortúl, Puerto Rondón, Saravena, Tame",
		"country": "CO",
		"district_type": "NATIONAL_LOWER",
		"id": 14,
		"name": {
			"en_US": "Representante a la Cámara por el departamento de Arauca",
			"es_CO": "Representante a la Cámara por el departamento de Arauca"
		},
		"ocd_id": "ocd-division/country:co/department:ar",
		"parent_area_id": "",
		"state": "AR"
	},
	{
		"city": "Baranoa, Barranquilla, Campo de la Cruz, Candelaria, Galapa, Juan de Acosta, Luruaco, Malambo, Manatí, Palmar de Varela, Piojo, Polonuevo, Ponedera, Puerto Colombia, Repelón, Sabanagrande, Sabanalarga, Santa Lucía, Santo Tomás, Soledad, Suan, Tubará, Usiacuri",
		"country": "CO",
		"district_type": "NATIONAL_LOWER",
		"id": 15,
		"name": {
			"en_US": "Representante a la Cámara por el departamento de Atlántico",
			"es_CO": "Representante a la Cámara por el departamento de Atlántico"
		},
		"ocd_id": "ocd-division/country:co/department:at",
		"parent_area_id": "",
		"state": "AT"
	},
	{
		"city": "Achí, Altos del Rosario, Arenal, Arjona, Arroyohondo, Barranco de Loba, Calamar, Cantagallo, Cartagena de Indias, Cicuco, Clemencia, Córdoba, El Carmen de Bolívar, El Guamo, El Peñon, Hatillo de Loba, Magangué, Mahates, Margarita, María la Baja, Mompós, Montecristo, Morales, Norosí, Pinillos, Regidor, Río Viejo, San Cristobal, San Estanislao, San Fernando, San Jacinto, San Jacinto del Cauca, San Juan de Nepomuceno, San Martín de Loba, San Pablo, Santa Catalina, Santa Rosa, Santa Rosa del Sur, Simití, Soplaviento, Talaigua Nuevo, Tiquisio,  Turbaco, Turbaná, Villanueva, Zambrano",
		"country": "CO",
		"district_type": "NATIONAL_LOWER",
		"id": 16,
		"name": {
			"en_US": "Representante a la Cámara por el departamento de Bolívar",
			"es_CO": "Representante a la Cámara por el departamento de Bolívar"
		},
		"ocd_id": "ocd-division/country:co/department:bl",
		"parent_area_id": "",
		"state": "BL"
	},
	{
		"city": "Almeida, Aquitania, Arcabuco, Belén, Berbeo, Boavita, Boyacá, Briceño, Buenavista, Busbanzá, Caldas, Cerinza, Chinavita, Chiquinquirá, Chíquiza, Chiscas, Chita, Chitaraque, Chivatá, Chivor, Ciénaga, Cómbita, Coper, Corrales, Covarachía, Cubará, Cucaita, Cuitiva, Duitama, El Cocuy, El Espino, Firavitoba, Floresta, Gachantivá, Gámeza, Garagoa, Guacamayas, Guateque, Guayatá, Guican, Izá, Jenesano, Jericó, La Capilla, La Uvita, La Victoria, Labranzagrande, Macanal, Maripí, Miraflores, Mongua, Monguí, Moniquirá, Motavita, Muzo, Nobsa, Nuevo Colón, Oicatá, Otanche, Pachavita, Paipa, Pajarito, Panqueba, Pauna, Paya, Paz de Río, Pesca, Pisba, Puerto Boyacá, Quipama, Ramiriquí, Ráquira, Saboyá, Sáchica, Samacá, San Eduardo, San José de Pare, San Luís de Gaceno, San Mateo, San Miguel de Sema, San Pablo de Borbur, Santa María, Santa Rosa de Viterbo, Santa Sofía, Santana, Sativanorte, Sativasur, Siachoque, Soatá, Socha, Socotá, Sogamoso, Somondoco, Sorá, Soracá, Sotaquirá, Susacón, Sutamarchán, Sutatenza, Tasco, Tenza, Tibaná, Tibasosa, Tinjacá, Tipacoque, Toca, Toguí, Topagá, Tota, Tunja, Tunungua, Turmequé, Tuta, Tutazá, Úmbita, Ventaquemada, Villa de Leyva, Viracachá, Zetaquirá",
		"country": "CO",
		"district_type": "NATIONAL_LOWER",
		"id": 17,
		"name": {
			"en_US": "Representante a la Cámara por el departamento de Boyacá",
			"es_CO": "Representante a la Cámara por el departamento de Boyacá"
		},
		"ocd_id": "ocd-division/country:co/department:by",
		"parent_area_id": "",
		"state": "BY"
	},
	{
		"city": "Aguadas, Anserma, Aranzazu, Belalcázar, Chinchiná, Filadelfia, La Dorada, La Merced, Manizales, Manzanares, Marmato, Marquetalia, Marulanda, Neira, Norcasia, Pácora, Palestina, Pensilvania, Ríosucio, Risaralda, Salamina, Samaná, San José, Supía, Victoria, Villamaría, Viterbo",
		"country": "CO",
		"district_type": "NATIONAL_LOWER",
		"id": 18,
		"name": {
			"en_US": "Representante a la Cámara por el departamento de Caldas",
			"es_CO": "Representante a la Cámara por el departamento de Caldas"
		},
		"ocd_id": "ocd-division/country:co/department:cl",
		"parent_area_id": "",
		"state": "CL"
	},
	{
		"city": "Albania, Belén de los Andaquíes, Cartagena del Chairá, Curillo, El Doncello, El Paujil, Florencia, La Montañita, Milán, Morelia, Puerto Rico, San José del Fragua, San Vicente del Caguán, Solano, Solita, Valparaiso",
		"country": "CO",
		"district_type": "NATIONAL_LOWER",
		"id": 19,
		"name": {
			"en_US": "Representante a la Cámara por el departamento de Caquetá",
			"es_CO": "Representante a la Cámara por el departamento de Caquetá"
		},
		"ocd_id": "ocd-division/country:co/department:cq",
		"parent_area_id": "",
		"state": "CQ"
	},
	{
		"city": "Aguazul, Chámeza, Hato Corozal, La Salina, Maní, Monterrey, Nunchía, Orocué, Paz de Ariporo, Pore, Recetor, Sabanalarga, Sácama, San Luís de Palenque, Támara, Tauramena, Trinidad, Villanueva, Yopal",
		"country": "CO",
		"district_type": "NATIONAL_LOWER",
		"id": 20,
		"name": {
			"en_US": "Representante a la Cámara por el departamento de Casanare",
			"es_CO": "Representante a la Cámara por el departamento de Casanare"
		},
		"ocd_id": "ocd-division/country:co/department:cs",
		"parent_area_id": "",
		"state": "CS"
	},
	{
		"city": "Almaguer, Argelia, Balboa, Bolívar, Buenos Aires, Cajibío, Caldono, Caloto, Corinto, El Tambo, Florencia, Guachené, Guapí, Inzá, Jambaló, La Sierra, La Vega, López, Mercaderes, Miranda, Morales, Padilla, Páez,  Patía, Piamonte, Piendamó, Popayán, Puerto Tejada, Puracé,  Rosas, San Sebastián, Santa Rosa, Santander de Quilichao, Silvia, Sotara,  Suárez, Sucre, Timbío, Timbiquí, Toribío, Totoró, Villarrica, , , , , , , , , , , , , , , , , , , , , , , , , , , , , , , , , , , , , , , , , , , , , , , , , , , , , , , , , , , , , , , , , , , , , , , , , , , , , , , , , , , , , , , , , , , , , , , , , , , , , , , , , , , , , , , , , , , , , , , , , , , , , , , , , , , , , , , , , , , , , , , , , , , , , , , , , , , , , , , , , , , , , , , , , , , , , , , , , , , , , , , , , , , , , , , , , , , , , , , , , , , , , , , , , , , , , , , , , , , , , , , , , , , , , , , , , , , , , , , , , , , , , , , , , , , , , , , , , , , , , , , , , , , , , , , , , , , , , , , , , , , , , , , , , , , , , , , , , , , , , , , , , , , , , , , , , , , , , , , , , , , , , , , , , , , , , , , , , , , , , , , , , , , , , , , , , , , , , , , , , , , , , , , , , , , , , , , , , , , , , , , , , , , , , , , , , , , , , , , , , , , , , , , , , , , , , , , , , , , , , , , , , , , , , , , , , , , , , , , , , , , , , , , , , , , , , , , , , , , , , , , , , , , , , , , , , , , , , , , , , , , , , , , , , , , , , , , , , , , , , , , , , , , , , , , , , , , , , , , , , , , , , , , , , , , , , , , , , , , , , , , , , , , , , , , , , , , , , , , , , , , , , , , , , , , , , , , , , , , , , , , , , , , , , , , , , , , , , , , , , , , , , , , , , , , , , , , , , , , , , , , , , , , , , , , , , , , , , , , , , , , , , , , , , , , , , , , , , , , , , , , , , , , , , , , , , , , , , , , , , , , , , , , , , , , , , , , , , , , , , , , , , , , , , , , , , , , , , , , , , , , , , , , , , , , , , , , , , , , , , , , , , , , , , , , , , , , , , , , , , , , , , , , , , , , , , , , , , , , , , , , , , , , , , , , , , , , , , , , , , , , , , , , , , , , , , , , , , , , , , , , , , , , , , , , , , , , , , , , , , , , , , , , , , , , , , , , , , , , , , , , , , , , , , , , , , , , , , , , , , , , , , , , , , , , , , , , , , , , , , , , , , , , , , , , , , , , , , , , , , , , , , , , , , , , , , , , , , , , , , , , , , , , , , , , , , , , , , , ",
		"country": "CO",
		"district_type": "NATIONAL_LOWER",
		"id": 21,
		"name": {
			"en_US": "Representante a la Cámara por el departamento de Cauca",
			"es_CO": "Representante a la Cámara por el departamento de Cauca"
		},
		"ocd_id": "ocd-division/country:co/department:ca",
		"parent_area_id": "",
		"state": "CA"
	},
	{
		"city": "Aguachica, Agustín Codazzi, Astrea, Becerríl, Bosconia, Chimichagua, Chiriguaná, Curumaní, El Copey, El Paso, Gamarra, Gonzalez, La Gloria, La Jagua de Ibirico, La Paz, Manaure Balcón del Cesar, Pailitas, Pelaya, Pueblo Bello, Río de oro, Robles (La Paz), San Alberto, San Diego, San Martín, Tamalameque, Valledupar",
		"country": "CO",
		"district_type": "NATIONAL_LOWER",
		"id": 22,
		"name": {
			"en_US": "Representante a la Cámara por el departamento de Cesar",
			"es_CO": "Representante a la Cámara por el departamento de Cesar"
		},
		"ocd_id": "ocd-division/country:co/department:ce",
		"parent_area_id": "",
		"state": "CE"
	},
	{
		"city": "Acandí,  Alto Baudó,   Atrato,  Bagadó,  Bahía Solano,   Bajo Baudó,   Bojayá,   Carmen del Darién,   Cértegui,  Condoto,  El Carmen de Atrato,  Istmina,  Juradó,  Litoral del Bajo San Juan,  Lloró,  Medio Baudó,  Medio San Juan,   Novita,  Nuquí,  Quibdó,  Río Iró,  Rioquito,  Ríosucio,  Tadó,  Unguía,  Unión Panamericana ",
		"country": "CO",
		"district_type": "NATIONAL_LOWER",
		"id": 23,
		"name": {
			"en_US": "Representante a la Cámara por el departamento de Chocó",
			"es_CO": "Representante a la Cámara por el departamento de Chocó"
		},
		"ocd_id": "ocd-division/country:co/department:ch",
		"parent_area_id": "",
		"state": "CH"
	},
	{
		"city": "Ayapel, Buenavista, Canalete, Cereté, Chimá, Chinú, Ciénaga de Oro, Cotorra, La Apartada y La Frontera, Lorica, Los Córdobas, Momil, Montelíbano, Monteria, Moñitos, Planeta Rica, Pueblo Nuevo, Puerto Escondido, Puerto Libertador, Purísima, Sahagún, San Andrés Sotavento, San Antero, San Bernardo del Viento, San Carlos, San José de Uré, San Pelayo, Tierralta, Tuchín, Valencia",
		"country": "CO",
		"district_type": "NATIONAL_LOWER",
		"id": 24,
		"name": {
			"en_US": "Representante a la Cámara por el departamento de Córdoba",
			"es_CO": "Representante a la Cámara por el departamento de Córdoba"
		},
		"ocd_id": "ocd-division/country:co/department:co",
		"parent_area_id": "",
		"state": "CO"
	},
	{
		"city": "Agua de Dios, Albán, Anapoima, Anolaima, Arbeláez, Beltrán, Bituima, Bogotá D.C., Bojacá, Cabrera, Cachipay, Cajicá, Caparrapí, Cáqueza, Carmen de Carupa, Chaguaní, Chía, Chipaque, Choachí, Chocontá, Cogua, Cota, Cucunubá, El Colegio, El Peñon, El Rosal, Facatativá, Fómeque, Fosca, Funza, Fúquene, Fusagasugá, Gachalá, Gachancipá, Gachetá, Gama, Girardot, Granada, Guachetá, Guaduas, Guasca, Guataquí, Guatavita, Guayabetal de Síquima, Guayabetal, Gutierrez, Jerusalén, Junín, La Calera, La Mesa, La Palma, La Peña, La Vega, Lenguazaque, Machetá, Madrid, Manta, Medina, Mosquera, Nariño, Nemocón, Nilo, Nimaima, Nocaima, Ospina Perez, Pacho, Paime, Pandi, Paratebueno, Pasca, Puerto Salgar, Pulí, Quebradanegra, Quetame, Quipile, Rafael Reyes (Apulo), Ricaurte, San Antonio de Tequendama, San Bernardo, San Cayetano, San Francisco, San Juan de Ríoseco, Sasaima, Sesquilé, Sibaté, Silvania, Simijaca, Soacha, Sopó, Subachoque, Suesca, Supatá, Susa, Sutatausa, Tabio, Tausa, Tena, Tenjo, Tibacuy, Tibirita, Tocaima, Tocancipá, Topaipi, Ubalá, Ubaque, Ubate, Une, Útica, Vergara, Viani, Villapinzón, Villeta, Viotá, Yacopí, Zipacón, Zipaquirá",
		"country": "CO",
		"district_type": "NATIONAL_LOWER",
		"id": 25,
		"name": {
			"en_US": "Representante a la Cámara por el departamento de Cundinamarca",
			"es_CO": "Representante a la Cámara por el departamento de Cundinamarca"
		},
		"ocd_id": "ocd-division/country:co/department:cu",
		"parent_area_id": "",
		"state": "CU"
	},
	{
		"city": "Barranco Minas, Mapiripana, Pana Pana, Puerto Colombia, San Felipe",
		"country": "CO",
		"district_type": "NATIONAL_LOWER",
		"id": 26,
		"name": {
			"en_US": "Representante a la Cámara por el departamento de Guainía",
			"es_CO": "Representante a la Cámara por el departamento de Guainía"
		},
		"ocd_id": "ocd-division/country:co/department:gn",
		"parent_area_id": "",
		"state": "GN"
	},
	{
		"city": "Calamar, El Retorno, Miraflores, San José del Guaviare",
		"country": "CO",
		"district_type": "NATIONAL_LOWER",
		"id": 27,
		"name": {
			"en_US": "Representante a la Cámara por el departamento de Guaviare",
			"es_CO": "Representante a la Cámara por el departamento de Guaviare"
		},
		"ocd_id": "ocd-division/country:co/department:gv",
		"parent_area_id": "",
		"state": "GV"
	},
	{
		"city": "Acevedo, Agrado, Aipe, Algeciras, Altamira, Baraya, Campoalegre, Colombia, Elías, Garzón, Gigante, Guadalupe, Hobo, Íquira, Isnos, La Argentina, La Plata, Nátaga, Neiva, Oporapa, Paicol, Palermo, Palestina, Pital, Pitalito, Rivera, Saladoblanco, San Agustín, Santa María, Suaza, Tarqui, Tello, Teruel, Tesalia, Timaná, Villavieja, Yaguará, , , , , , , , , , , , , , , , , , , , , , , , , , , , , , , , , , , , , , , , , , , , , , , , , , , , , , , , , , , , , , , , , , , , , , , , , , , , , , , , , , , , , , , , , , , , , , , , , , , , , , , , , , , , , , , , , , , , , , , , , , , , , , , , , , , , , , , , , , , , , , , , , , , , , , , , , , , , , , , , , , , , , , , , , , , , , , , , , , , , , , , , , , , , , , , , , , , , , , , , , , , , , , , , , , , , , , , , , , , , , , , , , , , , , , , , , , , , , , , , , , , , , , , , , , , , , , , , , , , , , , , , , , , , , , , , , , , , , , , , , , , , , , , , , , , , , , , , , , , , , , , , , , , , , , , , , , , , , , , , , , , , , , , , , , , , , , , , , , , , , , , , , , , , , , , , , , , , , , , , , , , , , , , , , , , , , , , , , , , , , , , , , , , , , , , , , , , , , , , , , , , , , , , , , , , , , , , , , , , , , , , , , , , , , , , , , , , , , , , , , , , , , , , , , , , , , , , , , , , , , , , , , , , , , , , , , , , , , , , , , , , , , , , , , , , , , , , , , , , , , , , , , , , , , , , , , , , , , , , , , , , , , , , , , , , , , , , , , , , , , , , , , , , , , , , , , , , , , , , , , , , , , , , , , , , , , , , , , , , , , , , , , , , , , , , , , , , , , , , , , , , , , , , , , , , , , , , , , , , , , , , , , , , , , , , , , , , , , , , , , , , , , , , , , , , , , , , , , , , , , , , , , , , , , , , , , , , , , , , , , , , , , , , , , , , , , , , , , , , , , , , , , , , , , , , , , , , , , , , , , , , , , , , , , , , , , , , , , , , , , , , , , , , , , , , , , , , , , , , , , , , , , , , , , , , , , , , , , , , , , , , , , , , , , , , , , , , , , , , , , , , , , , , , , , , , , , , , , , , , , , , , , , , , , , , , , , , , , , , , , , , , , , , , , , , , , , , , , , , , , , , , , , , , , , , , , , , , , , , , , , , , , , , , , , , , , , , , , , , , , , , , , , , , , , , , , , , , , , , , , , , , , , , , , , , , , , , , , , , , , , , , , , , , , , , , , , , , , , , , , , , ",
		"country": "CO",
		"district_type": "NATIONAL_LOWER",
		"id": 28,
		"name": {
			"en_US": "Representante a la Cámara por el departamento de Huila",
			"es_CO": "Representante a la Cámara por el departamento de Huila"
		},
		"ocd_id": "ocd-division/country:co/department:hu",
		"parent_area_id": "",
		"state": "HU"
	},
	{
		"city": "Albania, Barrancas, Dibulla, Distracción, El Molino, Fonseca, Hatonuevo, La Jagua del Pilar, Maicao, Manaure, Riohacha, San Juan del Cesar, Uribia, Urumita",
		"country": "CO",
		"district_type": "NATIONAL_LOWER",
		"id": 29,
		"name": {
			"en_US": "Representante a la Cámara por el departamento de La Guajira",
			"es_CO": "Representante a la Cámara por el departamento de La Guajira"
		},
		"ocd_id": "ocd-division/country:co/department:lg",
		"parent_area_id": "",
		"state": "LG"
	},
	{
		"city": "Algarrobo,  Aracataca,  Ariguaní,   Cerro San Antonio,  Chivolo,  Ciénaga,  Concordia,  El Banco,  El Piñon,  El Retén,  Fundación,  Guamal,  Nueva Granada,  Pedraza,  Pijiño,  Pivijay,  Plato,  Puebloviejo,  Remolino,  Sabanas de San Angel,   Salamina,  San Sebastián de Buena Vista,  San Zenón,  Santa Ana,  Santa Bárbara de Pinto,  Santa Marta,  Sitionuevo,  Tenerife,  Zapayán,   Zona Bananera, , , , , , , , , , , , , , , , , , , , , , , , , , , , , , , , , , , , , , , , , , , , , , , , , , , , , , , , , , , , , , , , , , , , , , , , , , , , , , , , , , , , , , , , , , , , , , , , , , , , , , , , , , , , , , , , , , , , , , , , , , , , , , , , , , , , , , , , , , , , , , , , , , , , , , , , , , , , , , , , , , , , , , , , , , , , , , , , , , , , , , , , , , , , , , , , , , , , , , , , , , , , , , , , , , , , , , , , , , , , , , , , , , , , , , , , , , , , , , , , , , , , , , , , , , , , , , , , , , , , , , , , , , , , , , , , , , , , , , , , , , , , , , , , , , , , , , , , , , , , , , , , , , , , , , , , , , , , , , , , , , , , , , , , , , , , , , , , , , , , , , , , , , , , , , , , , , , , , , , , , , , , , , , , , , , , , , , , , , , , , , , , , , , , , , , , , , , , , , , , , , , , , , , , , , , , , , , , , , , , , , , , , , , , , , , , , , , , , , , , , , , , , , , , , , , , , , , , , , , , , , , , , , , , , , , , , , , , , , , , , , , , , , , , , , , , , , , , , , , , , , , , , , , , , , , , , , , , , , , , , , , , , , , , , , , , , , , , , , , , , , , , , , , , , , , , , , , , , , , , , , , , , , , , , , , , , , , , , , , , , , , , , , , , , , , , , , , , , , , , , , , , , , , , , , , , , , , , , , , , , , , , , , , , , , , , , , , , , , , , , , , , , , , , , , , , , , , , , , , , , , , , , , , , , , , , , , , , , , , , , , , , , , , , , , , , , , , , , , , , , , , , , , , , , , , , , , , , , , , , , , , , , , , , , , , , , , , , , , , , , , , , , , , , , , , , , , , , , , , , , , , , , , , , , , , , , , , , , , , , , , , , , , , , , , , , , , , , , , , , , , , , , , , , , , , , , , , , , , , , , , , , , , , , , , , , , , , , , , , , , , , , , , , , , , , , , , , , , , , , , , , , , , , , , , , , , , , , , , , , , , , , , , , , , , , , , , , , , , , , , , , , , , , , , , , , , , , , , , , , , , , , , , , , , , , , , , , , , , , , , , , , , , , , , , , , , , , , , , , , , , , , , , , , , , , , , , , , , , , , , , , , , , , , , , , , , , , , , , , , , , , , , , , , , , , , , , , , , , , , , , , , , , , , , , , , , , , , , , , , , , , , , , , , , , , , , , , , , , , , , , , , , , , , , , , , , , , , , , , , , , , , , , , , , , , , , , , , , , , , , , , , , , , ,     ",
		"country": "CO",
		"district_type": "NATIONAL_LOWER",
		"id": 30,
		"name": {
			"en_US": "Representante a la Cámara por el departamento de Magdalena",
			"es_CO": "Representante a la Cámara por el departamento de Magdalena"
		},
		"ocd_id": "ocd-division/country:co/department:ma",
		"parent_area_id": "",
		"state": "MA"
	},
	{
		"city": "Acacías, Barranca de Upía, Cabuyaro, Castilla la Nueva, Cubarral, Cumaral, El Calvario, El Castillo, El Dorado, Fuente de Oro, Granada, Guamal, La Macarena, La Uribe, Lejanías, Mapiripan, Mesetas, Puerto Concordia, Puerto Gaitán, Puerto Lleras, Puerto López, Puerto Rico, Restrepo, San Carlos de Guaroa, San Juan de Arama, San Martín, Villavicencio, Vista Hermosa",
		"country": "CO",
		"district_type": "NATIONAL_LOWER",
		"id": 31,
		"name": {
			"en_US": "Representante a la Cámara por el departamento de Meta",
			"es_CO": "Representante a la Cámara por el departamento de Meta"
		},
		"ocd_id": "ocd-division/country:co/department:me",
		"parent_area_id": "",
		"state": "ME"
	},
	{
		"city": "Albán, Aldana, Ancuya, Arboleda, Barbacoas, Belén, Buesaco, Chachaguí, Colón, Consaca, Contadero, Córdoba, Cuaspud, Cumbal, Cumbitara, El Charco, El Peñol, El Rosario, El Tambo, El Tablón de Gómez, Francisco Pizarro, Funes, Guachucal, Guaitarilla, Gualmatán, Iles, Imúes, Ipiales, La Cruz, La Florida, La Llanada, La Tola, La Unión, Leiva, Linares, Los Andes, Magüi, Mallama, Mosquera, Nariño, Olaya Herrera, Ospina, Pasto, Policarpa, Potosí, Providencia, Puerres, Pupiales, Ricaurte, Roberto Payán, Samaniego, San Bernardo, San Lorenzo, San Pablo, San Pedro de Cartago, Sandoná, Santa Bárbara, Santa Cruz (Guachaves), Sapuyes, Taminango, Tangua, Tumaco, Túquerres, Yacuanquer, , , , , , , , , , , , , , , , , , , , , , , , , , , , , , , , , , , , , , , , , , , , , , , , , , , , , , , , , , , , , , , , , , , , , , , , , , , , , , , , , , , , , , , , , , , , , , , , , , , , , , , , , , , , , , , , , , , , , , , , , , , , , , , , , , , , , , , , , , , , , , , , , , , , , , , , , , , , , , , , , , , , , , , , , , , , , , , , , , , , , , , , , , , , , , , , , , , , , , , , , , , , , , , , , , , , , , , , , , , , , , , , , , , , , , , , , , , , , , , , , , , , , , , , , , , , , , , , , , , , , , , , , , , , , , , , , , , , , , , , , , , , , , , , , , , , , , , , , , , , , , , , , , , , , , , , , , , , , , , , , , , , , , , , , , , , , , , , , , , , , , , , , , , , , , , , , , , , , , , , , , , , , , , , , , , , , , , , , , , , , , , , , , , , , , , , , , , , , , , , , , , , , , , , , , , , , , , , , , , , , , , , , , , , , , , , , , , , , , , , , , , , , , , , , , , , , , , , , , , , , , , , , , , , , , , , , , , , , , , , , , , , , , , , , , , , , , , , , , , , , , , , , , , , , , , , , , , , , , , , , , , , , , , , , , , , , , , , , , , , , , , , , , , , , , , , , , , , , , , , , , , , , , , , , , , , , , , , , , , , , , , , , , , , , , , , , , , , , , , , , , , , , , , , , , , , , , , , , , , , , , , , , , , , , , , , , , , , , , , , , , , , , , , , , , , , , , , , , , , , , , , , , , , , , , , , , , , , , , , , , , , , , , , , , , , , , , , , , , , , , , , , , , , , , , , , , , , , , , , , , , , , , , , , , , , , , , , , , , , , , , , , , , , , , , , , , , , , , , , , , , , , , , , , , , , , , , , , , , , , , , , , , , , , , , , , , , , , , , , , , , , , , , , , , , , , , , , , , , , , , , , , , , , , , , , , , , , , , , , , , , , , , , , , , , , , , , , , , , , , , , , , , , , , , , , , , , , , , , , , , , , , , , , , , , , , , , , , , , , , , , , , , , , , , , , , , , , , , , , , , , , , , , , , , , , , , , , , ",
		"country": "CO",
		"district_type": "NATIONAL_LOWER",
		"id": 32,
		"name": {
			"en_US": "Representante a la Cámara por el departamento de Nariño",
			"es_CO": "Representante a la Cámara por el departamento de Nariño"
		},
		"ocd_id": "ocd-division/country:co/department:na",
		"parent_area_id": "",
		"state": "NA"
	},
	{
		"city": "Ábrego, Arboledas, Bochalema, Bucarasica, Cáchira, Cácota, Chinácota, Chitagá, Convención, Cúcuta, Cucutilla, Durania, El Carmen, El Tarra, El Zulia, Gramalote, Hacarí, Herrán, La Esperanza, La Playa, Labateca, Los Patios, Lourdes, Mutiscua, Ocaña, Pamplona, Pamplonita, Puerto Santander, Ragonvalia, Salazar, San Calixto, San Cayetano, Santiago, Sardinata, Silos, Teorama, Tibú, Toledo, Villa Caro, Villa del Rosario",
		"country": "CO",
		"district_type": "NATIONAL_LOWER",
		"id": 33,
		"name": {
			"en_US": "Representante a la Cámara por el departamento de Norte Santander",
			"es_CO": "Representante a la Cámara por el departamento de Norte Santander"
		},
		"ocd_id": "ocd-division/country:co/department:ns",
		"parent_area_id": "",
		"state": "NS"
	},
	{
		"city": "Colón,  Mocoa,  Orito,  Puerto Asís,  Puerto Caicedo,  Puerto Guzmán,  Puerto Leguízamo,  San Francisco,  San Miguel,  Santiago,  Sibundoy,  Valle del Guamuez,  Villagarzón",
		"country": "CO",
		"district_type": "NATIONAL_LOWER",
		"id": 34,
		"name": {
			"en_US": "Representante a la Cámara por el departamento de Putumayo",
			"es_CO": "Representante a la Cámara por el departamento de Putumayo"
		},
		"ocd_id": "ocd-division/country:co/department:pu",
		"parent_area_id": "",
		"state": "PU"
	},
	{
		"city": "Armenia, Buenavista, Calarcá, Circasia, Cordobá, Filandia, Génova, La Tebaida, Montenegro, Pijao, Quimbaya, Salento",
		"country": "CO",
		"district_type": "NATIONAL_LOWER",
		"id": 35,
		"name": {
			"en_US": "Representante a la Cámara por el departamento de Quindío",
			"es_CO": "Representante a la Cámara por el departamento de Quindío"
		},
		"ocd_id": "ocd-division/country:co/department:qd",
		"parent_area_id": "",
		"state": "QD"
	},
	{
		"city": "Apía, Balboa, Belén de Umbría, Dosquebradas, Guática, La Celia, La Virginia, Marsella, Mistrató, Pereira, Pueblo Rico, Quinchía, Santa Rosa de Cabal, Santuario",
		"country": "CO",
		"district_type": "NATIONAL_LOWER",
		"id": 36,
		"name": {
			"en_US": "Representante a la Cámara por el departamento de Risaralda",
			"es_CO": "Representante a la Cámara por el departamento de Risaralda"
		},
		"ocd_id": "ocd-division/country:co/department:ri",
		"parent_area_id": "",
		"state": "RI"
	},
	{
		"city": "Providencia, San Andrés",
		"country": "CO",
		"district_type": "NATIONAL_LOWER",
		"id": 37,
		"name": {
			"en_US": "Representante a la Cámara por el departamento de San Andrés y Providencia",
			"es_CO": "Representante a la Cámara por el departamento de San Andrés y Providencia"
		},
		"ocd_id": "ocd-division/country:co/department:sa",
		"parent_area_id": "",
		"state": "SA"
	},
	{
		"city": "Aguada, Albania, Aratoca, Barbosa, Barichara, Barrancabermeja, Betulia, Bolívar, Bucaramanga, California, Capitanejo, Carcasí, Cepita, Cerrito, Charalá, Charta, Chima, Chipatá, Cimitarra, Concepción, Confines, Contratación, Coromoro, Curití, El Carmen de Chucurí, El Guacamayo, El Peñon, El Playón, Encino, Enciso, Florián, Floridablanca, Galán, Gámbita, Girón, Guaca, Guapota, Guavatá, Guepsa, Hato, Jesús María, La Belleza, Landázuri, Lebrija, Los Santos, Macaravita, Málaga, Matanza, Mogotes, Molagavita, Ocamonte, Oiba, Onzaga, Palmar, Palmas del Socorro, Páramo, Piedecuesta, Pinchote, Puente Nacional, Puerto Parra, Puerto Wilches, Rionegro, Sabana de Torres, San Andrés, San Benito, San Gíl, San Joaquín, San José de Miranda, San Miguel, San Vicente del Chucurí, Santa Bárbara, Santa Helena del Opón, Simacota, Socorro, Suaita, Sucre, Suratá, Tona, Valle de San José, Vélez, Vetas, Villanueva, Zapatoca",
		"country": "CO",
		"district_type": "NATIONAL_LOWER",
		"id": 38,
		"name": {
			"en_US": "Representante a la Cámara por el departamento de Santander",
			"es_CO": "Representante a la Cámara por el departamento de Santander"
		},
		"ocd_id": "ocd-division/country:co/department:st",
		"parent_area_id": "",
		"state": "ST"
	},
	{
		"city": "Buenavista, Caimito, Chalán, Colosó,  Corozal, Coveñas, El Roble, Galeras,  Guaranda, La Unión, Los Palmitos, Majagual, Morroa, Ovejas, Palmito, Sampués, San Benito Abad, San Juan de Betulia, San Marcos, San Onofre, San Pedro, Since, Sincelejo, Sucre, Tolú, Tolú Viejo",
		"country": "CO",
		"district_type": "NATIONAL_LOWER",
		"id": 39,
		"name": {
			"en_US": "Representante a la Cámara por el departamento de Sucre",
			"es_CO": "Representante a la Cámara por el departamento de Sucre"
		},
		"ocd_id": "ocd-division/country:co/department:su",
		"parent_area_id": "",
		"state": "SU"
	},
	{
		"city": "Alpujarra, Alvarado, Ambalema, Anzoátegui, Armero, Ataco, Cajamarca, Carmen de Apicalá, Casabianca, Chaparral, Coello, Coyaima, Cunday, Dolores, Espinal, Falan, Flandes, Fresno, Guamo, Herveo, Honda, Ibagué, Icononzo, Lérida, Líbano, Mariquita, Melgar, Murillo, Natagaima, Ortega, Palocabildo, Piedras, Planadas, Prado, Purificación, Rioblanco, Roncesvalles,  Rovira, Saldaña, San Antonio, San Luis, Santa Isabel, Suárez, Valle de San Juan, Venadillo, Villahermosa, Villarrica",
		"country": "CO",
		"district_type": "NATIONAL_LOWER",
		"id": 40,
		"name": {
			"en_US": "Representante a la Cámara por el departamento del Tolima",
			"es_CO": "Representante a la Cámara por el departamento del Tolima"
		},
		"ocd_id": "ocd-division/country:co/department:to",
		"parent_area_id": "",
		"state": "TO"
	},
	{
		"city": "Alcalá,  Andalucía,  Ansermanuevo,  Argelia,  Bolívar,  Buenaventura,  Buga,  Bugalagrande,  Caicedonia,  Cali,  Candelaria,  Cartago,  Dagua,  Darien,  El Águila,  El Cairo,  El Cerrito,  El Dovio,  Florida,  Ginebra,  Guacarí,  Jamundí,  La Cumbre,  La Unión,  La Victoria,  Obando,  Palmira,  Pradera,  Restrepo,  Riofrío,  Roldanillo,  San Pedro,  Sevilla,  Toro,  Trujillo,  Tulúa,  Ulloa,  Versalles,  Vijes,  Yotoco,  Yumbo,  Zarzal",
		"country": "CO",
		"district_type": "NATIONAL_LOWER",
		"id": 41,
		"name": {
			"en_US": "Representante a la Cámara por el departamento del Valle del Cauca",
			"es_CO": "Representante a la Cámara por el departamento del Valle del Cauca"
		},
		"ocd_id": "ocd-division/country:co/department:vc",
		"parent_area_id": "",
		"state": "VC"
	},
	{
		"city": "Carurú, Mitú, Pacoa, Taraira, Yavaraté",
		"country": "CO",
		"district_type": "NATIONAL_LOWER",
		"id": 42,
		"name": {
			"en_US": "Representante a la Cámara por el departamento del Vaupés",
			"es_CO": "Representante a la Cámara por el departamento del Vaupés"
		},
		"ocd_id": "ocd-division/country:co/department:vp",
		"parent_area_id": "",
		"state": "VP"
	},
	{
		"city": "Cumaribo,  La Primavera,  Puerto Carreño,  Santa Rosalía",
		"country": "CO",
		"district_type": "NATIONAL_LOWER",
		"id": 43,
		"name": {
			"en_US": "Representante a la Cámara por el departamento del Vichada",
			"es_CO": "Representante a la Cámara por el departamento del Vichada"
		},
		"ocd_id": "ocd-division/country:co/department:vd",
		"parent_area_id": "",
		"state": "VD"
	},
	{
		"city": "",
		"country": "CO",
		"district_type": "NATIONAL_LOWER",
		"id": 44,
		"name": {
			"en_US": "Representante a la Cámara por Bogotá",
			"es_CO": "Representante a la Cámara por Bogotá"
		},
		"ocd_id": "ocd-division/country:co/capital_district:dc",
		"parent_area_id": "",
		"state": "DC"
	},
	{
		"city": "",
		"country": "CO",
		"district_type": "NATIONAL_LOWER",
		"id": 45,
		"name": {
			"en_US": "Representante a la Cámara curules para las Víctimas",
			"es_CO": "Representante a la Cámara curules para las Víctimas"
		},
		"ocd_id": "ocd-division/country:co/special:victims",
		"parent_area_id": "",
		"state": ""
	}
]