[
	{
		"area_id": 1,
		"id": 1,
		"name": {
			"en_US": "Presidencia de Colombia"
		}
	},
	{
		"area_id": 2,
		"id": 2,
		"name": {
			"en_US": "Senador de la República de Colombia"
		}
	},
	{
		"area_id": 4,
		"id": 4,
		"name": {
			"en_US": "Senador de la República Curules de Paz"
		}
	},
	{
		"area_id": 5,
		"id": 5,
		"name": {
			"en_US": "Senador de la República Comunidades Indígenas"
		}
	},
	{
		"area_id": 6,
		"id": 6,
		"name": {
			"en_US": "Representante a la Cámara por el departamento de Antioquia"
		}
	},
	{
		"area_id": 9,
		"id": 9,
		"name": {
			"en_US": "Representante a la Cámara Colombianos en el Exterior"
		}
	},
	{
		"area_id": 11,
		"id": 11,
		"name": {
			"en_US": "Representante a la Cámara Comunidades Afrodescendientes"
		}
	},
	{
		"area_id": 12,
		"id": 12,
		"name": {
			"en_US": "Representante a la Cámara Comunidades Indígenas"
		}
	},
	{
		"area_id": 13,
		"id": 13,
		"name": {
			"en_US": "Representante a la Cámara por el departamento de Amazonas"
		}
	},
	{
		"area_id": 14,
		"id": 14,
		"name": {
			"en_US": "Representante a la Cámara por el departamento de Arauca"
		}
	},
	{
		"area_id": 15,
		"id": 15,
		"name": {
			"en_US": "Representante a la Cámara por el departamento de Atlántico"
		}
	},
	{
		"area_id": 16,
		"id": 16,
		"name": {
			"en_US": "Representante a la Cámara por el departamento de Bolívar"
		}
	},
	{
		"area_id": 17,
		"id": 17,
		"name": {
			"en_US": "Representante a la Cámara por el departamento de Boyacá"
		}
	},
	{
		"area_id": 18,
		"id": 18,
		"name": {
			"en_US": "Representante a la Cámara por el departamento de Caldas"
		}
	},
	{
		"area_id": 19,
		"id": 19,
		"name": {
			"en_US": "Representante a la Cámara por el departamento de Caquetá"
		}
	},
	{
		"area_id": 20,
		"id": 20,
		"name": {
			"en_US": "Representante a la Cámara por el departamento de Casanare"
		}
	},
	{
		"area_id": 21,
		"id": 21,
		"name": {
			"en_US": "Representante a la Cámara por el departamento de Cauca"
		}
	},
	{
		"area_id": 22,
		"id": 22,
		"name": {
			"en_US": "Representante a la Cámara por el departamento de Cesar"
		}
	},
	{
		"area_id": 23,
		"id": 23,
		"name": {
			"en_US": "Representante a la Cámara por el departamento de Chocó"
		}
	},
	{
		"area_id": 24,
		"id": 24,
		"name": {
			"en_US": "Representante a la Cámara por el departamento de Córdoba"
		}
	},
	{
		"area_id": 25,
		"id": 25,
		"name": {
			"en_US": "Representante a la Cámara por el departamento de Cundinamarca"
		}
	},
	{
		"area_id": 26,
		"id": 26,
		"name": {
			"en_US": "Representante a la Cámara por el departamento de Guainía"
		}
	},
	{
		"area_id": 27,
		"id": 27,
		"name": {
			"en_US": "Representante a la Cámara por el departamento de Guaviare"
		}
	},
	{
		"area_id": 28,
		"id": 28,
		"name": {
			"en_US": "Representante a la Cámara por el departamento de Huila"
		}
	},
	{
		"area_id": 29,
		"id": 29,
		"name": {
			"en_US": "Representante a la Cámara por el departamento de La Guajira"
		}
	},
	{
		"area_id": 30,
		"id": 30,
		"name": {
			"en_US": "Representante a la Cámara por el departamento de Magdalena"
		}
	},
	{
		"area_id": 31,
		"id": 31,
		"name": {
			"en_US": "Representante a la Cámara por el departamento de Meta"
		}
	},
	{
		"area_id": 32,
		"id": 32,
		"name": {
			"en_US": "Representante a la Cámara por el departamento de Nariño"
		}
	},
	{
		"area_id": 33,
		"id": 33,
		"name": {
			"en_US": "Representante a la Cámara por el departamento de Norte Santander"
		}
	},
	{
		"area_id": 34,
		"id": 34,
		"name": {
			"en_US": "Representante a la Cámara por el departamento de Putumayo"
		}
	},
	{
		"area_id": 35,
		"id": 35,
		"name": {
			"en_US": "Representante a la Cámara por el departamento de Quindío"
		}
	},
	{
		"area_id": 36,
		"id": 36,
		"name": {
			"en_US": "Representante a la Cámara por el departamento de Risaralda"
		}
	},
	{
		"area_id": 37,
		"id": 37,
		"name": {
			"en_US": "Representante a la Cámara por el departamento de San Andrés y Providencia"
		}
	},
	{
		"area_id": 38,
		"id": 38,
		"name": {
			"en_US": "Representante a la Cámara por el departamento de Santander"
		}
	},
	{
		"area_id": 39,
		"id": 39,
		"name": {
			"en_US": "Representante a la Cámara por el departamento de Sucre"
		}
	},
	{
		"area_id": 40,
		"id": 40,
		"name": {
			"en_US": "Representante a la Cámara por el departamento del Tolima"
		}
	},
	{
		"area_id": 41,
		"id": 41,
		"name": {
			"en_US": "Representante a la Cámara por el departamento del Valle del Cauca"
		}
	},
	{
		"area_id": 42,
		"id": 42,
		"name": {
			"en_US": "Representante a la Cámara por el departamento del Vaupés"
		}
	},
	{
		"area_id": 43,
		"id": 43,
		"name": {
			"en_US": "Representante a la Cámara por el departamento del Vichada"
		}
	},
	{
		"area_id": 44,
		"id": 44,
		"name": {
			"en_US": "Representante a la Cámara por Bogotá"
		}
	},
	{
		"area_id": 45,
		"id": 45,
		"name": {
			"en_US": "Representante a la Cámara curules para las Víctimas"
		}
	}
]