[
	{
		"area_id": 1,
		"election_identifier": "CO-NATIONAL_PRESIDENT-runoff-202",
		"end_date": "2022-03-11",
		"id": 1,
		"membership_id_winner": "",
		"person_ids": [
			1,
			2,
			4
		],
		"role_ids": [
			1
		],
		"start_date": "2022-01-13",
		"title": {
			"en_US": "Presidencia de Colombia"
		}
	},
	{
		"area_id": 3,
		"election_identifier": "CO-SENATOR_1-runoff-2022",
		"end_date": "2022-03-11",
		"id": 2,
		"membership_id_winner": "",
		"person_ids": [
			6,
			7,
			11,
			12,
			13,
			14,
			15,
			17,
			19,
			20,
			21,
			22,
			23,
			24,
			25,
			26,
			27,
			28,
			29,
			30,
			31,
			32,
			33,
			34,
			35,
			36,
			37,
			38,
			39,
			40,
			41,
			42,
			44,
			45,
			46,
			47,
			48,
			49,
			50,
			51,
			52,
			53,
			54,
			56,
			57,
			58,
			59,
			61,
			62,
			64,
			65,
			84,
			85,
			86,
			87,
			88,
			89,
			90,
			91,
			92,
			93,
			94,
			95,
			96,
			97,
			98,
			99,
			100,
			102,
			103,
			104,
			105,
			106,
			107,
			108,
			109,
			110,
			111,
			112,
			113,
			114,
			115,
			116,
			117,
			118,
			119,
			120,
			121,
			122,
			123,
			124,
			125,
			126,
			127,
			128,
			129,
			130,
			131,
			132,
			133,
			134,
			135,
			137,
			138,
			139,
			140,
			141,
			142,
			143,
			144,
			145,
			146,
			148,
			149,
			150,
			151,
			152,
			153,
			154,
			156,
			157,
			160,
			162,
			164,
			165,
			166,
			167,
			168,
			169,
			170,
			171,
			172,
			173,
			174,
			175,
			176,
			177,
			178,
			179,
			180,
			181,
			182,
			183,
			184,
			185,
			186,
			187,
			188,
			189,
			190,
			191,
			192,
			193,
			194,
			195,
			196,
			197,
			198,
			199,
			200,
			201,
			202,
			203,
			204,
			205,
			206,
			208,
			209,
			210,
			211,
			212,
			213,
			214,
			215,
			216,
			217,
			218,
			219,
			221,
			222,
			223,
			224,
			225,
			226,
			227,
			228,
			229,
			230,
			231,
			232,
			233,
			234,
			235,
			236,
			237,
			238,
			239,
			240,
			241,
			242,
			243,
			244,
			245,
			246,
			247,
			248,
			249,
			250,
			251,
			252,
			253,
			254,
			255,
			256,
			257,
			258,
			259,
			260,
			261,
			262,
			263,
			264,
			265,
			266,
			267,
			268,
			269,
			270,
			271,
			272,
			273,
			274,
			275,
			276,
			277,
			278,
			280,
			281,
			282,
			283,
			284,
			285,
			286,
			287,
			288,
			289,
			290,
			291,
			292,
			293,
			294,
			295,
			296,
			297,
			298,
			299,
			300,
			301,
			302,
			303,
			304,
			305,
			306,
			307,
			309,
			310,
			311,
			312,
			313,
			314,
			315,
			316,
			317,
			318,
			319,
			320,
			321,
			322,
			323,
			324,
			325,
			326,
			327,
			328,
			329,
			330,
			331,
			332,
			333,
			334,
			335,
			336,
			337,
			338,
			339,
			340,
			341,
			342,
			343,
			344,
			345,
			346,
			347,
			348,
			349,
			350,
			351,
			352,
			353,
			354,
			355,
			356,
			357,
			358,
			359,
			360,
			361,
			362,
			363,
			364,
			365,
			366,
			367,
			368,
			369,
			370,
			371,
			372,
			373,
			374,
			375,
			376,
			377,
			378,
			379,
			380,
			381,
			382,
			383,
			384,
			385,
			386,
			387,
			388,
			389,
			390,
			391,
			392,
			393,
			394,
			395,
			396,
			397,
			398,
			399,
			400,
			401,
			402,
			403,
			404,
			405,
			406,
			407,
			408,
			409,
			410,
			411,
			412,
			413,
			414,
			415,
			416,
			417,
			418,
			419,
			420,
			421,
			422,
			424,
			425,
			426,
			427,
			429,
			430,
			434,
			436,
			438,
			439,
			440,
			441,
			442,
			443,
			444,
			445,
			446,
			447,
			448,
			449,
			450,
			451,
			452,
			453,
			454,
			455,
			456,
			457,
			458,
			459,
			460,
			461,
			462,
			463,
			464,
			465,
			466,
			467,
			468,
			469,
			470,
			471,
			472,
			473,
			474,
			475,
			476,
			477,
			478,
			479,
			480,
			481,
			482,
			483,
			484,
			485,
			486,
			487,
			488,
			489,
			490,
			491,
			492,
			493,
			494,
			495,
			496,
			497,
			498,
			499,
			500,
			501,
			502,
			503,
			504,
			505,
			506,
			507,
			508,
			509,
			510,
			511,
			512,
			513,
			514,
			515,
			516,
			517,
			518,
			519,
			520,
			521,
			522,
			523,
			524,
			525,
			526,
			527,
			528,
			529,
			530,
			531,
			532,
			533,
			534,
			535,
			536,
			537,
			538,
			539,
			540,
			541,
			542,
			543,
			544,
			545,
			546,
			547,
			548,
			549,
			550,
			551,
			552,
			553,
			554,
			555,
			556,
			557,
			558,
			559,
			560,
			561,
			562,
			563,
			564,
			565,
			566,
			567,
			568,
			569,
			570,
			571,
			572,
			573,
			574,
			575,
			576,
			577,
			578,
			579,
			580,
			581,
			582,
			583,
			584,
			585,
			586,
			587,
			588,
			589,
			590,
			591,
			592,
			593,
			594,
			595,
			596,
			597,
			598,
			599,
			600,
			601,
			602,
			603,
			604,
			605,
			606,
			607,
			608,
			609,
			610,
			611,
			612,
			613,
			614,
			615,
			616,
			617,
			618,
			619,
			620,
			621,
			622,
			623,
			624,
			625,
			626,
			627,
			628,
			629,
			630,
			631,
			632,
			633,
			634,
			635,
			636,
			637,
			638,
			639,
			641,
			642,
			643,
			644,
			645,
			646,
			647,
			648,
			649,
			650,
			651,
			652,
			653,
			654,
			655,
			656,
			657,
			658,
			659,
			660,
			661,
			662,
			663,
			664,
			665,
			666,
			667,
			668,
			669,
			670,
			671,
			672,
			673,
			674,
			675,
			676,
			677,
			678,
			679,
			680,
			681,
			682,
			683,
			684,
			685,
			686,
			687,
			688,
			689,
			690,
			691,
			692,
			693,
			694,
			695,
			696,
			697,
			698,
			699,
			700,
			701,
			702,
			703,
			704,
			705,
			706,
			707,
			708,
			709,
			710,
			711,
			712,
			713,
			714,
			715,
			716,
			717,
			718,
			719,
			720,
			721,
			722,
			723,
			724,
			725,
			726,
			727,
			728,
			729,
			730,
			731,
			732,
			733,
			734,
			735,
			736,
			737,
			738,
			739,
			740,
			741,
			742,
			743,
			744,
			745,
			746,
			747,
			748,
			749,
			750,
			751,
			752,
			753,
			754,
			755,
			756,
			757,
			758,
			759,
			760,
			761,
			762,
			763,
			764,
			765,
			766,
			767,
			768,
			769,
			770,
			771,
			784,
			785,
			786,
			787,
			788,
			789,
			790,
			791,
			792,
			793,
			794,
			795,
			796,
			797,
			798,
			799,
			800,
			801,
			802,
			803,
			804,
			805,
			806,
			807,
			808,
			809,
			810,
			811,
			812,
			813,
			814,
			815,
			816,
			817,
			818,
			819,
			820,
			821,
			822,
			823,
			824,
			825,
			827,
			828,
			829,
			830,
			831,
			832,
			833,
			834,
			835,
			836,
			837,
			838,
			839,
			840,
			841,
			842,
			843,
			844,
			845,
			846,
			847,
			848,
			849,
			850,
			851,
			852,
			853,
			854,
			855,
			856,
			857,
			858,
			859,
			860,
			861,
			862,
			863,
			864,
			865,
			866,
			867,
			868,
			869,
			870,
			871,
			872,
			873,
			874,
			875,
			876,
			877,
			878,
			879,
			880,
			881,
			882,
			883,
			884,
			885,
			886,
			887,
			888,
			889,
			890,
			891,
			892,
			893,
			894,
			895,
			896,
			897,
			898,
			899,
			900,
			901,
			902,
			903,
			924,
			925,
			937,
			949,
			950,
			951,
			955,
			968,
			969,
			995,
			1004,
			1021,
			1040,
			1041,
			1042,
			1043,
			1044,
			1045,
			1046,
			1047,
			1048,
			1049,
			1050,
			1051,
			1052,
			1053,
			1054,
			1055,
			1056,
			1057,
			1058
		],
		"role_ids": [
			2
		],
		"start_date": "2022-01-13",
		"title": {
			"en_US": "Senador de la República de Colombia"
		}
	},
	{
		"area_id": 4,
		"election_identifier": "CO-SENATOR_vp-runoff-2022",
		"end_date": "2022-03-11",
		"id": 4,
		"membership_id_winner": "",
		"person_ids": [
			16,
			18,
			43,
			55,
			60,
			63,
			66,
			67,
			68,
			69,
			70,
			71,
			72,
			73,
			74,
			75,
			76,
			77,
			78,
			79,
			80,
			81,
			82,
			83,
			101,
			136,
			147,
			155,
			158,
			159,
			161,
			163
		],
		"role_ids": [
			4
		],
		"start_date": "2022-01-13",
		"title": {
			"en_US": "Senador de la República Curules de Paz"
		}
	},
	{
		"area_id": 5,
		"election_identifier": "CO-SENATOR_PEACE-runoff-2022",
		"end_date": "2022-03-12",
		"id": 5,
		"membership_id_winner": "",
		"person_ids": [
			207,
			279,
			308,
			423,
			428,
			431,
			432,
			433,
			435,
			437,
			640,
			772,
			773,
			774,
			775,
			776,
			777,
			778,
			779,
			780,
			781,
			782,
			783
		],
		"role_ids": [
			5
		],
		"start_date": "2022-01-14",
		"title": {
			"en_US": "Senador de la República Comunidades Indígenas"
		}
	},
	{
		"area_id": 6,
		"election_identifier": "CO-SENATOR_IND-runoff-2023",
		"end_date": "2022-03-13",
		"id": 6,
		"membership_id_winner": "",
		"person_ids": [
			921,
			933,
			940,
			954,
			956,
			960,
			971,
			981,
			987,
			999,
			1006,
			1011,
			1015,
			1110,
			1121,
			1131,
			1136,
			1144,
			1150,
			1154,
			1188,
			1199,
			1200,
			1201,
			1202,
			1203,
			1205,
			1206,
			1208,
			1211,
			1223,
			1227,
			1230,
			1232,
			1233,
			1237,
			1241,
			1245,
			1247,
			1249,
			1250,
			1251,
			1253,
			1255,
			1256,
			1317,
			1318,
			1323,
			1324,
			1325,
			1326,
			1327,
			1328,
			1329,
			1330,
			1331,
			1332,
			1373,
			1374,
			1375,
			1376,
			1377,
			1378,
			1388,
			1389,
			1390,
			1391,
			1392,
			1393,
			1394,
			1395,
			1396,
			1397,
			1426,
			1427,
			1428,
			1429,
			1430,
			1431,
			1432,
			1442,
			1443,
			1444,
			1445,
			1446,
			1447,
			1448,
			1449,
			1450,
			1451,
			1468,
			1469,
			1470,
			1471,
			1472,
			1473,
			1489,
			1490,
			1491,
			1492,
			1521,
			1522,
			1523,
			1524,
			1525,
			1526,
			1527,
			1528,
			1529,
			1530,
			1677,
			1678,
			1679,
			1680,
			1681,
			1682,
			1683,
			1684,
			1685,
			1686,
			1795,
			1796,
			1797,
			1849,
			1850,
			1851,
			1852,
			1853,
			1965,
			1966,
			1967,
			1968,
			1969,
			1970,
			1971,
			1972,
			1973,
			1974,
			1992,
			1993,
			1994,
			1995,
			1996,
			1997,
			1998,
			1999,
			2105,
			2106,
			2107,
			2108,
			2109,
			2110,
			2111
		],
		"role_ids": [
			6
		],
		"start_date": "2022-01-15",
		"title": {
			"en_US": "Representante a la Cámara por el departamento de Antioquia"
		}
	},
	{
		"area_id": 9,
		"election_identifier": "CO-PAZ-REGIONAL-LEGISLATIVE-runoff-2022",
		"end_date": "2022-03-11",
		"id": 9,
		"membership_id_winner": "",
		"person_ids": [
			1124,
			1619,
			1620,
			1621,
			1622,
			1623,
			1624,
			1625,
			1626,
			1627,
			1715,
			1716,
			1717,
			1718,
			1719,
			1720,
			1721,
			1722,
			1723,
			1724,
			1725,
			1726
		],
		"role_ids": [
			9
		],
		"start_date": "2022-01-13",
		"title": {
			"en_US": "Representante a la Cámara Colombianos en el Exterior"
		}
	},
	{
		"area_id": 11,
		"election_identifier": "CO-RAIZ-REGIONAL-LEGISLATIVE-runoff-2022",
		"end_date": "2022-03-11",
		"id": 11,
		"membership_id_winner": "",
		"person_ids": [
			906,
			907,
			908,
			909,
			910,
			911,
			912,
			913,
			914,
			915,
			916,
			917,
			918,
			919,
			920,
			1344,
			1345,
			1346,
			1347,
			1348,
			1349,
			1350,
			1351,
			1352,
			1353,
			1354,
			1355,
			1356,
			1357,
			1358,
			1359,
			1360,
			1361,
			1362,
			1363,
			1364,
			1365,
			1400,
			1401,
			1402,
			1403,
			1404,
			1405,
			1406,
			1407,
			1408,
			1409,
			1410,
			1411,
			1412,
			1413,
			1414,
			1415,
			1416,
			1417,
			1418,
			1419,
			1420,
			1464,
			1465,
			1466,
			1607,
			1608,
			1609,
			1610,
			1611,
			1612,
			1613,
			1614,
			1615,
			1616,
			1617,
			2236,
			2237,
			2663,
			2674,
			2678,
			2679,
			2680,
			2681,
			2682,
			2684,
			2689,
			2690,
			2692,
			2706,
			2707,
			2708,
			2709,
			2710,
			2711,
			2712,
			2713,
			2714,
			2715,
			2716,
			2717,
			2718,
			2719,
			2720,
			2721,
			2722,
			2723,
			2724,
			2725,
			2726,
			2727,
			2728,
			2729,
			2730,
			2731,
			2732,
			2733,
			2734,
			2735,
			2736,
			2737,
			2738,
			2739,
			2740,
			2741,
			2748,
			2749,
			2763,
			2764,
			2770,
			2771,
			2772
		],
		"role_ids": [
			11
		],
		"start_date": "2022-01-13",
		"title": {
			"en_US": "Representante a la Cámara Comunidades Afrodescendientes"
		}
	},
	{
		"area_id": 12,
		"election_identifier": "CO-AFRO-REGIONAL-LEGISLATIVE-runoff-2022",
		"end_date": "2022-03-11",
		"id": 12,
		"membership_id_winner": "",
		"person_ids": [
			2624,
			2625,
			2626,
			2627,
			2633,
			2634,
			2635,
			2648,
			2649,
			2650,
			2651,
			2652,
			2675
		],
		"role_ids": [
			12
		],
		"start_date": "2022-01-13",
		"title": {
			"en_US": "Representante a la Cámara Comunidades Indígenas"
		}
	},
	{
		"area_id": 13,
		"election_identifier": "CO-IND-REGIONAL-LEGISLATIVE-runoff-2022",
		"end_date": "2022-03-11",
		"id": 13,
		"membership_id_winner": "",
		"person_ids": [
			10,
			1963,
			2024,
			2026,
			2070,
			2087,
			2103,
			2115,
			2119,
			2137,
			2140,
			2161,
			2281,
			2283,
			2285,
			2286,
			2293,
			2295,
			2297,
			2298,
			2466
		],
		"role_ids": [
			13
		],
		"start_date": "2022-01-13",
		"title": {
			"en_US": "Representante a la Cámara por el departamento de Amazonas"
		}
	},
	{
		"area_id": 14,
		"election_identifier": "CO-AM-REGIONAL-LEGISLATIVE-runoff-2022",
		"end_date": "2022-03-11",
		"id": 14,
		"membership_id_winner": "",
		"person_ids": [
			2483,
			2484,
			2485,
			2486,
			2487,
			2568,
			2569,
			2570,
			2571,
			2572,
			2573,
			2668,
			2669,
			2670
		],
		"role_ids": [
			14
		],
		"start_date": "2022-01-13",
		"title": {
			"en_US": "Representante a la Cámara por el departamento de Arauca"
		}
	},
	{
		"area_id": 15,
		"election_identifier": "CO-AR-LEGISLATIVE-runoff-2022",
		"end_date": "2022-03-11",
		"id": 15,
		"membership_id_winner": "",
		"person_ids": [
			928,
			941,
			957,
			970,
			980,
			989,
			1001,
			1012,
			1070,
			1975,
			1976,
			1977,
			1978,
			1979,
			1980,
			1981,
			2162,
			2163,
			2164,
			2165,
			2166,
			2167,
			2168,
			2191,
			2192,
			2193,
			2194,
			2195,
			2196,
			2197,
			2198,
			2199,
			2200,
			2201,
			2202,
			2203,
			2204,
			2205,
			2206,
			2207,
			2208,
			2209,
			2210,
			2316,
			2317,
			2318,
			2319,
			2320,
			2321,
			2322,
			2323,
			2324,
			2325,
			2326,
			2327
		],
		"role_ids": [
			15
		],
		"start_date": "2022-01-13",
		"title": {
			"en_US": "Representante a la Cámara por el departamento de Atlántico"
		}
	},
	{
		"area_id": 16,
		"election_identifier": "CO-AT-REGIONAL-LEGISLATIVE-runoff-2022",
		"end_date": "2022-03-11",
		"id": 16,
		"membership_id_winner": "",
		"person_ids": [
			1071,
			1072,
			1073,
			1074,
			1075,
			1076,
			1077,
			1078,
			1079,
			1080,
			1082,
			1084,
			1085,
			1087,
			1088,
			1089,
			1090,
			1091,
			1092,
			1093,
			1095,
			1096,
			1097,
			1098,
			1170,
			1174,
			1176,
			1177,
			1209,
			1212,
			1224,
			1228,
			1231,
			1235,
			1238,
			1243,
			1248,
			1252,
			1254,
			1257,
			1258,
			1284,
			1286
		],
		"role_ids": [
			16
		],
		"start_date": "2022-01-13",
		"title": {
			"en_US": "Representante a la Cámara por el departamento de Bolívar"
		}
	},
	{
		"area_id": 17,
		"election_identifier": "CO-BO-REGIONAL-LEGISLATIVE-runoff-2022",
		"end_date": "2022-03-11",
		"id": 17,
		"membership_id_winner": "",
		"person_ids": [
			1287,
			1288,
			1289,
			1290,
			1291,
			1292,
			1293,
			1294,
			1333,
			1367,
			1382,
			1384,
			1385,
			1386,
			1387,
			1398,
			1422,
			1423,
			1425,
			1434,
			1435,
			1439,
			1441,
			1454,
			1456,
			1457,
			1458,
			1459,
			1460,
			1461,
			1501,
			1502,
			1503,
			1504,
			1505,
			1506,
			1515,
			1516,
			1517,
			1518,
			1519,
			1520,
			1588,
			1589,
			1590,
			1591,
			1592,
			1593,
			1906,
			1907,
			1908,
			1909,
			1910
		],
		"role_ids": [
			17
		],
		"start_date": "2022-01-13",
		"title": {
			"en_US": "Representante a la Cámara por el departamento de Boyacá"
		}
	},
	{
		"area_id": 18,
		"election_identifier": "CO-BY-REGIONAL-LEGISLATIVE-runoff-2022",
		"end_date": "2022-03-11",
		"id": 18,
		"membership_id_winner": "",
		"person_ids": [
			1930,
			1933,
			1934,
			1935,
			1936,
			1937,
			2060,
			2061,
			2062,
			2063,
			2064,
			2120,
			2121,
			2122,
			2123,
			2124,
			2172,
			2173,
			2174,
			2175,
			2176,
			2177,
			2178,
			2179,
			2180,
			2276,
			2277,
			2278,
			2279,
			2280,
			2288,
			2289,
			2290,
			2291,
			2292,
			2311,
			2312,
			2313,
			2314,
			2315
		],
		"role_ids": [
			18
		],
		"start_date": "2022-01-13",
		"title": {
			"en_US": "Representante a la Cámara por el departamento de Caldas"
		}
	},
	{
		"area_id": 19,
		"election_identifier": "CO-CL-REGIONAL-LEGISLATIVE-runoff-2022",
		"end_date": "2022-03-11",
		"id": 19,
		"membership_id_winner": "",
		"person_ids": [
			2671,
			2672,
			2673,
			2742,
			2743,
			2744,
			2745,
			2746,
			2747,
			2765,
			2766,
			2767,
			2768,
			2769,
			2807,
			2808,
			2809
		],
		"role_ids": [
			19
		],
		"start_date": "2022-01-13",
		"title": {
			"en_US": "Representante a la Cámara por el departamento de Caquetá"
		}
	},
	{
		"area_id": 20,
		"election_identifier": "CO-CA-REGIONAL-LEGISLATIVE-runoff-2022",
		"end_date": "2022-03-11",
		"id": 20,
		"membership_id_winner": "",
		"person_ids": [
			2785,
			2786,
			2787,
			2788,
			2789,
			2790,
			2791,
			2792,
			2810,
			2811,
			2812,
			2813,
			2814,
			2815,
			2816,
			2817,
			2818,
			2819,
			2820,
			2821,
			2822
		],
		"role_ids": [
			20
		],
		"start_date": "2022-01-13",
		"title": {
			"en_US": "Representante a la Cámara por el departamento de Casanare"
		}
	},
	{
		"area_id": 21,
		"election_identifier": "CO-CS-REGIONAL-LEGISLATIVE-runoff-2022",
		"end_date": "2022-03-11",
		"id": 21,
		"membership_id_winner": "",
		"person_ids": [
			2328,
			2329,
			2330,
			2331,
			2373,
			2374,
			2375,
			2376,
			2439,
			2440,
			2441,
			2442,
			2467,
			2468,
			2469,
			2470,
			2546,
			2547,
			2548,
			2549,
			2578,
			2579,
			2580,
			2581,
			2616,
			2617,
			2618,
			2619
		],
		"role_ids": [
			21
		],
		"start_date": "2022-01-13",
		"title": {
			"en_US": "Representante a la Cámara por el departamento de Cauca"
		}
	},
	{
		"area_id": 22,
		"election_identifier": "CO-CU-REGIONAL-LEGISLATIVE-runoff-2022",
		"end_date": "2022-03-11",
		"id": 22,
		"membership_id_winner": "",
		"person_ids": [
			1062,
			1063,
			1064,
			1065,
			1066,
			1067,
			1068,
			1081,
			1083,
			2646,
			2647,
			2664,
			2665,
			2666,
			2667,
			2685,
			2686,
			2687,
			2688,
			2759,
			2760,
			2761,
			2762,
			2773,
			2774,
			2775,
			2776,
			2798,
			2799,
			2800,
			2801,
			2802,
			2803,
			2804,
			2805
		],
		"role_ids": [
			22
		],
		"start_date": "2022-01-13",
		"title": {
			"en_US": "Representante a la Cámara por el departamento de Cesar"
		}
	},
	{
		"area_id": 23,
		"election_identifier": "CO-CE-REGIONAL-LEGISLATIVE-runoff-2022",
		"end_date": "2022-03-11",
		"id": 23,
		"membership_id_winner": "",
		"person_ids": [
			2377,
			2378,
			2379,
			2380,
			2381,
			2382,
			2383,
			2384,
			2443,
			2444,
			2445,
			2446
		],
		"role_ids": [
			23
		],
		"start_date": "2022-01-13",
		"title": {
			"en_US": "Representante a la Cámara por el departamento de Chocó"
		}
	},
	{
		"area_id": 24,
		"election_identifier": "CO-CH-REGIONAL-LEGISLATIVE-runoff-2022",
		"end_date": "2022-03-11",
		"id": 24,
		"membership_id_winner": "",
		"person_ids": [
			935,
			939,
			945,
			962,
			976,
			984,
			991,
			994,
			1002,
			1103,
			1113,
			1119,
			1129,
			1133,
			1138,
			1145,
			1151,
			1370,
			1437,
			1440,
			1452,
			1453,
			2806
		],
		"role_ids": [
			24
		],
		"start_date": "2022-01-13",
		"title": {
			"en_US": "Representante a la Cámara por el departamento de Córdoba"
		}
	},
	{
		"area_id": 25,
		"election_identifier": "CO-CR-REGIONAL-LEGISLATIVE-runoff-2022",
		"end_date": "2022-03-11",
		"id": 25,
		"membership_id_winner": "",
		"person_ids": [
			929,
			1455,
			1462,
			1474,
			1475,
			1477,
			1478,
			1487,
			1488,
			1493,
			1494,
			1496,
			1497,
			1498,
			1500,
			1660,
			1663,
			1664,
			1666,
			1670,
			1672,
			1675,
			1687,
			1704,
			1710,
			1711,
			1736,
			1739,
			1740,
			1741,
			1743,
			1798,
			1799,
			1800,
			1801,
			1802,
			1803,
			1804,
			1805,
			1806,
			1807,
			1808,
			1809,
			1810,
			1811,
			1812,
			1813,
			1814,
			1815,
			1816,
			1817,
			1818,
			1819,
			1820,
			1821,
			1868,
			1869,
			1870,
			1871,
			1872,
			1873,
			1874,
			2021,
			2029,
			2065,
			2066,
			2067,
			2068,
			2069
		],
		"role_ids": [
			25
		],
		"start_date": "2022-01-13",
		"title": {
			"en_US": "Representante a la Cámara por el departamento de Cundinamarca"
		}
	},
	{
		"area_id": 26,
		"election_identifier": "CO-CD-REGIONAL-LEGISLATIVE-runoff-2022",
		"end_date": "2022-03-11",
		"id": 26,
		"membership_id_winner": "",
		"person_ids": [
			1016,
			1023,
			1025,
			1026,
			1028,
			1031,
			1032,
			1102,
			1111,
			1117,
			1126,
			1146,
			1166,
			1167,
			1168
		],
		"role_ids": [
			26
		],
		"start_date": "2022-01-13",
		"title": {
			"en_US": "Representante a la Cámara por el departamento de Guainía"
		}
	},
	{
		"area_id": 27,
		"election_identifier": "CO-GU-REGIONAL-LEGISLATIVE-runoff-2022",
		"end_date": "2022-03-11",
		"id": 27,
		"membership_id_winner": "",
		"person_ids": [
			1826,
			1827,
			1828,
			1830,
			1832,
			1834,
			1835,
			1837,
			1838,
			1841,
			1843,
			1844
		],
		"role_ids": [
			27
		],
		"start_date": "2022-01-13",
		"title": {
			"en_US": "Representante a la Cámara por el departamento de Guaviare"
		}
	},
	{
		"area_id": 28,
		"election_identifier": "CO-GV-REGIONAL-LEGISLATIVE-runoff-2022",
		"end_date": "2022-03-11",
		"id": 28,
		"membership_id_winner": "",
		"person_ids": [
			2447,
			2448,
			2449,
			2450,
			2451,
			2452,
			2488,
			2586,
			2597,
			2598,
			2599,
			2600,
			2601,
			2602,
			2603,
			2604,
			2605,
			2606,
			2693,
			2694,
			2695,
			2696,
			2697,
			2698,
			2699,
			2700,
			2701,
			2702,
			2823,
			2824
		],
		"role_ids": [
			28
		],
		"start_date": "2022-01-13",
		"title": {
			"en_US": "Representante a la Cámara por el departamento de Huila"
		}
	},
	{
		"area_id": 29,
		"election_identifier": "CO-HL-REGIONAL-LEGISLATIVE-runoff-2022",
		"end_date": "2022-03-11",
		"id": 29,
		"membership_id_winner": "",
		"person_ids": [
			946,
			972,
			983,
			996,
			2750,
			2751,
			2752,
			2753,
			2754,
			2755,
			2756,
			2757,
			2758,
			2793,
			2794,
			2795,
			2796,
			2797
		],
		"role_ids": [
			29
		],
		"start_date": "2022-01-13",
		"title": {
			"en_US": "Representante a la Cámara por el departamento de La Guajira"
		}
	},
	{
		"area_id": 30,
		"election_identifier": "CO-LG-REGIONAL-LEGISLATIVE-runoff-2022",
		"end_date": "2022-03-11",
		"id": 30,
		"membership_id_winner": "",
		"person_ids": [
			2181,
			2182,
			2183,
			2184,
			2185,
			2186,
			2187,
			2188,
			2189,
			2190,
			2553,
			2554,
			2555,
			2556,
			2557,
			2558,
			2559,
			2560,
			2561,
			2562,
			2636,
			2637,
			2638,
			2639,
			2640,
			2641,
			2777,
			2778,
			2779,
			2780,
			2781,
			2782,
			2783,
			2784,
			2825,
			2826
		],
		"role_ids": [
			30
		],
		"start_date": "2022-01-13",
		"title": {
			"en_US": "Representante a la Cámara por el departamento de Magdalena"
		}
	},
	{
		"area_id": 31,
		"election_identifier": "CO-MG-REGIONAL-LEGISLATIVE-runoff-2022",
		"end_date": "2022-03-11",
		"id": 31,
		"membership_id_winner": "",
		"person_ids": [
			1169,
			1421,
			1433,
			1436,
			1438,
			1463,
			1467,
			1476,
			1688,
			1705,
			1706,
			1708,
			1714,
			1737,
			1744,
			1794,
			1822,
			1823,
			1824,
			1825
		],
		"role_ids": [
			31
		],
		"start_date": "2022-01-13",
		"title": {
			"en_US": "Representante a la Cámara por el departamento de Meta"
		}
	},
	{
		"area_id": 32,
		"election_identifier": "CO-ME-REGIONAL-LEGISLATIVE-runoff-2022",
		"end_date": "2022-03-11",
		"id": 32,
		"membership_id_winner": "",
		"person_ids": [
			961,
			964,
			967,
			975,
			978,
			985,
			990,
			998,
			1019,
			1020,
			1022,
			1024,
			1027,
			1029,
			1030,
			1033,
			1034,
			1035,
			1036,
			1037,
			1038,
			1039,
			2628,
			2629,
			2630,
			2631,
			2632,
			2642,
			2643,
			2644,
			2645,
			2653,
			2654,
			2655,
			2656,
			2657,
			2658,
			2659,
			2660,
			2661,
			2662,
			2676,
			2677,
			2683,
			2691,
			2703,
			2704,
			2705,
			2827,
			2828,
			2829,
			2830,
			2831
		],
		"role_ids": [
			32
		],
		"start_date": "2022-01-13",
		"title": {
			"en_US": "Representante a la Cámara por el departamento de Nariño"
		}
	},
	{
		"area_id": 33,
		"election_identifier": "CO-NA-REGIONAL-LEGISLATIVE-runoff-2022",
		"end_date": "2022-03-11",
		"id": 33,
		"membership_id_winner": "",
		"person_ids": [
			982,
			993,
			997,
			1005,
			1007,
			1013,
			1099,
			1106,
			1109,
			1112,
			1116,
			1122,
			1127,
			1132,
			1135,
			1137,
			1142,
			1147,
			1148,
			1153,
			1155,
			1259,
			1260,
			1261,
			1262,
			1263,
			1264,
			1265,
			1266,
			1267,
			1268,
			1269,
			1270,
			1271,
			1272,
			1273,
			1274,
			1275,
			1276,
			1277,
			1278,
			1279,
			1280
		],
		"role_ids": [
			33
		],
		"start_date": "2022-01-13",
		"title": {
			"en_US": "Representante a la Cámara por el departamento de Norte Santander"
		}
	},
	{
		"area_id": 34,
		"election_identifier": "CO-NS-REGIONAL-LEGISLATIVE-runoff-2022",
		"end_date": "2022-03-11",
		"id": 34,
		"membership_id_winner": "",
		"person_ids": [
			2287,
			2294,
			2296,
			2299,
			2300,
			2301,
			2302,
			2303,
			2304,
			2305,
			2306,
			2307,
			2308,
			2309,
			2310,
			2463,
			2464,
			2465
		],
		"role_ids": [
			34
		],
		"start_date": "2022-01-13",
		"title": {
			"en_US": "Representante a la Cámara por el departamento de Putumayo"
		}
	},
	{
		"area_id": 35,
		"election_identifier": "CO-PU-REGIONAL-LEGISLATIVE-runoff-2022",
		"end_date": "2022-03-11",
		"id": 35,
		"membership_id_winner": "",
		"person_ids": [
			1541,
			1542,
			1543,
			1544,
			1545,
			1546,
			1547,
			1548,
			1549,
			1550,
			1551,
			1552,
			1553,
			1554,
			1555,
			1556,
			1557,
			1558,
			1559,
			1560,
			1561,
			1562,
			1563
		],
		"role_ids": [
			35
		],
		"start_date": "2022-01-13",
		"title": {
			"en_US": "Representante a la Cámara por el departamento de Quindío"
		}
	},
	{
		"area_id": 36,
		"election_identifier": "CO-QU-REGIONAL-LEGISLATIVE-runoff-2022",
		"end_date": "2022-03-11",
		"id": 36,
		"membership_id_winner": "",
		"person_ids": [
			904,
			923,
			926,
			927,
			936,
			952,
			953,
			959,
			965,
			974,
			2471,
			2472,
			2478,
			2479,
			2480,
			2481,
			2550,
			2551,
			2552,
			2563,
			2564,
			2565,
			2566,
			2590,
			2591,
			2592,
			2593,
			2609,
			2610,
			2611,
			2612
		],
		"role_ids": [
			36
		],
		"start_date": "2022-01-13",
		"title": {
			"en_US": "Representante a la Cámara por el departamento de Risaralda"
		}
	},
	{
		"area_id": 37,
		"election_identifier": "CO-RI-REGIONAL-LEGISLATIVE-runoff-2022",
		"end_date": "2022-03-11",
		"id": 37,
		"membership_id_winner": "",
		"person_ids": [
			1845,
			1924,
			1925,
			1926,
			1929,
			1931,
			1932,
			1938,
			1939,
			1941,
			1943,
			1951,
			1962
		],
		"role_ids": [
			37
		],
		"start_date": "2022-01-13",
		"title": {
			"en_US": "Representante a la Cámara por el departamento de San Andrés y Providencia"
		}
	},
	{
		"area_id": 38,
		"election_identifier": "CO-IS-REGIONAL-LEGISLATIVE-runoff-2022",
		"end_date": "2022-03-11",
		"id": 38,
		"membership_id_winner": "",
		"person_ids": [
			1399,
			1531,
			1532,
			1533,
			1534,
			1535,
			1536,
			1537,
			1538,
			1539,
			1540,
			1564,
			1565,
			1566,
			1567,
			1568,
			1569,
			1570,
			1571,
			1572,
			1573,
			1574,
			1575,
			1576,
			1577,
			1578,
			1579,
			1580,
			1581,
			1582,
			1583,
			1584,
			1585,
			1586,
			1587,
			1689,
			1690,
			1691,
			1692,
			1693,
			1694,
			1695,
			1696,
			1697,
			1698,
			1699,
			1700,
			1701,
			1702,
			2032,
			2033,
			2034,
			2035,
			2036,
			2037,
			2038,
			2039,
			2040,
			2041,
			2042
		],
		"role_ids": [
			38
		],
		"start_date": "2022-01-13",
		"title": {
			"en_US": "Representante a la Cámara por el departamento de Santander"
		}
	},
	{
		"area_id": 39,
		"election_identifier": "CO-ST-REGIONAL-LEGISLATIVE-runoff-2022",
		"end_date": "2022-03-11",
		"id": 39,
		"membership_id_winner": "",
		"person_ids": [
			2043,
			2044,
			2045,
			2046,
			2047,
			2048,
			2049,
			2050,
			2051,
			2052,
			2053,
			2054,
			2055,
			2056,
			2057,
			2058,
			2059,
			2142,
			2143,
			2144,
			2145,
			2146,
			2147
		],
		"role_ids": [
			39
		],
		"start_date": "2022-01-13",
		"title": {
			"en_US": "Representante a la Cámara por el departamento de Sucre"
		}
	},
	{
		"area_id": 40,
		"election_identifier": "CO-SU-REGIONAL-LEGISLATIVE-runoff-2022",
		"end_date": "2022-03-11",
		"id": 40,
		"membership_id_winner": "",
		"person_ids": [
			8,
			931,
			942,
			963,
			979,
			988,
			1009,
			1017,
			1018,
			1059,
			1060,
			2385,
			2386,
			2387,
			2388,
			2389,
			2390,
			2391,
			2392,
			2393,
			2394,
			2395,
			2396,
			2397,
			2398,
			2399,
			2400,
			2401,
			2402,
			2403,
			2404,
			2405,
			2406,
			2407,
			2408,
			2422,
			2423,
			2424,
			2425,
			2426,
			2427,
			2428,
			2429,
			2430,
			2431,
			2432,
			2433,
			2434,
			2435,
			2436,
			2437,
			2438
		],
		"role_ids": [
			40
		],
		"start_date": "2022-01-13",
		"title": {
			"en_US": "Representante a la Cámara por el departamento del Tolima"
		}
	},
	{
		"area_id": 41,
		"election_identifier": "CO-TO-REGIONAL-LEGISLATIVE-runoff-2022",
		"end_date": "2022-03-11",
		"id": 41,
		"membership_id_winner": "",
		"person_ids": [
			9,
			922,
			934,
			938,
			943,
			947,
			958,
			1061,
			1101,
			1115,
			1130,
			1139,
			1156,
			1157,
			1158,
			1159,
			1160,
			1161,
			1162,
			1163,
			1164,
			1165,
			1171,
			1172,
			1173,
			1175,
			1204,
			1207,
			1210,
			1222,
			1225,
			1226,
			1229,
			1234,
			1236,
			1239,
			1240,
			1242,
			1244,
			1246,
			1281,
			1282,
			1283,
			1285,
			1379,
			1479,
			1480,
			1481,
			1482,
			1483,
			1484,
			1485,
			1486,
			1507,
			1508,
			1509,
			1510,
			1511,
			1512,
			1513,
			1514,
			1594,
			1595,
			1596,
			1597,
			1598,
			1599,
			1600,
			1601,
			1602,
			1603,
			1604,
			1605,
			1606,
			1846,
			1847,
			1848,
			1855,
			1856,
			1857,
			1858,
			1859,
			1860,
			1887,
			1888,
			1889,
			1890,
			1891,
			1892,
			1893,
			1911,
			1912,
			1913,
			1914,
			1915,
			1916,
			1917,
			1918,
			1919,
			1920,
			1921,
			1922,
			1923,
			2027,
			2028,
			2074,
			2075,
			2076,
			2077,
			2078,
			2079,
			2080,
			2081,
			2082,
			2083,
			2084,
			2085,
			2086,
			2409,
			2410,
			2411,
			2412,
			2413,
			2414,
			2415,
			2416,
			2417,
			2418,
			2419,
			2420,
			2421
		],
		"role_ids": [
			41
		],
		"start_date": "2022-01-13",
		"title": {
			"en_US": "Representante a la Cámara por el departamento del Valle del Cauca"
		}
	},
	{
		"area_id": 42,
		"election_identifier": "CO-VC-REGIONAL-LEGISLATIVE-runoff-2022",
		"end_date": "2022-03-11",
		"id": 42,
		"membership_id_winner": "",
		"person_ids": [
			2473,
			2474,
			2475,
			2476,
			2477,
			2482,
			2567,
			2574,
			2575,
			2576,
			2577,
			2582
		],
		"role_ids": [
			42
		],
		"start_date": "2022-01-13",
		"title": {
			"en_US": "Representante a la Cámara por el departamento del Vaupés"
		}
	},
	{
		"area_id": 43,
		"election_identifier": "CO-VP-REGIONAL-LEGISLATIVE-runoff-2022",
		"end_date": "2022-03-11",
		"id": 43,
		"membership_id_winner": "",
		"person_ids": [
			2583,
			2584,
			2585,
			2587,
			2588,
			2589,
			2594,
			2595,
			2596,
			2607,
			2608,
			2613,
			2614,
			2615,
			2620,
			2621,
			2622,
			2623
		],
		"role_ids": [
			43
		],
		"start_date": "2022-01-13",
		"title": {
			"en_US": "Representante a la Cámara por el departamento del Vichada"
		}
	},
	{
		"area_id": 44,
		"election_identifier": "CO-VI-REGIONAL-LEGISLATIVE-runoff-2022",
		"end_date": "2022-03-11",
		"id": 44,
		"membership_id_winner": "",
		"person_ids": [
			1094,
			1107,
			1120,
			1141,
			1152,
			1495,
			1499,
			1658,
			1659,
			1661,
			1662,
			1665,
			1667,
			1668,
			1669,
			1671,
			1673,
			1674,
			1676,
			1703,
			1707,
			1709,
			1712,
			1713,
			1738,
			1742,
			1829,
			1831,
			1833,
			1836,
			1839,
			1840,
			1842,
			1854,
			1861,
			1862,
			1863,
			1864,
			1865,
			1866,
			1867,
			1875,
			1876,
			1877,
			1878,
			1879,
			1880,
			1881,
			1882,
			1883,
			1884,
			1885,
			1886,
			1894,
			1895,
			1896,
			1897,
			1898,
			1899,
			1900,
			1901,
			1902,
			1903,
			1904,
			1905,
			1927,
			1928,
			1940,
			1944,
			1945,
			1946,
			1947,
			1948,
			1949,
			1950,
			1952,
			1964,
			1982,
			1983,
			1984,
			1985,
			1986,
			1987,
			1988,
			1989,
			1990,
			1991,
			2022,
			2023,
			2025,
			2030,
			2031,
			2071,
			2072,
			2073,
			2088,
			2089,
			2090,
			2091,
			2092,
			2093,
			2094,
			2095,
			2096,
			2097,
			2098,
			2099,
			2100,
			2101,
			2102,
			2104,
			2112,
			2113,
			2114,
			2116,
			2117,
			2118,
			2125,
			2126,
			2127,
			2128,
			2129,
			2130,
			2131,
			2132,
			2133,
			2134,
			2135,
			2136,
			2138,
			2139,
			2141,
			2160,
			2169,
			2170,
			2171,
			2211,
			2212,
			2213,
			2214,
			2215,
			2216,
			2217,
			2218,
			2219,
			2220,
			2221,
			2222,
			2223,
			2224,
			2225,
			2226,
			2227,
			2228,
			2229,
			2230,
			2231,
			2232,
			2233,
			2234,
			2235,
			2282,
			2284,
			2332,
			2333,
			2360,
			2361,
			2362,
			2363,
			2364,
			2365,
			2366,
			2367,
			2368,
			2369,
			2370,
			2371,
			2372
		],
		"role_ids": [
			44
		],
		"start_date": "2022-01-13",
		"title": {
			"en_US": "Representante a la Cámara por Bogotá"
		}
	},
	{
		"area_id": 45,
		"election_identifier": "CO-BO-REGIONAL-LEGISLATIVE-runoff-2022",
		"end_date": "2022-03-11",
		"id": 45,
		"membership_id_winner": "",
		"person_ids": [
			905,
			930,
			944,
			948,
			966,
			973,
			977,
			986,
			992,
			1000,
			1003,
			1008,
			1010,
			1014,
			1086,
			1100,
			1104,
			1105,
			1108,
			1114,
			1118,
			1123,
			1125,
			1128,
			1134,
			1140,
			1143,
			1149,
			1178,
			1179,
			1180,
			1181,
			1182,
			1183,
			1184,
			1185,
			1186,
			1187,
			1189,
			1190,
			1191,
			1192,
			1193,
			1194,
			1195,
			1196,
			1197,
			1198,
			1213,
			1214,
			1215,
			1216,
			1217,
			1218,
			1219,
			1220,
			1221,
			1295,
			1296,
			1297,
			1298,
			1299,
			1300,
			1301,
			1302,
			1303,
			1304,
			1305,
			1306,
			1307,
			1308,
			1309,
			1310,
			1311,
			1312,
			1313,
			1314,
			1315,
			1316,
			1319,
			1320,
			1321,
			1322,
			1334,
			1335,
			1336,
			1337,
			1338,
			1339,
			1340,
			1341,
			1342,
			1343,
			1366,
			1368,
			1369,
			1371,
			1372,
			1380,
			1381,
			1383,
			1628,
			1629,
			1630,
			1631,
			1632,
			1633,
			1634,
			1635,
			1636,
			1637,
			1638,
			1639,
			1640,
			1641,
			1642,
			1643,
			1644,
			1645,
			1646,
			1647,
			1648,
			1649,
			1650,
			1651,
			1652,
			1653,
			1654,
			1655,
			1656,
			1657,
			1728,
			1729,
			1730,
			1731,
			1732,
			1733,
			1734,
			1735,
			1745,
			1746,
			1747,
			1748,
			1749,
			1750,
			1751,
			1752,
			1753,
			1754,
			1755,
			1756,
			1757,
			1758,
			1759,
			1760,
			1761,
			1762,
			1763,
			1764,
			1765,
			1766,
			1767,
			1768,
			1769,
			1770,
			1771,
			1772,
			1773,
			1774,
			1775,
			1776,
			1777,
			1778,
			1779,
			1780,
			1781,
			1782,
			1783,
			1784,
			1785,
			1786,
			1787,
			1788,
			1789,
			1790,
			1791,
			1792,
			1793,
			1942,
			1953,
			1954,
			1955,
			1956,
			1957,
			1958,
			1959,
			1960,
			1961,
			2000,
			2001,
			2002,
			2003,
			2004,
			2005,
			2006,
			2007,
			2008,
			2009,
			2010,
			2011,
			2012,
			2013,
			2014,
			2015,
			2016,
			2017,
			2018,
			2019,
			2020,
			2148,
			2149,
			2150,
			2151,
			2152,
			2153,
			2154,
			2155,
			2156,
			2157,
			2158,
			2159,
			2238,
			2239,
			2240,
			2241,
			2242,
			2243,
			2244,
			2245,
			2246,
			2247,
			2248,
			2249,
			2250,
			2251,
			2252,
			2253,
			2254,
			2255,
			2256,
			2257,
			2258,
			2259,
			2260,
			2261,
			2262,
			2263,
			2264,
			2265,
			2266,
			2267,
			2268,
			2269,
			2270,
			2271,
			2272,
			2273,
			2274,
			2275,
			2334,
			2335,
			2336,
			2337,
			2338,
			2339,
			2340,
			2341,
			2342,
			2343,
			2344,
			2345,
			2346,
			2347,
			2348,
			2349,
			2350,
			2351,
			2352,
			2353,
			2354,
			2355,
			2356,
			2357,
			2358,
			2359,
			2453,
			2454,
			2455,
			2456,
			2457,
			2458,
			2459,
			2460,
			2461,
			2462,
			2489,
			2490,
			2491,
			2492,
			2493,
			2494,
			2495,
			2496,
			2497,
			2498,
			2499,
			2500,
			2501,
			2502,
			2503,
			2504,
			2505,
			2506,
			2507,
			2508,
			2509,
			2510,
			2511,
			2512,
			2513,
			2514,
			2515,
			2516,
			2517,
			2518,
			2519,
			2520,
			2521,
			2522,
			2523,
			2524,
			2525,
			2526,
			2527,
			2528,
			2529,
			2530,
			2531,
			2532,
			2533,
			2534,
			2535,
			2536,
			2537,
			2538,
			2539,
			2540,
			2541,
			2542,
			2543,
			2544,
			2545
		],
		"role_ids": [
			45
		],
		"start_date": "2022-01-13",
		"title": {
			"en_US": "Representante a la Cámara curules para las Víctimas"
		}
	}
]