[
	{
		"id": 1,
		"name": "El Chaman",
		"other_name_type": "ballot_name",
		"person_id": "co-12"
	},
	{
		"id": 2,
		"name": "Samy Senador",
		"other_name_type": "ballot_name",
		"person_id": "co-15"
	},
	{
		"id": 3,
		"name": "Kike Cabrales",
		"other_name_type": "ballot_name",
		"person_id": "co-182"
	},
	{
		"id": 4,
		"name": "Angelo Gravier Santana ",
		"other_name_type": "ballot_name",
		"person_id": "co-215"
	},
	{
		"id": 5,
		"name": "Tito Díaz",
		"other_name_type": "ballot_name",
		"person_id": "co-238"
	},
	{
		"id": 6,
		"name": "Johnny Besaile",
		"other_name_type": "ballot_name",
		"person_id": "co-252"
	},
	{
		"id": 7,
		"name": "Toño ",
		"other_name_type": "ballot_name",
		"person_id": "co-280"
	},
	{
		"id": 8,
		"name": "Manguito",
		"other_name_type": "ballot_name",
		"person_id": "co-284"
	},
	{
		"id": 9,
		"name": "Alexander Ramirez",
		"other_name_type": "ballot_name",
		"person_id": "co-321"
	},
	{
		"id": 10,
		"name": "Padre Huérfano",
		"other_name_type": "ballot_name",
		"person_id": "co-407"
	},
	{
		"id": 11,
		"name": "La dama de hierro",
		"other_name_type": "ballot_name",
		"person_id": "co-472"
	},
	{
		"id": 12,
		"name": "Mauro",
		"other_name_type": "ballot_name",
		"person_id": "co-557"
	},
	{
		"id": 13,
		"name": "Paco",
		"other_name_type": "ballot_name",
		"person_id": "co-565"
	},
	{
		"id": 14,
		"name": "El Tunjo",
		"other_name_type": "ballot_name",
		"person_id": "co-566"
	},
	{
		"id": 15,
		"name": "Colombonauta",
		"other_name_type": "ballot_name",
		"person_id": "co-592"
	},
	{
		"id": 16,
		"name": "Mistertanga",
		"other_name_type": "ballot_name",
		"person_id": "co-619"
	},
	{
		"id": 17,
		"name": "Juanchito Acuña",
		"other_name_type": "ballot_name",
		"person_id": "co-643"
	},
	{
		"id": 18,
		"name": "Rosita",
		"other_name_type": "ballot_name",
		"person_id": "co-699"
	},
	{
		"id": 19,
		"name": "Efe Hellman",
		"other_name_type": "ballot_name",
		"person_id": "co-742"
	},
	{
		"id": 20,
		"name": "Bambú",
		"other_name_type": "ballot_name",
		"person_id": "co-755"
	},
	{
		"id": 21,
		"name": "Miyu Alarcón",
		"other_name_type": "ballot_name",
		"person_id": "co-816"
	},
	{
		"id": 22,
		"name": "Rubén Zamora",
		"other_name_type": "ballot_name",
		"person_id": "co-856"
	},
	{
		"id": 23,
		"name": "Ricardo Humano",
		"other_name_type": "ballot_name",
		"person_id": "co-877"
	},
	{
		"id": 24,
		"name": "Chiky",
		"other_name_type": "ballot_name",
		"person_id": "co-1030"
	},
	{
		"id": 25,
		"name": "Guillo",
		"other_name_type": "ballot_name",
		"person_id": "co-1087"
	},
	{
		"id": 26,
		"name": "Happy Becerra",
		"other_name_type": "ballot_name",
		"person_id": "co-1091"
	},
	{
		"id": 27,
		"name": "El Nene",
		"other_name_type": "ballot_name",
		"person_id": "co-1111"
	},
	{
		"id": 28,
		"name": "La reina del porro",
		"other_name_type": "ballot_name",
		"person_id": "co-1138"
	},
	{
		"id": 29,
		"name": "Titi Burgos ",
		"other_name_type": "ballot_name",
		"person_id": "co-1145"
	},
	{
		"id": 30,
		"name": "El Profe",
		"other_name_type": "ballot_name",
		"person_id": "co-1206"
	},
	{
		"id": 31,
		"name": "Yamilito",
		"other_name_type": "ballot_name",
		"person_id": "co-1228"
	},
	{
		"id": 32,
		"name": "Mono Sánchez",
		"other_name_type": "ballot_name",
		"person_id": "co-1290"
	},
	{
		"id": 33,
		"name": "Yoyo Tovar",
		"other_name_type": "ballot_name",
		"person_id": "co-1300"
	},
	{
		"id": 34,
		"name": "Peyo",
		"other_name_type": "ballot_name",
		"person_id": "co-1342"
	},
	{
		"id": 35,
		"name": "Susana Boreal",
		"other_name_type": "ballot_name",
		"person_id": "co-1389"
	},
	{
		"id": 36,
		"name": "Joche",
		"other_name_type": "ballot_name",
		"person_id": "co-1440"
	},
	{
		"id": 37,
		"name": "El Mono",
		"other_name_type": "ballot_name",
		"person_id": "co-1443"
	},
	{
		"id": 38,
		"name": "Turo",
		"other_name_type": "ballot_name",
		"person_id": "co-1468"
	},
	{
		"id": 39,
		"name": "Menchita",
		"other_name_type": "ballot_name",
		"person_id": "co-1478"
	},
	{
		"id": 40,
		"name": "Azul Rey",
		"other_name_type": "ballot_name",
		"person_id": "co-1500"
	},
	{
		"id": 41,
		"name": "Sergio Marín ",
		"other_name_type": "ballot_name",
		"person_id": "co-1658"
	},
	{
		"id": 42,
		"name": "Linitha",
		"other_name_type": "ballot_name",
		"person_id": "co-1704"
	},
	{
		"id": 43,
		"name": "Profe Diego Rivera",
		"other_name_type": "ballot_name",
		"person_id": "co-1881"
	},
	{
		"id": 44,
		"name": "LaMorales",
		"other_name_type": "ballot_name",
		"person_id": "co-1895"
	},
	{
		"id": 45,
		"name": "José Luis Tv yo",
		"other_name_type": "ballot_name",
		"person_id": "co-1913"
	},
	{
		"id": 46,
		"name": "Profe Gonzáles",
		"other_name_type": "ballot_name",
		"person_id": "co-1917"
	},
	{
		"id": 47,
		"name": "Profe Olivero Hoyos",
		"other_name_type": "ballot_name",
		"person_id": "co-1918"
	},
	{
		"id": 48,
		"name": "Masco",
		"other_name_type": "ballot_name",
		"person_id": "co-1962"
	},
	{
		"id": 49,
		"name": "Chechy",
		"other_name_type": "ballot_name",
		"person_id": "co-1967"
	},
	{
		"id": 50,
		"name": "El Profe",
		"other_name_type": "ballot_name",
		"person_id": "co-2109"
	},
	{
		"id": 51,
		"name": "Gabo",
		"other_name_type": "ballot_name",
		"person_id": "co-2127"
	},
	{
		"id": 52,
		"name": "Chano",
		"other_name_type": "ballot_name",
		"person_id": "co-2176"
	},
	{
		"id": 53,
		"name": "Chucho Ospina",
		"other_name_type": "ballot_name",
		"person_id": "co-2178"
	},
	{
		"id": 54,
		"name": "Pipe Chacín",
		"other_name_type": "ballot_name",
		"person_id": "co-2188"
	},
	{
		"id": 55,
		"name": "La Voz del Sur",
		"other_name_type": "ballot_name",
		"person_id": "co-2198"
	},
	{
		"id": 56,
		"name": "Zar anticorrupción",
		"other_name_type": "ballot_name",
		"person_id": "co-2215"
	},
	{
		"id": 57,
		"name": "Chechere",
		"other_name_type": "ballot_name",
		"person_id": "co-2298"
	},
	{
		"id": 58,
		"name": "Tito Torres",
		"other_name_type": "ballot_name",
		"person_id": "co-2377"
	},
	{
		"id": 59,
		"name": "Pacho Vidal",
		"other_name_type": "ballot_name",
		"person_id": "co-2378"
	},
	{
		"id": 60,
		"name": "Pime",
		"other_name_type": "ballot_name",
		"person_id": "co-2418"
	},
	{
		"id": 61,
		"name": "El Profe",
		"other_name_type": "ballot_name",
		"person_id": "co-2444"
	},
	{
		"id": 62,
		"name": "Tito Murcia ",
		"other_name_type": "ballot_name",
		"person_id": "co-2450"
	},
	{
		"id": 63,
		"name": "La profe Leyla",
		"other_name_type": "ballot_name",
		"person_id": "co-2451"
	},
	{
		"id": 64,
		"name": "La Tata Franco",
		"other_name_type": "ballot_name",
		"person_id": "co-2471"
	},
	{
		"id": 65,
		"name": "Florita Perdomo",
		"other_name_type": "ballot_name",
		"person_id": "co-2602"
	},
	{
		"id": 66,
		"name": "El papá Noel del Huila",
		"other_name_type": "ballot_name",
		"person_id": "co-2603"
	},
	{
		"id": 67,
		"name": "Chelito",
		"other_name_type": "ballot_name",
		"person_id": "co-2636"
	},
	{
		"id": 68,
		"name": "Nacho Suárez",
		"other_name_type": "ballot_name",
		"person_id": "co-2688"
	},
	{
		"id": 69,
		"name": "Don Panelo",
		"other_name_type": "ballot_name",
		"person_id": "co-2702"
	},
	{
		"id": 70,
		"name": "Hilary",
		"other_name_type": "ballot_name",
		"person_id": "co-2705"
	},
	{
		"id": 71,
		"name": "Juanlo",
		"other_name_type": "ballot_name",
		"person_id": "co-2751"
	},
	{
		"id": 72,
		"name": "Pello Pello",
		"other_name_type": "ballot_name",
		"person_id": "co-2756"
	},
	{
		"id": 73,
		"name": "El profe",
		"other_name_type": "ballot_name",
		"person_id": "co-2821"
	},
	{
		"id": 74,
		"name": "LuisMi",
		"other_name_type": "ballot_name",
		"person_id": "co-2825"
	}
]